source_circuit,target_circuit,seed,source_aspect_ratio,target_grid_w,target_grid_h,n_blocks_transferred,n_blocks_random,area_mwta,delay_ns,power_w,adp,adp_reduction_pct,vtr_success,vtr_seconds,cached,dsp_coords,bram_coords,source
mkDelayWorker32B,custom_macbuf,42,0.9,12,12,4,0,237211.0,13.5304,0.005053,16217.9052368632,63.55789809990854,True,11.4,False,"[[3, 2], [4, 2], [5, 2]]","[[1, 3]]",data_export3/tools/f1.py transfer_actions(); source floorplan from data_export/logs/det_actions_and_timing.json
lightweight_cipher,custom_macbuf,42,0.9,12,12,3,1,408713.0,14.4315,0.006192,36522.531555623995,17.932815788435086,True,8.31,False,"[[6, 2], [7, 2], [1, 9]]","[[2, 2]]",data_export3/tools/f1.py transfer_actions(); source floorplan from data_export/logs/det_actions_and_timing.json
reduction_layer,custom_macbuf,42,0.9,12,12,4,0,244630.0,13.2658,0.005124,16628.469639096,62.635348019352534,True,8.49,False,"[[4, 2], [3, 3], [5, 2]]","[[1, 3]]",data_export3/tools/f1.py transfer_actions(); source floorplan from data_export/logs/det_actions_and_timing.json
mkDelayWorker32B,lightweight_cipher,42,0.9,12,12,3,0,309813.0,3.47295,0.02047,22025.0047444245,38.07803601135553,True,7.18,False,[],"[[1, 3], [3, 2], [4, 2]]",data_export3/tools/f1.py transfer_actions(); source floorplan from data_export/logs/det_actions_and_timing.json
custom_macbuf,lightweight_cipher,42,0.8,12,12,3,0,336155.0,3.61356,0.02035,24719.47592763,30.502693825918424,True,9.49,False,[],"[[7, 2], [3, 6], [2, 6]]",data_export3/tools/f1.py transfer_actions(); source floorplan from data_export/logs/det_actions_and_timing.json
arm_core,custom_macbuf,42,0.9,12,12,4,0,266102.0,13.5534,0.005366,19352.9450199288,56.51337307853688,True,6.98,False,"[[4, 2], [5, 3], [3, 5]]","[[1, 4]]",data_export3/tools/f1.py transfer_actions(); source floorplan from data_export/logs/det_actions_and_timing.json
reduction_layer,lightweight_cipher,42,0.9,12,12,3,0,309833.0,3.39882,0.02091,22019.622544524602,38.09316773969105,True,8.47,False,[],"[[1, 3], [4, 2], [3, 3]]",data_export3/tools/f1.py transfer_actions(); source floorplan from data_export/logs/det_actions_and_timing.json
arm_core,lightweight_cipher,42,0.9,12,12,3,0,309740.0,3.51746,0.02023,22040.545761891997,38.0343433840378,True,5.51,False,[],"[[1, 4], [4, 2], [5, 3]]",data_export3/tools/f1.py transfer_actions(); source floorplan from data_export/logs/det_actions_and_timing.json
reduction_layer,mkDelayWorker32B,42,0.9,48,48,32,11,7519470.0,7.4643,0.1681,9435046.184720099,-11.319518408472673,True,43.77,False,[],"[[2, 10], [12, 4], [15, 8], [14, 4], [9, 16], [16, 9], [11, 2], [8, 16], [2, 20], [24, 18], [3, 9], [1, 3], [6, 19], [22, 7], [17, 16], [11, 18], [10, 7], [14, 19], [18, 20], [19, 22], [7, 2], [22, 14], [23, 18], [2, 2], [9, 4], [23, 3], [16, 1], [8, 4], [7, 16], [20, 17], [6, 1], [4, 2], [34, 7], [40, 26], [26, 9], [15, 19], [45, 35], [24, 3], [41, 32], [33, 24], [44, 41], [41, 8], [45, 18]]",data_export3/tools/f1.py transfer_actions(); source floorplan from data_export/logs/det_actions_and_timing.json
custom_macbuf,mkDelayWorker32B,42,0.8,48,48,4,39,9485080.0,8.46186,0.1698,13628388.95448624,-60.79472907654486,True,50.56,False,[],"[[27, 5], [10, 22], [5, 22], [22, 14], [31, 43], [39, 14], [22, 31], [12, 40], [45, 14], [20, 12], [40, 29], [31, 19], [44, 16], [39, 43], [44, 38], [28, 18], [22, 4], [37, 18], [13, 7], [40, 22], [48, 32], [20, 6], [2, 34], [36, 11], [4, 40], [10, 30], [1, 34], [25, 7], [31, 12], [40, 11], [9, 20], [15, 20], [3, 9], [23, 27], [11, 8], [17, 29], [7, 7], [43, 38], [38, 26], [4, 10], [10, 36], [29, 25], [17, 11]]",data_export3/tools/f1.py transfer_actions(); source floorplan from data_export/logs/det_actions_and_timing.json
softmax,custom_macbuf,42,0.9,12,12,4,0,244630.0,13.2658,0.005124,16628.469639096,62.635348019352534,True,0.01,True,"[[4, 2], [3, 3], [5, 2]]","[[1, 3]]",data_export3/tools/f1.py transfer_actions(); source floorplan from data_export/logs/det_actions_and_timing.json
lightweight_cipher,mkDelayWorker32B,42,0.9,48,48,3,40,8007680.0,9.29728,0.1515,11279120.9312256,-33.076858931370026,True,63.82,False,[],"[[5, 5], [22, 5], [27, 5], [31, 38], [39, 13], [22, 22], [12, 30], [45, 13], [20, 5], [40, 27], [31, 11], [44, 15], [39, 42], [44, 37], [28, 9], [21, 39], [37, 16], [12, 41], [40, 21], [48, 32], [19, 39], [2, 34], [36, 10], [4, 41], [10, 18], [1, 34], [25, 1], [31, 5], [40, 11], [9, 19], [15, 12], [3, 9], [23, 24], [10, 43], [17, 18], [7, 7], [43, 37], [38, 24], [4, 11], [10, 28], [29, 19], [17, 3], [41, 27]]",data_export3/tools/f1.py transfer_actions(); source floorplan from data_export/logs/det_actions_and_timing.json
softmax,lightweight_cipher,42,0.9,12,12,3,0,309833.0,3.39882,0.02091,22019.622544524602,38.09316773969105,True,0.0,True,[],"[[1, 3], [4, 2], [3, 3]]",data_export3/tools/f1.py transfer_actions(); source floorplan from data_export/logs/det_actions_and_timing.json
arm_core,mkDelayWorker32B,42,0.9,48,48,24,19,7064510.0,8.15095,0.1651,9506865.43122095,-12.166878747405805,True,62.58,False,[],"[[2, 12], [15, 5], [18, 9], [11, 19], [16, 5], [19, 11], [9, 19], [13, 2], [2, 24], [29, 22], [4, 11], [1, 4], [7, 23], [26, 8], [20, 19], [13, 22], [16, 23], [12, 8], [22, 24], [23, 26], [8, 2], [26, 16], [27, 22], [2, 2], [33, 30], [40, 14], [24, 23], [13, 41], [45, 30], [22, 2], [41, 21], [33, 2], [44, 35], [40, 36], [45, 12], [30, 11], [24, 2], [38, 17], [14, 5], [41, 13], [48, 33], [21, 35], [3, 19]]",data_export3/tools/f1.py transfer_actions(); source floorplan from data_export/logs/det_actions_and_timing.json
softmax,mkDelayWorker32B,42,0.9,48,48,8,35,8379220.0,7.9748,0.1717,11473441.0477352,-35.36954742100974,True,75.99,False,[],"[[2, 10], [13, 5], [15, 8], [14, 5], [9, 16], [16, 9], [8, 16], [12, 2], [32, 14], [39, 23], [23, 17], [13, 14], [45, 17], [21, 12], [40, 36], [31, 30], [44, 20], [40, 8], [44, 42], [28, 31], [23, 1], [37, 27], [13, 24], [41, 1], [48, 32], [21, 5], [2, 43], [36, 20], [4, 43], [10, 27], [1, 33], [25, 30], [31, 20], [40, 23], [9, 27], [16, 20], [3, 13], [24, 6], [11, 6], [18, 27], [6, 37], [44, 4], [38, 36]]",data_export3/tools/f1.py transfer_actions(); source floorplan from data_export/logs/det_actions_and_timing.json
custom_macbuf,reduction_layer,42,0.8,42,42,4,28,16086300.0,7.25998,0.1743,20355837.4965582,-75.11610664580581,True,201.86,False,[],"[[23, 5], [8, 20], [5, 20], [20, 12], [33, 29], [10, 18], [28, 34], [24, 28], [24, 3], [37, 18], [31, 20], [26, 9], [31, 1], [36, 28], [26, 25], [19, 28], [6, 13], [17, 35], [3, 19], [27, 19], [42, 4], [14, 32], [40, 2], [40, 25], [38, 30], [27, 8], [29, 34], [6, 25], [33, 15], [31, 11], [30, 27], [35, 33]]",data_export3/tools/f1.py transfer_actions(); source floorplan from data_export/logs/det_actions_and_timing.json
mkDelayWorker32B,reduction_layer,42,0.9,42,42,32,0,9720400.0,7.54872,0.1388,10184669.0108544,12.383875880392054,True,209.82,False,[],"[[2, 8], [10, 4], [11, 6], [12, 4], [7, 12], [13, 7], [9, 2], [6, 12], [2, 16], [18, 14], [1, 3], [3, 7], [4, 15], [17, 5], [12, 12], [8, 5], [9, 14], [11, 15], [14, 16], [15, 17], [17, 11], [5, 2], [19, 14], [2, 2], [7, 4], [18, 3], [13, 1], [5, 12], [6, 4], [16, 13], [4, 1], [4, 9]]",data_export3/tools/f1.py transfer_actions(); source floorplan from data_export/logs/det_actions_and_timing.json
reduction_layer,arm_core,42,0.9,35,35,24,0,8862970.0,19.2903,0.05828,9964093.729131479,13.117787122297145,True,220.92,False,[],"[[2, 8], [9, 3], [11, 6], [10, 3], [7, 12], [12, 7], [8, 2], [6, 12], [2, 15], [18, 13], [3, 7], [1, 3], [4, 14], [16, 5], [13, 12], [8, 13], [7, 5], [10, 14], [12, 15], [14, 16], [5, 2], [15, 10], [17, 13], [2, 2]]",data_export3/tools/f1.py transfer_actions(); source floorplan from data_export/logs/det_actions_and_timing.json
mkDelayWorker32B,arm_core,42,0.9,35,35,24,0,8706360.0,18.8642,0.05862,9627661.82620944,16.05131514833981,True,258.53,False,[],"[[2, 7], [8, 3], [10, 5], [9, 3], [6, 10], [11, 6], [7, 2], [5, 10], [2, 13], [15, 12], [1, 2], [3, 6], [4, 13], [14, 5], [12, 10], [6, 4], [8, 12], [9, 13], [11, 13], [13, 14], [13, 8], [5, 2], [14, 12], [2, 1]]",data_export3/tools/f1.py transfer_actions(); source floorplan from data_export/logs/det_actions_and_timing.json
mkDelayWorker32B,softmax,42,0.9,41,41,8,0,7429290.0,6.35448,0.07118,3360356.1745126555,6.096588565702491,True,261.25,False,"[[2, 8], [10, 4], [11, 6], [9, 4], [7, 12], [12, 7], [8, 2], [6, 12]]",[],data_export3/tools/f1.py transfer_actions(); source floorplan from data_export/logs/det_actions_and_timing.json
reduction_layer,softmax,42,0.9,41,41,8,0,7429290.0,6.36886,0.07132,3374584.816098408,5.698976552097465,True,258.69,False,"[[2, 9], [11, 4], [13, 7], [12, 4], [8, 14], [14, 8], [10, 2], [7, 14]]",[],data_export3/tools/f1.py transfer_actions(); source floorplan from data_export/logs/det_actions_and_timing.json
lightweight_cipher,arm_core,42,0.9,35,35,3,21,11485200.0,18.7121,0.07204,15482275.6746768,-34.99816516838397,True,273.08,False,[],"[[4, 4], [16, 4], [20, 4], [14, 29], [27, 15], [33, 4], [9, 30], [28, 28], [35, 18], [28, 18], [1, 3], [34, 18], [2, 5], [12, 2], [19, 16], [12, 16], [6, 1], [32, 10], [11, 7], [25, 18], [32, 17], [6, 17], [7, 12], [3, 13]]",data_export3/tools/f1.py transfer_actions(); source floorplan from data_export/logs/det_actions_and_timing.json
custom_macbuf,softmax,42,0.8,41,41,4,4,11354500.0,6.36764,0.09682,7000218.4865516,-95.61747699794454,True,271.7,False,"[[23, 5], [8, 19], [5, 19], [19, 12], [11, 34], [8, 8], [25, 36], [41, 6]]",[],data_export3/tools/f1.py transfer_actions(); source floorplan from data_export/logs/det_actions_and_timing.json
softmax,arm_core,42,0.9,35,35,8,16,11682200.0,18.9842,0.06985,15491138.903614,-35.0754483578279,True,211.57,False,[],"[[2, 8], [10, 4], [11, 6], [9, 4], [7, 12], [12, 7], [6, 12], [8, 2], [16, 18], [27, 29], [33, 9], [11, 16], [29, 8], [35, 18], [28, 25], [1, 3], [34, 20], [2, 14], [13, 24], [20, 22], [14, 10], [5, 21], [32, 14], [13, 3]]",data_export3/tools/f1.py transfer_actions(); source floorplan from data_export/logs/det_actions_and_timing.json
custom_macbuf,arm_core,42,0.8,35,35,4,20,12770100.0,19.0318,0.07498,18222988.428716403,-58.89589188656286,True,301.54,False,[],"[[20, 4], [7, 16], [4, 16], [16, 10], [15, 6], [27, 19], [33, 6], [10, 8], [29, 1], [35, 18], [28, 23], [1, 3], [34, 19], [2, 4], [12, 11], [19, 28], [12, 28], [5, 29], [32, 10], [11, 18], [25, 24], [32, 17], [6, 15], [7, 10]]",data_export3/tools/f1.py transfer_actions(); source floorplan from data_export/logs/det_actions_and_timing.json
lightweight_cipher,softmax,42,0.9,41,41,3,5,10057500.0,6.38166,0.08861,5687303.9623245,-58.92876117619319,True,292.39,False,"[[5, 5], [19, 5], [23, 5], [11, 29], [8, 9], [25, 33], [41, 6], [30, 7]]",[],data_export3/tools/f1.py transfer_actions(); source floorplan from data_export/logs/det_actions_and_timing.json
arm_core,reduction_layer,42,0.9,42,42,24,8,11672500.0,7.9016,0.1452,13392003.0552,-15.2080053504005,True,287.07,False,[],"[[2, 11], [13, 5], [15, 8], [9, 17], [14, 5], [17, 9], [8, 17], [12, 2], [2, 22], [25, 19], [3, 9], [1, 3], [6, 20], [23, 7], [18, 17], [12, 19], [14, 20], [11, 7], [19, 22], [20, 23], [7, 2], [23, 14], [24, 19], [2, 2], [34, 37], [11, 14], [30, 30], [27, 4], [26, 20], [38, 7], [33, 4], [28, 17]]",data_export3/tools/f1.py transfer_actions(); source floorplan from data_export/logs/det_actions_and_timing.json
arm_core,softmax,42,0.9,41,41,8,0,7251380.0,6.19073,0.07234,3247439.225073316,9.251994186550352,True,265.71,False,"[[2, 10], [13, 5], [15, 8], [9, 16], [14, 5], [16, 9], [8, 16], [12, 2]]",[],data_export3/tools/f1.py transfer_actions(); source floorplan from data_export/logs/det_actions_and_timing.json
lightweight_cipher,reduction_layer,42,0.9,42,42,3,29,14998400.0,7.24062,0.171,18570209.266368,-59.75479991300158,True,326.24,False,[],"[[5, 5], [20, 5], [23, 5], [33, 26], [10, 9], [28, 29], [24, 21], [23, 33], [37, 16], [31, 18], [26, 4], [30, 35], [36, 27], [26, 18], [19, 21], [6, 13], [17, 27], [3, 20], [27, 13], [42, 3], [14, 23], [40, 2], [40, 26], [38, 30], [27, 2], [29, 29], [6, 25], [33, 14], [31, 10], [30, 23], [35, 32], [37, 4]]",data_export3/tools/f1.py transfer_actions(); source floorplan from data_export/logs/det_actions_and_timing.json
softmax,reduction_layer,42,0.9,42,42,8,24,13017000.0,7.72378,0.1568,15764741.659967998,-35.620073712875275,True,286.85,False,[],"[[2, 9], [11, 4], [13, 7], [12, 4], [8, 14], [14, 8], [7, 14], [10, 2], [33, 37], [10, 29], [29, 13], [25, 9], [24, 22], [37, 23], [31, 35], [26, 29], [31, 19], [36, 34], [27, 6], [20, 32], [6, 8], [19, 4], [3, 28], [27, 37], [42, 4], [16, 5], [40, 4], [40, 27], [38, 31], [27, 26], [30, 10], [6, 20]]",data_export3/tools/f1.py transfer_actions(); source floorplan from data_export/logs/det_actions_and_timing.json
