circuit,seed,grid_w,grid_h,block_type,x,y,x_norm,y_norm,dist_to_center_norm,dist_to_edge_norm,source
custom_macbuf,7,12,12,DSP,5,4,0.4166666666666667,0.3333333333333333,0.3748277841470601,0.6,data_export/logs/det_actions_and_timing.json decoded through FPGAEnv (no VTR); core grid from baselines/*_resources.txt
custom_macbuf,7,12,12,DSP,1,8,0.08333333333333333,0.6666666666666666,0.7329325225725954,0.0,data_export/logs/det_actions_and_timing.json decoded through FPGAEnv (no VTR); core grid from baselines/*_resources.txt
custom_macbuf,7,12,12,DSP,2,3,0.16666666666666666,0.25,0.7329325225725954,0.2,data_export/logs/det_actions_and_timing.json decoded through FPGAEnv (no VTR); core grid from baselines/*_resources.txt
custom_macbuf,7,12,12,BRAM,6,4,0.5,0.3333333333333333,0.32777738867854445,0.6,data_export/logs/det_actions_and_timing.json decoded through FPGAEnv (no VTR); core grid from baselines/*_resources.txt
custom_macbuf,42,12,12,DSP,3,6,0.25,0.5,0.4545454545454546,0.4,data_export/logs/det_actions_and_timing.json decoded through FPGAEnv (no VTR); core grid from baselines/*_resources.txt
custom_macbuf,42,12,12,DSP,2,6,0.16666666666666666,0.5,0.5821022034029864,0.2,data_export/logs/det_actions_and_timing.json decoded through FPGAEnv (no VTR); core grid from baselines/*_resources.txt
custom_macbuf,42,12,12,DSP,6,4,0.5,0.3333333333333333,0.32777738867854445,0.6,data_export/logs/det_actions_and_timing.json decoded through FPGAEnv (no VTR); core grid from baselines/*_resources.txt
custom_macbuf,42,12,12,BRAM,7,2,0.5833333333333334,0.16666666666666666,0.5821022034029864,0.2,data_export/logs/det_actions_and_timing.json decoded through FPGAEnv (no VTR); core grid from baselines/*_resources.txt
custom_macbuf,123,12,12,DSP,2,3,0.16666666666666666,0.25,0.7329325225725954,0.2,data_export/logs/det_actions_and_timing.json decoded through FPGAEnv (no VTR); core grid from baselines/*_resources.txt
custom_macbuf,123,12,12,DSP,6,3,0.5,0.25,0.4545454545454546,0.4,data_export/logs/det_actions_and_timing.json decoded through FPGAEnv (no VTR); core grid from baselines/*_resources.txt
custom_macbuf,123,12,12,DSP,3,4,0.25,0.3333333333333333,0.5529784118452927,0.4,data_export/logs/det_actions_and_timing.json decoded through FPGAEnv (no VTR); core grid from baselines/*_resources.txt
custom_macbuf,123,12,12,BRAM,5,4,0.4166666666666667,0.3333333333333333,0.3748277841470601,0.6,data_export/logs/det_actions_and_timing.json decoded through FPGAEnv (no VTR); core grid from baselines/*_resources.txt
mkDelayWorker32B,7,48,48,BRAM,19,12,0.3958333333333333,0.25,0.4109193173580418,0.4782608695652174,data_export/logs/det_actions_and_timing.json decoded through FPGAEnv (no VTR); core grid from baselines/*_resources.txt
mkDelayWorker32B,7,48,48,BRAM,17,15,0.3541666666666667,0.3125,0.3641966546515679,0.6086956521739131,data_export/logs/det_actions_and_timing.json decoded through FPGAEnv (no VTR); core grid from baselines/*_resources.txt
mkDelayWorker32B,7,48,48,BRAM,1,9,0.020833333333333332,0.1875,0.8470650739316758,0.0,data_export/logs/det_actions_and_timing.json decoded through FPGAEnv (no VTR); core grid from baselines/*_resources.txt
mkDelayWorker32B,7,48,48,BRAM,14,14,0.2916666666666667,0.2916666666666667,0.44680851063829785,0.5652173913043478,data_export/logs/det_actions_and_timing.json decoded through FPGAEnv (no VTR); core grid from baselines/*_resources.txt
mkDelayWorker32B,7,48,48,BRAM,7,16,0.14583333333333334,0.3333333333333333,0.5853964464764938,0.2608695652173913,data_export/logs/det_actions_and_timing.json decoded through FPGAEnv (no VTR); core grid from baselines/*_resources.txt
mkDelayWorker32B,7,48,48,BRAM,15,11,0.3125,0.22916666666666666,0.4967071289331384,0.43478260869565216,data_export/logs/det_actions_and_timing.json decoded through FPGAEnv (no VTR); core grid from baselines/*_resources.txt
mkDelayWorker32B,7,48,48,BRAM,13,14,0.2708333333333333,0.2916666666666667,0.4685684158626647,0.5217391304347826,data_export/logs/det_actions_and_timing.json decoded through FPGAEnv (no VTR); core grid from baselines/*_resources.txt
mkDelayWorker32B,7,48,48,BRAM,11,17,0.22916666666666666,0.3541666666666667,0.4646878652732246,0.43478260869565216,data_export/logs/det_actions_and_timing.json decoded through FPGAEnv (no VTR); core grid from baselines/*_resources.txt
mkDelayWorker32B,7,48,48,BRAM,10,14,0.20833333333333334,0.2916666666666667,0.5386803787732836,0.391304347826087,data_export/logs/det_actions_and_timing.json decoded through FPGAEnv (no VTR); core grid from baselines/*_resources.txt
mkDelayWorker32B,7,48,48,BRAM,7,10,0.14583333333333334,0.20833333333333334,0.6838365395739658,0.2608695652173913,data_export/logs/det_actions_and_timing.json decoded through FPGAEnv (no VTR); core grid from baselines/*_resources.txt
mkDelayWorker32B,7,48,48,BRAM,22,17,0.4583333333333333,0.3541666666666667,0.2378795720744457,0.6956521739130435,data_export/logs/det_actions_and_timing.json decoded through FPGAEnv (no VTR); core grid from baselines/*_resources.txt
mkDelayWorker32B,7,48,48,BRAM,2,18,0.041666666666666664,0.375,0.7047019217735828,0.043478260869565216,data_export/logs/det_actions_and_timing.json decoded through FPGAEnv (no VTR); core grid from baselines/*_resources.txt
mkDelayWorker32B,7,48,48,BRAM,18,19,0.375,0.3958333333333333,0.2562041399743042,0.7391304347826086,data_export/logs/det_actions_and_timing.json decoded through FPGAEnv (no VTR); core grid from baselines/*_resources.txt
mkDelayWorker32B,7,48,48,BRAM,9,18,0.1875,0.375,0.5057389074044558,0.34782608695652173,data_export/logs/det_actions_and_timing.json decoded through FPGAEnv (no VTR); core grid from baselines/*_resources.txt
mkDelayWorker32B,7,48,48,BRAM,21,6,0.4375,0.125,0.5665330619444404,0.21739130434782608,data_export/logs/det_actions_and_timing.json decoded through FPGAEnv (no VTR); core grid from baselines/*_resources.txt
mkDelayWorker32B,7,48,48,BRAM,12,5,0.25,0.10416666666666667,0.6969506108152852,0.17391304347826086,data_export/logs/det_actions_and_timing.json decoded through FPGAEnv (no VTR); core grid from baselines/*_resources.txt
mkDelayWorker32B,7,48,48,BRAM,17,1,0.3541666666666667,0.020833333333333332,0.7422452571281877,0.0,data_export/logs/det_actions_and_timing.json decoded through FPGAEnv (no VTR); core grid from baselines/*_resources.txt
mkDelayWorker32B,7,48,48,BRAM,22,5,0.4583333333333333,0.10416666666666667,0.5915505861471424,0.17391304347826086,data_export/logs/det_actions_and_timing.json decoded through FPGAEnv (no VTR); core grid from baselines/*_resources.txt
mkDelayWorker32B,7,48,48,BRAM,13,3,0.2708333333333333,0.0625,0.7336570063645391,0.08695652173913043,data_export/logs/det_actions_and_timing.json decoded through FPGAEnv (no VTR); core grid from baselines/*_resources.txt
mkDelayWorker32B,7,48,48,BRAM,6,18,0.125,0.375,0.5900180691005127,0.21739130434782608,data_export/logs/det_actions_and_timing.json decoded through FPGAEnv (no VTR); core grid from baselines/*_resources.txt
mkDelayWorker32B,7,48,48,BRAM,9,4,0.1875,0.08333333333333333,0.7733098657611169,0.13043478260869565,data_export/logs/det_actions_and_timing.json decoded through FPGAEnv (no VTR); core grid from baselines/*_resources.txt
mkDelayWorker32B,7,48,48,BRAM,12,14,0.25,0.2916666666666667,0.4912083566219233,0.4782608695652174,data_export/logs/det_actions_and_timing.json decoded through FPGAEnv (no VTR); core grid from baselines/*_resources.txt
mkDelayWorker32B,7,48,48,BRAM,4,12,0.08333333333333333,0.25,0.7224649721850913,0.13043478260869565,data_export/logs/det_actions_and_timing.json decoded through FPGAEnv (no VTR); core grid from baselines/*_resources.txt
mkDelayWorker32B,7,48,48,BRAM,5,15,0.10416666666666667,0.3125,0.6526749638373603,0.17391304347826086,data_export/logs/det_actions_and_timing.json decoded through FPGAEnv (no VTR); core grid from baselines/*_resources.txt
mkDelayWorker32B,7,48,48,BRAM,20,4,0.4166666666666667,0.08333333333333333,0.6315243438151417,0.13043478260869565,data_export/logs/det_actions_and_timing.json decoded through FPGAEnv (no VTR); core grid from baselines/*_resources.txt
mkDelayWorker32B,7,48,48,BRAM,3,2,0.0625,0.041666666666666664,0.9364119610495909,0.043478260869565216,data_export/logs/det_actions_and_timing.json decoded through FPGAEnv (no VTR); core grid from baselines/*_resources.txt
mkDelayWorker32B,7,48,48,BRAM,2,7,0.041666666666666664,0.14583333333333334,0.8576869944998458,0.043478260869565216,data_export/logs/det_actions_and_timing.json decoded through FPGAEnv (no VTR); core grid from baselines/*_resources.txt
mkDelayWorker32B,7,48,48,BRAM,23,18,0.4791666666666667,0.375,0.200723002809715,0.7391304347826086,data_export/logs/det_actions_and_timing.json decoded through FPGAEnv (no VTR); core grid from baselines/*_resources.txt
mkDelayWorker32B,7,48,48,BRAM,4,6,0.08333333333333333,0.125,0.8308776250964527,0.13043478260869565,data_export/logs/det_actions_and_timing.json decoded through FPGAEnv (no VTR); core grid from baselines/*_resources.txt
mkDelayWorker32B,7,48,48,BRAM,16,11,0.3333333333333333,0.22916666666666666,0.48002187968844584,0.43478260869565216,data_export/logs/det_actions_and_timing.json decoded through FPGAEnv (no VTR); core grid from baselines/*_resources.txt
mkDelayWorker32B,7,48,48,BRAM,8,18,0.16666666666666666,0.375,0.53361430655253,0.30434782608695654,data_export/logs/det_actions_and_timing.json decoded through FPGAEnv (no VTR); core grid from baselines/*_resources.txt
mkDelayWorker32B,7,48,48,BRAM,10,5,0.20833333333333334,0.10416666666666667,0.7311846926570036,0.17391304347826086,data_export/logs/det_actions_and_timing.json decoded through FPGAEnv (no VTR); core grid from baselines/*_resources.txt
mkDelayWorker32B,7,48,48,BRAM,24,13,0.5,0.2708333333333333,0.346357885023398,0.5217391304347826,data_export/logs/det_actions_and_timing.json decoded through FPGAEnv (no VTR); core grid from baselines/*_resources.txt
mkDelayWorker32B,7,48,48,BRAM,19,4,0.3958333333333333,0.08333333333333333,0.6386523838214313,0.13043478260869565,data_export/logs/det_actions_and_timing.json decoded through FPGAEnv (no VTR); core grid from baselines/*_resources.txt
mkDelayWorker32B,7,48,48,BRAM,9,11,0.1875,0.22916666666666666,0.6184868873935588,0.34782608695652173,data_export/logs/det_actions_and_timing.json decoded through FPGAEnv (no VTR); core grid from baselines/*_resources.txt
mkDelayWorker32B,7,48,48,BRAM,16,5,0.3333333333333333,0.10416666666666667,0.6400684662336734,0.17391304347826086,data_export/logs/det_actions_and_timing.json decoded through FPGAEnv (no VTR); core grid from baselines/*_resources.txt
mkDelayWorker32B,7,48,48,BRAM,6,2,0.125,0.041666666666666664,0.8764821244274885,0.043478260869565216,data_export/logs/det_actions_and_timing.json decoded through FPGAEnv (no VTR); core grid from baselines/*_resources.txt
mkDelayWorker32B,7,48,48,BRAM,23,6,0.4791666666666667,0.125,0.5584853084428377,0.21739130434782608,data_export/logs/det_actions_and_timing.json decoded through FPGAEnv (no VTR); core grid from baselines/*_resources.txt
mkDelayWorker32B,7,48,48,BRAM,8,11,0.16666666666666666,0.22916666666666666,0.6414814226247376,0.30434782608695654,data_export/logs/det_actions_and_timing.json decoded through FPGAEnv (no VTR); core grid from baselines/*_resources.txt
mkDelayWorker32B,7,48,48,BRAM,7,4,0.14583333333333334,0.08333333333333333,0.8110263213849327,0.13043478260869565,data_export/logs/det_actions_and_timing.json decoded through FPGAEnv (no VTR); core grid from baselines/*_resources.txt
mkDelayWorker32B,7,48,48,BRAM,16,20,0.3333333333333333,0.4166666666666667,0.2893929895475626,0.6521739130434783,data_export/logs/det_actions_and_timing.json decoded through FPGAEnv (no VTR); core grid from baselines/*_resources.txt
mkDelayWorker32B,7,48,48,BRAM,11,7,0.22916666666666666,0.14583333333333334,0.6650425365143737,0.2608695652173913,data_export/logs/det_actions_and_timing.json decoded through FPGAEnv (no VTR); core grid from baselines/*_resources.txt
mkDelayWorker32B,7,48,48,BRAM,18,3,0.375,0.0625,0.6758459648624933,0.08695652173913043,data_export/logs/det_actions_and_timing.json decoded through FPGAEnv (no VTR); core grid from baselines/*_resources.txt
mkDelayWorker32B,42,48,48,BRAM,2,9,0.041666666666666664,0.1875,0.8221140036749641,0.043478260869565216,data_export/logs/det_actions_and_timing.json decoded through FPGAEnv (no VTR); core grid from baselines/*_resources.txt
mkDelayWorker32B,42,48,48,BRAM,11,4,0.22916666666666666,0.08333333333333333,0.7385768067110546,0.13043478260869565,data_export/logs/det_actions_and_timing.json decoded through FPGAEnv (no VTR); core grid from baselines/*_resources.txt
mkDelayWorker32B,42,48,48,BRAM,13,7,0.2708333333333333,0.14583333333333334,0.630089059360036,0.2608695652173913,data_export/logs/det_actions_and_timing.json decoded through FPGAEnv (no VTR); core grid from baselines/*_resources.txt
mkDelayWorker32B,42,48,48,BRAM,12,4,0.25,0.08333333333333333,0.7224649721850913,0.13043478260869565,data_export/logs/det_actions_and_timing.json decoded through FPGAEnv (no VTR); core grid from baselines/*_resources.txt
mkDelayWorker32B,42,48,48,BRAM,8,14,0.16666666666666666,0.2916666666666667,0.5884815611038013,0.30434782608695654,data_export/logs/det_actions_and_timing.json decoded through FPGAEnv (no VTR); core grid from baselines/*_resources.txt
mkDelayWorker32B,42,48,48,BRAM,14,8,0.2916666666666667,0.16666666666666666,0.5884815611038013,0.30434782608695654,data_export/logs/det_actions_and_timing.json decoded through FPGAEnv (no VTR); core grid from baselines/*_resources.txt
mkDelayWorker32B,42,48,48,BRAM,10,2,0.20833333333333334,0.041666666666666664,0.8054252438616043,0.043478260869565216,data_export/logs/det_actions_and_timing.json decoded through FPGAEnv (no VTR); core grid from baselines/*_resources.txt
mkDelayWorker32B,42,48,48,BRAM,7,14,0.14583333333333334,0.2916666666666667,0.6140795612622048,0.2608695652173913,data_export/logs/det_actions_and_timing.json decoded through FPGAEnv (no VTR); core grid from baselines/*_resources.txt
mkDelayWorker32B,42,48,48,BRAM,2,18,0.041666666666666664,0.375,0.7047019217735828,0.043478260869565216,data_export/logs/det_actions_and_timing.json decoded through FPGAEnv (no VTR); core grid from baselines/*_resources.txt
mkDelayWorker32B,42,48,48,BRAM,21,16,0.4375,0.3333333333333333,0.2765957446808511,0.6521739130434783,data_export/logs/det_actions_and_timing.json decoded through FPGAEnv (no VTR); core grid from baselines/*_resources.txt
mkDelayWorker32B,42,48,48,BRAM,1,3,0.020833333333333332,0.0625,0.9583919684727837,0.0,data_export/logs/det_actions_and_timing.json decoded through FPGAEnv (no VTR); core grid from baselines/*_resources.txt
mkDelayWorker32B,42,48,48,BRAM,3,8,0.0625,0.16666666666666666,0.8154794849675234,0.08695652173913043,data_export/logs/det_actions_and_timing.json decoded through FPGAEnv (no VTR); core grid from baselines/*_resources.txt
mkDelayWorker32B,42,48,48,BRAM,5,17,0.10416666666666667,0.3541666666666667,0.6286504979869855,0.17391304347826086,data_export/logs/det_actions_and_timing.json decoded through FPGAEnv (no VTR); core grid from baselines/*_resources.txt
mkDelayWorker32B,42,48,48,BRAM,19,6,0.3958333333333333,0.125,0.580738045274731,0.21739130434782608,data_export/logs/det_actions_and_timing.json decoded through FPGAEnv (no VTR); core grid from baselines/*_resources.txt
mkDelayWorker32B,42,48,48,BRAM,15,14,0.3125,0.2916666666666667,0.4260634977553359,0.5652173913043478,data_export/logs/det_actions_and_timing.json decoded through FPGAEnv (no VTR); core grid from baselines/*_resources.txt
mkDelayWorker32B,42,48,48,BRAM,9,6,0.1875,0.125,0.7262148155691921,0.21739130434782608,data_export/logs/det_actions_and_timing.json decoded through FPGAEnv (no VTR); core grid from baselines/*_resources.txt
mkDelayWorker32B,42,48,48,BRAM,10,16,0.20833333333333334,0.3333333333333333,0.5057389074044558,0.391304347826087,data_export/logs/det_actions_and_timing.json decoded through FPGAEnv (no VTR); core grid from baselines/*_resources.txt
mkDelayWorker32B,42,48,48,BRAM,12,17,0.25,0.3541666666666667,0.438628258044432,0.4782608695652174,data_export/logs/det_actions_and_timing.json decoded through FPGAEnv (no VTR); core grid from baselines/*_resources.txt
mkDelayWorker32B,42,48,48,BRAM,16,18,0.3333333333333333,0.375,0.32197331809407564,0.6521739130434783,data_export/logs/det_actions_and_timing.json decoded through FPGAEnv (no VTR); core grid from baselines/*_resources.txt
mkDelayWorker32B,42,48,48,BRAM,17,19,0.3541666666666667,0.3958333333333333,0.2798499242120406,0.6956521739130435,data_export/logs/det_actions_and_timing.json decoded through FPGAEnv (no VTR); core grid from baselines/*_resources.txt
mkDelayWorker32B,42,48,48,BRAM,19,12,0.3958333333333333,0.25,0.4109193173580418,0.4782608695652174,data_export/logs/det_actions_and_timing.json decoded through FPGAEnv (no VTR); core grid from baselines/*_resources.txt
mkDelayWorker32B,42,48,48,BRAM,6,2,0.125,0.041666666666666664,0.8764821244274885,0.043478260869565216,data_export/logs/det_actions_and_timing.json decoded through FPGAEnv (no VTR); core grid from baselines/*_resources.txt
mkDelayWorker32B,42,48,48,BRAM,20,16,0.4166666666666667,0.3333333333333333,0.2893929895475626,0.6521739130434783,data_export/logs/det_actions_and_timing.json decoded through FPGAEnv (no VTR); core grid from baselines/*_resources.txt
mkDelayWorker32B,42,48,48,BRAM,2,2,0.041666666666666664,0.041666666666666664,0.9574468085106383,0.043478260869565216,data_export/logs/det_actions_and_timing.json decoded through FPGAEnv (no VTR); core grid from baselines/*_resources.txt
mkDelayWorker32B,42,48,48,BRAM,8,4,0.16666666666666666,0.08333333333333333,0.7918210240820593,0.13043478260869565,data_export/logs/det_actions_and_timing.json decoded through FPGAEnv (no VTR); core grid from baselines/*_resources.txt
mkDelayWorker32B,42,48,48,BRAM,20,3,0.4166666666666667,0.0625,0.660945726255705,0.08695652173913043,data_export/logs/det_actions_and_timing.json decoded through FPGAEnv (no VTR); core grid from baselines/*_resources.txt
mkDelayWorker32B,42,48,48,BRAM,14,1,0.2916666666666667,0.020833333333333332,0.7744797754553744,0.0,data_export/logs/det_actions_and_timing.json decoded through FPGAEnv (no VTR); core grid from baselines/*_resources.txt
mkDelayWorker32B,42,48,48,BRAM,6,14,0.125,0.2916666666666667,0.6400684662336734,0.21739130434782608,data_export/logs/det_actions_and_timing.json decoded through FPGAEnv (no VTR); core grid from baselines/*_resources.txt
mkDelayWorker32B,42,48,48,BRAM,7,4,0.14583333333333334,0.08333333333333333,0.8110263213849327,0.13043478260869565,data_export/logs/det_actions_and_timing.json decoded through FPGAEnv (no VTR); core grid from baselines/*_resources.txt
mkDelayWorker32B,42,48,48,BRAM,18,15,0.375,0.3125,0.346357885023398,0.6086956521739131,data_export/logs/det_actions_and_timing.json decoded through FPGAEnv (no VTR); core grid from baselines/*_resources.txt
mkDelayWorker32B,42,48,48,BRAM,5,1,0.10416666666666667,0.020833333333333332,0.9188435268803908,0.0,data_export/logs/det_actions_and_timing.json decoded through FPGAEnv (no VTR); core grid from baselines/*_resources.txt
mkDelayWorker32B,42,48,48,BRAM,5,10,0.10416666666666667,0.20833333333333334,0.7311846926570036,0.17391304347826086,data_export/logs/det_actions_and_timing.json decoded through FPGAEnv (no VTR); core grid from baselines/*_resources.txt
mkDelayWorker32B,42,48,48,BRAM,4,2,0.08333333333333333,0.041666666666666664,0.9158826914906759,0.043478260869565216,data_export/logs/det_actions_and_timing.json decoded through FPGAEnv (no VTR); core grid from baselines/*_resources.txt
mkDelayWorker32B,42,48,48,BRAM,3,14,0.0625,0.2916666666666667,0.7199542261995162,0.08695652173913043,data_export/logs/det_actions_and_timing.json decoded through FPGAEnv (no VTR); core grid from baselines/*_resources.txt
mkDelayWorker32B,42,48,48,BRAM,13,1,0.2708333333333333,0.020833333333333332,0.7872340425531916,0.0,data_export/logs/det_actions_and_timing.json decoded through FPGAEnv (no VTR); core grid from baselines/*_resources.txt
mkDelayWorker32B,42,48,48,BRAM,7,22,0.14583333333333334,0.4583333333333333,0.5319148936170213,0.2608695652173913,data_export/logs/det_actions_and_timing.json decoded through FPGAEnv (no VTR); core grid from baselines/*_resources.txt
mkDelayWorker32B,42,48,48,BRAM,11,17,0.22916666666666666,0.3541666666666667,0.4646878652732246,0.43478260869565216,data_export/logs/det_actions_and_timing.json decoded through FPGAEnv (no VTR); core grid from baselines/*_resources.txt
mkDelayWorker32B,42,48,48,BRAM,22,8,0.4583333333333333,0.16666666666666666,0.5021456902640828,0.30434782608695654,data_export/logs/det_actions_and_timing.json decoded through FPGAEnv (no VTR); core grid from baselines/*_resources.txt
mkDelayWorker32B,42,48,48,BRAM,4,17,0.08333333333333333,0.3541666666666667,0.6568233634226864,0.13043478260869565,data_export/logs/det_actions_and_timing.json decoded through FPGAEnv (no VTR); core grid from baselines/*_resources.txt
mkDelayWorker32B,42,48,48,BRAM,4,10,0.08333333333333333,0.20833333333333334,0.7555438682793492,0.13043478260869565,data_export/logs/det_actions_and_timing.json decoded through FPGAEnv (no VTR); core grid from baselines/*_resources.txt
mkDelayWorker32B,42,48,48,BRAM,21,10,0.4375,0.20833333333333334,0.448830278930404,0.391304347826087,data_export/logs/det_actions_and_timing.json decoded through FPGAEnv (no VTR); core grid from baselines/*_resources.txt
mkDelayWorker32B,42,48,48,BRAM,14,19,0.2916666666666667,0.3958333333333333,0.35666073647319596,0.5652173913043478,data_export/logs/det_actions_and_timing.json decoded through FPGAEnv (no VTR); core grid from baselines/*_resources.txt
mkDelayWorker32B,42,48,48,BRAM,10,10,0.20833333333333334,0.20833333333333334,0.6170212765957447,0.391304347826087,data_export/logs/det_actions_and_timing.json decoded through FPGAEnv (no VTR); core grid from baselines/*_resources.txt
mkDelayWorker32B,123,48,48,BRAM,18,2,0.375,0.041666666666666664,0.7047019217735828,0.043478260869565216,data_export/logs/det_actions_and_timing.json decoded through FPGAEnv (no VTR); core grid from baselines/*_resources.txt
mkDelayWorker32B,123,48,48,BRAM,18,13,0.375,0.2708333333333333,0.39747961047381714,0.5217391304347826,data_export/logs/det_actions_and_timing.json decoded through FPGAEnv (no VTR); core grid from baselines/*_resources.txt
mkDelayWorker32B,123,48,48,BRAM,12,5,0.25,0.10416666666666667,0.6969506108152852,0.17391304347826086,data_export/logs/det_actions_and_timing.json decoded through FPGAEnv (no VTR); core grid from baselines/*_resources.txt
mkDelayWorker32B,123,48,48,BRAM,1,9,0.020833333333333332,0.1875,0.8470650739316758,0.0,data_export/logs/det_actions_and_timing.json decoded through FPGAEnv (no VTR); core grid from baselines/*_resources.txt
mkDelayWorker32B,123,48,48,BRAM,7,16,0.14583333333333334,0.3333333333333333,0.5853964464764938,0.2608695652173913,data_export/logs/det_actions_and_timing.json decoded through FPGAEnv (no VTR); core grid from baselines/*_resources.txt
mkDelayWorker32B,123,48,48,BRAM,11,4,0.22916666666666666,0.08333333333333333,0.7385768067110546,0.13043478260869565,data_export/logs/det_actions_and_timing.json decoded through FPGAEnv (no VTR); core grid from baselines/*_resources.txt
mkDelayWorker32B,123,48,48,BRAM,13,2,0.2708333333333333,0.041666666666666664,0.7603220589449209,0.043478260869565216,data_export/logs/det_actions_and_timing.json decoded through FPGAEnv (no VTR); core grid from baselines/*_resources.txt
mkDelayWorker32B,123,48,48,BRAM,9,15,0.1875,0.3125,0.5470195800928699,0.34782608695652173,data_export/logs/det_actions_and_timing.json decoded through FPGAEnv (no VTR); core grid from baselines/*_resources.txt
mkDelayWorker32B,123,48,48,BRAM,12,19,0.25,0.3958333333333333,0.4109193173580418,0.4782608695652174,data_export/logs/det_actions_and_timing.json decoded through FPGAEnv (no VTR); core grid from baselines/*_resources.txt
mkDelayWorker32B,123,48,48,BRAM,11,17,0.22916666666666666,0.3541666666666667,0.4646878652732246,0.43478260869565216,data_export/logs/det_actions_and_timing.json decoded through FPGAEnv (no VTR); core grid from baselines/*_resources.txt
mkDelayWorker32B,123,48,48,BRAM,3,10,0.0625,0.20833333333333334,0.7803030136549893,0.08695652173913043,data_export/logs/det_actions_and_timing.json decoded through FPGAEnv (no VTR); core grid from baselines/*_resources.txt
mkDelayWorker32B,123,48,48,BRAM,13,9,0.2708333333333333,0.1875,0.580738045274731,0.34782608695652173,data_export/logs/det_actions_and_timing.json decoded through FPGAEnv (no VTR); core grid from baselines/*_resources.txt
mkDelayWorker32B,123,48,48,BRAM,21,7,0.4375,0.14583333333333334,0.5369969984733601,0.2608695652173913,data_export/logs/det_actions_and_timing.json decoded through FPGAEnv (no VTR); core grid from baselines/*_resources.txt
mkDelayWorker32B,123,48,48,BRAM,10,9,0.20833333333333334,0.1875,0.6386523838214313,0.34782608695652173,data_export/logs/det_actions_and_timing.json decoded through FPGAEnv (no VTR); core grid from baselines/*_resources.txt
mkDelayWorker32B,123,48,48,BRAM,19,16,0.3958333333333333,0.3333333333333333,0.3046344907080075,0.6521739130434783,data_export/logs/det_actions_and_timing.json decoded through FPGAEnv (no VTR); core grid from baselines/*_resources.txt
mkDelayWorker32B,123,48,48,BRAM,11,10,0.22916666666666666,0.20833333333333334,0.5961244989839107,0.391304347826087,data_export/logs/det_actions_and_timing.json decoded through FPGAEnv (no VTR); core grid from baselines/*_resources.txt
mkDelayWorker32B,123,48,48,BRAM,2,10,0.041666666666666664,0.20833333333333334,0.8054252438616043,0.043478260869565216,data_export/logs/det_actions_and_timing.json decoded through FPGAEnv (no VTR); core grid from baselines/*_resources.txt
mkDelayWorker32B,123,48,48,BRAM,14,11,0.2916666666666667,0.22916666666666666,0.5146121966999075,0.43478260869565216,data_export/logs/det_actions_and_timing.json decoded through FPGAEnv (no VTR); core grid from baselines/*_resources.txt
mkDelayWorker32B,123,48,48,BRAM,9,3,0.1875,0.0625,0.7975176516592047,0.08695652173913043,data_export/logs/det_actions_and_timing.json decoded through FPGAEnv (no VTR); core grid from baselines/*_resources.txt
mkDelayWorker32B,123,48,48,BRAM,15,5,0.3125,0.10416666666666667,0.6526749638373603,0.17391304347826086,data_export/logs/det_actions_and_timing.json decoded through FPGAEnv (no VTR); core grid from baselines/*_resources.txt
mkDelayWorker32B,123,48,48,BRAM,8,13,0.16666666666666666,0.2708333333333333,0.6051686235458678,0.30434782608695654,data_export/logs/det_actions_and_timing.json decoded through FPGAEnv (no VTR); core grid from baselines/*_resources.txt
mkDelayWorker32B,123,48,48,BRAM,19,9,0.3958333333333333,0.1875,0.4948809936005535,0.34782608695652173,data_export/logs/det_actions_and_timing.json decoded through FPGAEnv (no VTR); core grid from baselines/*_resources.txt
mkDelayWorker32B,123,48,48,BRAM,9,9,0.1875,0.1875,0.6595744680851064,0.34782608695652173,data_export/logs/det_actions_and_timing.json decoded through FPGAEnv (no VTR); core grid from baselines/*_resources.txt
mkDelayWorker32B,123,48,48,BRAM,15,12,0.3125,0.25,0.47241709172711743,0.4782608695652174,data_export/logs/det_actions_and_timing.json decoded through FPGAEnv (no VTR); core grid from baselines/*_resources.txt
mkDelayWorker32B,123,48,48,BRAM,5,12,0.10416666666666667,0.25,0.6969506108152852,0.17391304347826086,data_export/logs/det_actions_and_timing.json decoded through FPGAEnv (no VTR); core grid from baselines/*_resources.txt
mkDelayWorker32B,123,48,48,BRAM,6,16,0.125,0.3333333333333333,0.6126034063356584,0.21739130434782608,data_export/logs/det_actions_and_timing.json decoded through FPGAEnv (no VTR); core grid from baselines/*_resources.txt
mkDelayWorker32B,123,48,48,BRAM,8,4,0.16666666666666666,0.08333333333333333,0.7918210240820593,0.13043478260869565,data_export/logs/det_actions_and_timing.json decoded through FPGAEnv (no VTR); core grid from baselines/*_resources.txt
mkDelayWorker32B,123,48,48,BRAM,17,13,0.3541666666666667,0.2708333333333333,0.41311676253080004,0.5217391304347826,data_export/logs/det_actions_and_timing.json decoded through FPGAEnv (no VTR); core grid from baselines/*_resources.txt
mkDelayWorker32B,123,48,48,BRAM,6,9,0.125,0.1875,0.7262148155691921,0.21739130434782608,data_export/logs/det_actions_and_timing.json decoded through FPGAEnv (no VTR); core grid from baselines/*_resources.txt
mkDelayWorker32B,123,48,48,BRAM,16,6,0.3333333333333333,0.125,0.6126034063356584,0.21739130434782608,data_export/logs/det_actions_and_timing.json decoded through FPGAEnv (no VTR); core grid from baselines/*_resources.txt
mkDelayWorker32B,123,48,48,BRAM,14,3,0.2916666666666667,0.0625,0.7199542261995162,0.08695652173913043,data_export/logs/det_actions_and_timing.json decoded through FPGAEnv (no VTR); core grid from baselines/*_resources.txt
mkDelayWorker32B,123,48,48,BRAM,3,18,0.0625,0.375,0.6758459648624933,0.08695652173913043,data_export/logs/det_actions_and_timing.json decoded through FPGAEnv (no VTR); core grid from baselines/*_resources.txt
mkDelayWorker32B,123,48,48,BRAM,20,19,0.4166666666666667,0.3958333333333333,0.21382714087491256,0.782608695652174,data_export/logs/det_actions_and_timing.json decoded through FPGAEnv (no VTR); core grid from baselines/*_resources.txt
mkDelayWorker32B,123,48,48,BRAM,4,10,0.08333333333333333,0.20833333333333334,0.7555438682793492,0.13043478260869565,data_export/logs/det_actions_and_timing.json decoded through FPGAEnv (no VTR); core grid from baselines/*_resources.txt
mkDelayWorker32B,123,48,48,BRAM,21,17,0.4375,0.3541666666666667,0.2490361683131835,0.6956521739130435,data_export/logs/det_actions_and_timing.json decoded through FPGAEnv (no VTR); core grid from baselines/*_resources.txt
mkDelayWorker32B,123,48,48,BRAM,23,15,0.4791666666666667,0.3125,0.2893929895475626,0.6086956521739131,data_export/logs/det_actions_and_timing.json decoded through FPGAEnv (no VTR); core grid from baselines/*_resources.txt
mkDelayWorker32B,123,48,48,BRAM,5,5,0.10416666666666667,0.10416666666666667,0.8297872340425532,0.17391304347826086,data_export/logs/det_actions_and_timing.json decoded through FPGAEnv (no VTR); core grid from baselines/*_resources.txt
mkDelayWorker32B,123,48,48,BRAM,10,3,0.20833333333333334,0.0625,0.7803030136549893,0.08695652173913043,data_export/logs/det_actions_and_timing.json decoded through FPGAEnv (no VTR); core grid from baselines/*_resources.txt
mkDelayWorker32B,123,48,48,BRAM,17,1,0.3541666666666667,0.020833333333333332,0.7422452571281877,0.0,data_export/logs/det_actions_and_timing.json decoded through FPGAEnv (no VTR); core grid from baselines/*_resources.txt
mkDelayWorker32B,123,48,48,BRAM,12,11,0.25,0.22916666666666666,0.5536005034577739,0.43478260869565216,data_export/logs/det_actions_and_timing.json decoded through FPGAEnv (no VTR); core grid from baselines/*_resources.txt
mkDelayWorker32B,123,48,48,BRAM,22,15,0.4583333333333333,0.3125,0.2955839146691448,0.6086956521739131,data_export/logs/det_actions_and_timing.json decoded through FPGAEnv (no VTR); core grid from baselines/*_resources.txt
mkDelayWorker32B,123,48,48,BRAM,20,10,0.4166666666666667,0.20833333333333334,0.45682788411880615,0.391304347826087,data_export/logs/det_actions_and_timing.json decoded through FPGAEnv (no VTR); core grid from baselines/*_resources.txt
mkDelayWorker32B,123,48,48,BRAM,20,4,0.4166666666666667,0.08333333333333333,0.6315243438151417,0.13043478260869565,data_export/logs/det_actions_and_timing.json decoded through FPGAEnv (no VTR); core grid from baselines/*_resources.txt
lightweight_cipher,7,12,12,BRAM,6,4,0.5,0.3333333333333333,0.32777738867854445,0.6,data_export/logs/det_actions_and_timing.json decoded through FPGAEnv (no VTR); core grid from baselines/*_resources.txt
lightweight_cipher,7,12,12,BRAM,2,3,0.16666666666666666,0.25,0.7329325225725954,0.2,data_export/logs/det_actions_and_timing.json decoded through FPGAEnv (no VTR); core grid from baselines/*_resources.txt
lightweight_cipher,7,12,12,BRAM,5,4,0.4166666666666667,0.3333333333333333,0.3748277841470601,0.6,data_export/logs/det_actions_and_timing.json decoded through FPGAEnv (no VTR); core grid from baselines/*_resources.txt
lightweight_cipher,42,12,12,BRAM,2,2,0.16666666666666666,0.16666666666666666,0.8181818181818182,0.2,data_export/logs/det_actions_and_timing.json decoded through FPGAEnv (no VTR); core grid from baselines/*_resources.txt
lightweight_cipher,42,12,12,BRAM,6,2,0.5,0.16666666666666666,0.5821022034029864,0.2,data_export/logs/det_actions_and_timing.json decoded through FPGAEnv (no VTR); core grid from baselines/*_resources.txt
lightweight_cipher,42,12,12,BRAM,7,2,0.5833333333333334,0.16666666666666666,0.5821022034029864,0.2,data_export/logs/det_actions_and_timing.json decoded through FPGAEnv (no VTR); core grid from baselines/*_resources.txt
lightweight_cipher,123,12,12,BRAM,6,3,0.5,0.25,0.4545454545454546,0.4,data_export/logs/det_actions_and_timing.json decoded through FPGAEnv (no VTR); core grid from baselines/*_resources.txt
lightweight_cipher,123,12,12,BRAM,3,4,0.25,0.3333333333333333,0.5529784118452927,0.4,data_export/logs/det_actions_and_timing.json decoded through FPGAEnv (no VTR); core grid from baselines/*_resources.txt
lightweight_cipher,123,12,12,BRAM,5,4,0.4166666666666667,0.3333333333333333,0.3748277841470601,0.6,data_export/logs/det_actions_and_timing.json decoded through FPGAEnv (no VTR); core grid from baselines/*_resources.txt
reduction_layer,7,42,42,BRAM,19,12,0.4523809523809524,0.2857142857142857,0.3388400973036538,0.55,data_export/logs/det_actions_and_timing.json decoded through FPGAEnv (no VTR); core grid from baselines/*_resources.txt
reduction_layer,7,42,42,BRAM,17,15,0.40476190476190477,0.35714285714285715,0.272691216768267,0.7,data_export/logs/det_actions_and_timing.json decoded through FPGAEnv (no VTR); core grid from baselines/*_resources.txt
reduction_layer,7,42,42,BRAM,1,9,0.023809523809523808,0.21428571428571427,0.8281915534804705,0.0,data_export/logs/det_actions_and_timing.json decoded through FPGAEnv (no VTR); core grid from baselines/*_resources.txt
reduction_layer,7,42,42,BRAM,14,14,0.3333333333333333,0.3333333333333333,0.36585365853658536,0.65,data_export/logs/det_actions_and_timing.json decoded through FPGAEnv (no VTR); core grid from baselines/*_resources.txt
reduction_layer,7,42,42,BRAM,7,16,0.16666666666666666,0.38095238095238093,0.5349198097429588,0.3,data_export/logs/det_actions_and_timing.json decoded through FPGAEnv (no VTR); core grid from baselines/*_resources.txt
reduction_layer,7,42,42,BRAM,13,14,0.30952380952380953,0.3333333333333333,0.3910053546800341,0.6,data_export/logs/det_actions_and_timing.json decoded through FPGAEnv (no VTR); core grid from baselines/*_resources.txt
reduction_layer,7,42,42,BRAM,15,11,0.35714285714285715,0.2619047619047619,0.42595729747738975,0.5,data_export/logs/det_actions_and_timing.json decoded through FPGAEnv (no VTR); core grid from baselines/*_resources.txt
reduction_layer,7,42,42,BRAM,10,14,0.23809523809523808,0.3333333333333333,0.47357287412067317,0.45,data_export/logs/det_actions_and_timing.json decoded through FPGAEnv (no VTR); core grid from baselines/*_resources.txt
reduction_layer,7,42,42,BRAM,11,17,0.2619047619047619,0.40476190476190477,0.3940364493025247,0.5,data_export/logs/det_actions_and_timing.json decoded through FPGAEnv (no VTR); core grid from baselines/*_resources.txt
reduction_layer,7,42,42,BRAM,7,10,0.16666666666666666,0.23809523809523808,0.6383537721123123,0.3,data_export/logs/det_actions_and_timing.json decoded through FPGAEnv (no VTR); core grid from baselines/*_resources.txt
reduction_layer,7,42,42,BRAM,2,18,0.047619047619047616,0.42857142857142855,0.6833622305425318,0.05,data_export/logs/det_actions_and_timing.json decoded through FPGAEnv (no VTR); core grid from baselines/*_resources.txt
reduction_layer,7,42,42,BRAM,22,17,0.5238095238095238,0.40476190476190477,0.15617376188860607,0.8,data_export/logs/det_actions_and_timing.json decoded through FPGAEnv (no VTR); core grid from baselines/*_resources.txt
reduction_layer,7,42,42,BRAM,9,18,0.21428571428571427,0.42857142857142855,0.44774535977282487,0.4,data_export/logs/det_actions_and_timing.json decoded through FPGAEnv (no VTR); core grid from baselines/*_resources.txt
reduction_layer,7,42,42,BRAM,21,6,0.5,0.14285714285714285,0.5349198097429588,0.25,data_export/logs/det_actions_and_timing.json decoded through FPGAEnv (no VTR); core grid from baselines/*_resources.txt
reduction_layer,7,42,42,BRAM,18,19,0.42857142857142855,0.4523809523809524,0.14836006171459074,0.85,data_export/logs/det_actions_and_timing.json decoded through FPGAEnv (no VTR); core grid from baselines/*_resources.txt
reduction_layer,7,42,42,BRAM,12,5,0.2857142857142857,0.11904761904761904,0.6567274155042079,0.2,data_export/logs/det_actions_and_timing.json decoded through FPGAEnv (no VTR); core grid from baselines/*_resources.txt
reduction_layer,7,42,42,BRAM,6,18,0.14285714285714285,0.42857142857142855,0.5481025622986399,0.25,data_export/logs/det_actions_and_timing.json decoded through FPGAEnv (no VTR); core grid from baselines/*_resources.txt
reduction_layer,7,42,42,BRAM,22,5,0.5238095238095238,0.11904761904761904,0.5693959770696952,0.2,data_export/logs/det_actions_and_timing.json decoded through FPGAEnv (no VTR); core grid from baselines/*_resources.txt
reduction_layer,7,42,42,BRAM,13,3,0.30952380952380953,0.07142857142857142,0.7022526853116082,0.1,data_export/logs/det_actions_and_timing.json decoded through FPGAEnv (no VTR); core grid from baselines/*_resources.txt
reduction_layer,7,42,42,BRAM,17,1,0.40476190476190477,0.023809523809523808,0.7239425404710161,0.0,data_export/logs/det_actions_and_timing.json decoded through FPGAEnv (no VTR); core grid from baselines/*_resources.txt
reduction_layer,7,42,42,BRAM,9,4,0.21428571428571427,0.09523809523809523,0.7418003085729536,0.15,data_export/logs/det_actions_and_timing.json decoded through FPGAEnv (no VTR); core grid from baselines/*_resources.txt
reduction_layer,7,42,42,BRAM,12,14,0.2857142857142857,0.3333333333333333,0.41749372606399243,0.55,data_export/logs/det_actions_and_timing.json decoded through FPGAEnv (no VTR); core grid from baselines/*_resources.txt
reduction_layer,7,42,42,BRAM,5,15,0.11904761904761904,0.35714285714285715,0.6117042050724123,0.2,data_export/logs/det_actions_and_timing.json decoded through FPGAEnv (no VTR); core grid from baselines/*_resources.txt
reduction_layer,7,42,42,BRAM,4,12,0.09523809523809523,0.2857142857142857,0.6868355044062792,0.15,data_export/logs/det_actions_and_timing.json decoded through FPGAEnv (no VTR); core grid from baselines/*_resources.txt
reduction_layer,7,42,42,BRAM,3,2,0.07142857142857142,0.047619047619047616,0.927150137012108,0.05,data_export/logs/det_actions_and_timing.json decoded through FPGAEnv (no VTR); core grid from baselines/*_resources.txt
reduction_layer,7,42,42,BRAM,20,4,0.47619047619047616,0.09523809523809523,0.6058410901645962,0.15,data_export/logs/det_actions_and_timing.json decoded through FPGAEnv (no VTR); core grid from baselines/*_resources.txt
reduction_layer,7,42,42,BRAM,23,18,0.5476190476190477,0.42857142857142855,0.13134548310084157,0.85,data_export/logs/det_actions_and_timing.json decoded through FPGAEnv (no VTR); core grid from baselines/*_resources.txt
reduction_layer,7,42,42,BRAM,2,7,0.047619047619047616,0.16666666666666666,0.838187330606809,0.05,data_export/logs/det_actions_and_timing.json decoded through FPGAEnv (no VTR); core grid from baselines/*_resources.txt
reduction_layer,7,42,42,BRAM,4,5,0.09523809523809523,0.11904761904761904,0.8296268952046317,0.15,data_export/logs/det_actions_and_timing.json decoded through FPGAEnv (no VTR); core grid from baselines/*_resources.txt
reduction_layer,7,42,42,BRAM,16,11,0.38095238095238093,0.2619047619047619,0.4088549905912246,0.5,data_export/logs/det_actions_and_timing.json decoded through FPGAEnv (no VTR); core grid from baselines/*_resources.txt
reduction_layer,7,42,42,BRAM,8,18,0.19047619047619047,0.42857142857142855,0.4810508030077078,0.35,data_export/logs/det_actions_and_timing.json decoded through FPGAEnv (no VTR); core grid from baselines/*_resources.txt
reduction_layer,7,42,42,BRAM,6,2,0.14285714285714285,0.047619047619047616,0.8592153636004164,0.05,data_export/logs/det_actions_and_timing.json decoded through FPGAEnv (no VTR); core grid from baselines/*_resources.txt
reduction_layer,42,42,42,BRAM,2,9,0.047619047619047616,0.21428571428571427,0.7989433831297171,0.05,data_export/logs/det_actions_and_timing.json decoded through FPGAEnv (no VTR); core grid from baselines/*_resources.txt
reduction_layer,42,42,42,BRAM,11,4,0.2619047619047619,0.09523809523809523,0.7039448629103322,0.15,data_export/logs/det_actions_and_timing.json decoded through FPGAEnv (no VTR); core grid from baselines/*_resources.txt
reduction_layer,42,42,42,BRAM,13,7,0.30952380952380953,0.16666666666666666,0.5797494792197421,0.3,data_export/logs/det_actions_and_timing.json decoded through FPGAEnv (no VTR); core grid from baselines/*_resources.txt
reduction_layer,42,42,42,BRAM,12,4,0.2857142857142857,0.09523809523809523,0.6868355044062792,0.15,data_export/logs/det_actions_and_timing.json decoded through FPGAEnv (no VTR); core grid from baselines/*_resources.txt
reduction_layer,42,42,42,BRAM,8,14,0.19047619047619047,0.3333333333333333,0.5326909675083307,0.35,data_export/logs/det_actions_and_timing.json decoded through FPGAEnv (no VTR); core grid from baselines/*_resources.txt
reduction_layer,42,42,42,BRAM,14,8,0.3333333333333333,0.19047619047619047,0.5326909675083307,0.35,data_export/logs/det_actions_and_timing.json decoded through FPGAEnv (no VTR); core grid from baselines/*_resources.txt
reduction_layer,42,42,42,BRAM,10,2,0.23809523809523808,0.047619047619047616,0.7808688094430304,0.05,data_export/logs/det_actions_and_timing.json decoded through FPGAEnv (no VTR); core grid from baselines/*_resources.txt
reduction_layer,42,42,42,BRAM,7,14,0.16666666666666666,0.3333333333333333,0.563092506371473,0.3,data_export/logs/det_actions_and_timing.json decoded through FPGAEnv (no VTR); core grid from baselines/*_resources.txt
reduction_layer,42,42,42,BRAM,2,18,0.047619047619047616,0.42857142857142855,0.6833622305425318,0.05,data_export/logs/det_actions_and_timing.json decoded through FPGAEnv (no VTR); core grid from baselines/*_resources.txt
reduction_layer,42,42,42,BRAM,21,16,0.5,0.38095238095238093,0.19049389453430865,0.75,data_export/logs/det_actions_and_timing.json decoded through FPGAEnv (no VTR); core grid from baselines/*_resources.txt
reduction_layer,42,42,42,BRAM,3,8,0.07142857142857142,0.19047619047619047,0.7899577922293486,0.1,data_export/logs/det_actions_and_timing.json decoded through FPGAEnv (no VTR); core grid from baselines/*_resources.txt
reduction_layer,42,42,42,BRAM,1,3,0.023809523809523808,0.07142857142857142,0.9524694726715432,0.0,data_export/logs/det_actions_and_timing.json decoded through FPGAEnv (no VTR); core grid from baselines/*_resources.txt
reduction_layer,42,42,42,BRAM,5,17,0.11904761904761904,0.40476190476190477,0.5899212986559915,0.2,data_export/logs/det_actions_and_timing.json decoded through FPGAEnv (no VTR); core grid from baselines/*_resources.txt
reduction_layer,42,42,42,BRAM,19,6,0.4523809523809524,0.14285714285714285,0.5415513002725493,0.25,data_export/logs/det_actions_and_timing.json decoded through FPGAEnv (no VTR); core grid from baselines/*_resources.txt
reduction_layer,42,42,42,BRAM,15,14,0.35714285714285715,0.3333333333333333,0.3423333865272732,0.65,data_export/logs/det_actions_and_timing.json decoded through FPGAEnv (no VTR); core grid from baselines/*_resources.txt
reduction_layer,42,42,42,BRAM,10,16,0.23809523809523808,0.38095238095238093,0.4397013750565841,0.45,data_export/logs/det_actions_and_timing.json decoded through FPGAEnv (no VTR); core grid from baselines/*_resources.txt
reduction_layer,42,42,42,BRAM,9,6,0.21428571428571427,0.14285714285714285,0.6868355044062792,0.25,data_export/logs/det_actions_and_timing.json decoded through FPGAEnv (no VTR); core grid from baselines/*_resources.txt
reduction_layer,42,42,42,BRAM,12,17,0.2857142857142857,0.40476190476190477,0.36258704261752456,0.55,data_export/logs/det_actions_and_timing.json decoded through FPGAEnv (no VTR); core grid from baselines/*_resources.txt
reduction_layer,42,42,42,BRAM,16,18,0.38095238095238093,0.42857142857142855,0.22486693798275337,0.75,data_export/logs/det_actions_and_timing.json decoded through FPGAEnv (no VTR); core grid from baselines/*_resources.txt
reduction_layer,42,42,42,BRAM,17,19,0.40476190476190477,0.4523809523809524,0.17756365583611022,0.8,data_export/logs/det_actions_and_timing.json decoded through FPGAEnv (no VTR); core grid from baselines/*_resources.txt
reduction_layer,42,42,42,BRAM,6,2,0.14285714285714285,0.047619047619047616,0.8592153636004164,0.05,data_export/logs/det_actions_and_timing.json decoded through FPGAEnv (no VTR); core grid from baselines/*_resources.txt
reduction_layer,42,42,42,BRAM,19,12,0.4523809523809524,0.2857142857142857,0.3388400973036538,0.55,data_export/logs/det_actions_and_timing.json decoded through FPGAEnv (no VTR); core grid from baselines/*_resources.txt
reduction_layer,42,42,42,BRAM,20,16,0.47619047619047616,0.38095238095238093,0.19664043288533048,0.75,data_export/logs/det_actions_and_timing.json decoded through FPGAEnv (no VTR); core grid from baselines/*_resources.txt
reduction_layer,42,42,42,BRAM,2,2,0.047619047619047616,0.047619047619047616,0.9512195121951219,0.05,data_export/logs/det_actions_and_timing.json decoded through FPGAEnv (no VTR); core grid from baselines/*_resources.txt
reduction_layer,42,42,42,BRAM,8,4,0.19047619047619047,0.09523809523809523,0.7623658345408675,0.15,data_export/logs/det_actions_and_timing.json decoded through FPGAEnv (no VTR); core grid from baselines/*_resources.txt
reduction_layer,42,42,42,BRAM,20,3,0.47619047619047616,0.07142857142857142,0.640214865775936,0.1,data_export/logs/det_actions_and_timing.json decoded through FPGAEnv (no VTR); core grid from baselines/*_resources.txt
reduction_layer,42,42,42,BRAM,14,1,0.3333333333333333,0.023809523809523808,0.7529438556308844,0.0,data_export/logs/det_actions_and_timing.json decoded through FPGAEnv (no VTR); core grid from baselines/*_resources.txt
reduction_layer,42,42,42,BRAM,7,4,0.16666666666666666,0.09523809523809523,0.7839101795116195,0.15,data_export/logs/det_actions_and_timing.json decoded through FPGAEnv (no VTR); core grid from baselines/*_resources.txt
reduction_layer,42,42,42,BRAM,6,14,0.14285714285714285,0.3333333333333333,0.5939412517993131,0.25,data_export/logs/det_actions_and_timing.json decoded through FPGAEnv (no VTR); core grid from baselines/*_resources.txt
reduction_layer,42,42,42,BRAM,18,15,0.42857142857142855,0.35714285714285715,0.25464162216855,0.7,data_export/logs/det_actions_and_timing.json decoded through FPGAEnv (no VTR); core grid from baselines/*_resources.txt
reduction_layer,42,42,42,BRAM,5,1,0.11904761904761904,0.023809523809523808,0.9076972715087022,0.0,data_export/logs/det_actions_and_timing.json decoded through FPGAEnv (no VTR); core grid from baselines/*_resources.txt
reduction_layer,42,42,42,BRAM,4,2,0.09523809523809523,0.047619047619047616,0.9037564543243369,0.05,data_export/logs/det_actions_and_timing.json decoded through FPGAEnv (no VTR); core grid from baselines/*_resources.txt
reduction_layer,123,42,42,BRAM,18,2,0.42857142857142855,0.047619047619047616,0.6833622305425318,0.05,data_export/logs/det_actions_and_timing.json decoded through FPGAEnv (no VTR); core grid from baselines/*_resources.txt
reduction_layer,123,42,42,BRAM,12,5,0.2857142857142857,0.11904761904761904,0.6567274155042079,0.2,data_export/logs/det_actions_and_timing.json decoded through FPGAEnv (no VTR); core grid from baselines/*_resources.txt
reduction_layer,123,42,42,BRAM,1,9,0.023809523809523808,0.21428571428571427,0.8281915534804705,0.0,data_export/logs/det_actions_and_timing.json decoded through FPGAEnv (no VTR); core grid from baselines/*_resources.txt
reduction_layer,123,42,42,BRAM,18,13,0.42857142857142855,0.30952380952380953,0.3170731707317073,0.6,data_export/logs/det_actions_and_timing.json decoded through FPGAEnv (no VTR); core grid from baselines/*_resources.txt
reduction_layer,123,42,42,BRAM,7,16,0.16666666666666666,0.38095238095238093,0.5349198097429588,0.3,data_export/logs/det_actions_and_timing.json decoded through FPGAEnv (no VTR); core grid from baselines/*_resources.txt
reduction_layer,123,42,42,BRAM,9,15,0.21428571428571427,0.35714285714285715,0.48597216695539697,0.4,data_export/logs/det_actions_and_timing.json decoded through FPGAEnv (no VTR); core grid from baselines/*_resources.txt
reduction_layer,123,42,42,BRAM,12,19,0.2857142857142857,0.4523809523809524,0.3388400973036538,0.55,data_export/logs/det_actions_and_timing.json decoded through FPGAEnv (no VTR); core grid from baselines/*_resources.txt
reduction_layer,123,42,42,BRAM,11,17,0.2619047619047619,0.40476190476190477,0.3940364493025247,0.5,data_export/logs/det_actions_and_timing.json decoded through FPGAEnv (no VTR); core grid from baselines/*_resources.txt
reduction_layer,123,42,42,BRAM,11,4,0.2619047619047619,0.09523809523809523,0.7039448629103322,0.15,data_export/logs/det_actions_and_timing.json decoded through FPGAEnv (no VTR); core grid from baselines/*_resources.txt
reduction_layer,123,42,42,BRAM,21,7,0.5,0.16666666666666666,0.5004459641142242,0.3,data_export/logs/det_actions_and_timing.json decoded through FPGAEnv (no VTR); core grid from baselines/*_resources.txt
reduction_layer,123,42,42,BRAM,19,16,0.4523809523809524,0.38095238095238093,0.2083903352516471,0.75,data_export/logs/det_actions_and_timing.json decoded through FPGAEnv (no VTR); core grid from baselines/*_resources.txt
reduction_layer,123,42,42,BRAM,13,2,0.30952380952380953,0.047619047619047616,0.7337370222678695,0.05,data_export/logs/det_actions_and_timing.json decoded through FPGAEnv (no VTR); core grid from baselines/*_resources.txt
reduction_layer,123,42,42,BRAM,13,9,0.30952380952380953,0.21428571428571427,0.5214038616202915,0.4,data_export/logs/det_actions_and_timing.json decoded through FPGAEnv (no VTR); core grid from baselines/*_resources.txt
reduction_layer,123,42,42,BRAM,10,14,0.23809523809523808,0.3333333333333333,0.47357287412067317,0.45,data_export/logs/det_actions_and_timing.json decoded through FPGAEnv (no VTR); core grid from baselines/*_resources.txt
reduction_layer,123,42,42,BRAM,2,10,0.047619047619047616,0.23809523809523808,0.7808688094430304,0.05,data_export/logs/det_actions_and_timing.json decoded through FPGAEnv (no VTR); core grid from baselines/*_resources.txt
reduction_layer,123,42,42,BRAM,3,10,0.07142857142857142,0.23809523809523808,0.7513620390609446,0.1,data_export/logs/det_actions_and_timing.json decoded through FPGAEnv (no VTR); core grid from baselines/*_resources.txt
reduction_layer,123,42,42,BRAM,5,17,0.11904761904761904,0.40476190476190477,0.5899212986559915,0.2,data_export/logs/det_actions_and_timing.json decoded through FPGAEnv (no VTR); core grid from baselines/*_resources.txt
reduction_layer,123,42,42,BRAM,11,10,0.2619047619047619,0.23809523809523808,0.5371394035498839,0.45,data_export/logs/det_actions_and_timing.json decoded through FPGAEnv (no VTR); core grid from baselines/*_resources.txt
reduction_layer,123,42,42,BRAM,19,9,0.4523809523809524,0.21428571428571427,0.4397013750565841,0.4,data_export/logs/det_actions_and_timing.json decoded through FPGAEnv (no VTR); core grid from baselines/*_resources.txt
reduction_layer,123,42,42,BRAM,9,3,0.21428571428571427,0.07142857142857142,0.7701294343339974,0.1,data_export/logs/det_actions_and_timing.json decoded through FPGAEnv (no VTR); core grid from baselines/*_resources.txt
reduction_layer,123,42,42,BRAM,8,4,0.19047619047619047,0.09523809523809523,0.7623658345408675,0.15,data_export/logs/det_actions_and_timing.json decoded through FPGAEnv (no VTR); core grid from baselines/*_resources.txt
reduction_layer,123,42,42,BRAM,15,5,0.35714285714285715,0.11904761904761904,0.6117042050724123,0.2,data_export/logs/det_actions_and_timing.json decoded through FPGAEnv (no VTR); core grid from baselines/*_resources.txt
reduction_layer,123,42,42,BRAM,8,13,0.19047619047619047,0.30952380952380953,0.5502689840330964,0.35,data_export/logs/det_actions_and_timing.json decoded through FPGAEnv (no VTR); core grid from baselines/*_resources.txt
reduction_layer,123,42,42,BRAM,6,16,0.14285714285714285,0.38095238095238093,0.5673026024201466,0.25,data_export/logs/det_actions_and_timing.json decoded through FPGAEnv (no VTR); core grid from baselines/*_resources.txt
reduction_layer,123,42,42,BRAM,20,19,0.47619047619047616,0.4523809523809524,0.10056355184433319,0.9,data_export/logs/det_actions_and_timing.json decoded through FPGAEnv (no VTR); core grid from baselines/*_resources.txt
reduction_layer,123,42,42,BRAM,15,11,0.35714285714285715,0.2619047619047619,0.42595729747738975,0.5,data_export/logs/det_actions_and_timing.json decoded through FPGAEnv (no VTR); core grid from baselines/*_resources.txt
reduction_layer,123,42,42,BRAM,6,9,0.14285714285714285,0.21428571428571427,0.6868355044062792,0.25,data_export/logs/det_actions_and_timing.json decoded through FPGAEnv (no VTR); core grid from baselines/*_resources.txt
reduction_layer,123,42,42,BRAM,9,9,0.21428571428571427,0.21428571428571427,0.6097560975609756,0.4,data_export/logs/det_actions_and_timing.json decoded through FPGAEnv (no VTR); core grid from baselines/*_resources.txt
reduction_layer,123,42,42,BRAM,3,18,0.07142857142857142,0.42857142857142855,0.6494403393021634,0.1,data_export/logs/det_actions_and_timing.json decoded through FPGAEnv (no VTR); core grid from baselines/*_resources.txt
reduction_layer,123,42,42,BRAM,21,17,0.5,0.40476190476190477,0.15617376188860607,0.8,data_export/logs/det_actions_and_timing.json decoded through FPGAEnv (no VTR); core grid from baselines/*_resources.txt
reduction_layer,123,42,42,BRAM,5,5,0.11904761904761904,0.11904761904761904,0.8048780487804879,0.2,data_export/logs/det_actions_and_timing.json decoded through FPGAEnv (no VTR); core grid from baselines/*_resources.txt
reduction_layer,123,42,42,BRAM,14,11,0.3333333333333333,0.2619047619047619,0.4450801851437722,0.5,data_export/logs/det_actions_and_timing.json decoded through FPGAEnv (no VTR); core grid from baselines/*_resources.txt
arm_core,7,35,35,BRAM,19,12,0.5428571428571428,0.34285714285714286,0.25300956667772434,0.6470588235294118,data_export/logs/det_actions_and_timing.json decoded through FPGAEnv (no VTR); core grid from baselines/*_resources.txt
arm_core,7,35,35,BRAM,17,15,0.4857142857142857,0.42857142857142855,0.13153341044116412,0.8235294117647058,data_export/logs/det_actions_and_timing.json decoded through FPGAEnv (no VTR); core grid from baselines/*_resources.txt
arm_core,7,35,35,BRAM,1,9,0.02857142857142857,0.2571428571428571,0.8000865005138496,0.0,data_export/logs/det_actions_and_timing.json decoded through FPGAEnv (no VTR); core grid from baselines/*_resources.txt
arm_core,7,35,35,BRAM,14,14,0.4,0.4,0.23529411764705885,0.7647058823529411,data_export/logs/det_actions_and_timing.json decoded through FPGAEnv (no VTR); core grid from baselines/*_resources.txt
arm_core,7,35,35,BRAM,13,14,0.37142857142857144,0.4,0.2663348570040417,0.7058823529411765,data_export/logs/det_actions_and_timing.json decoded through FPGAEnv (no VTR); core grid from baselines/*_resources.txt
arm_core,7,35,35,BRAM,7,16,0.2,0.45714285714285713,0.4650408323777029,0.35294117647058826,data_export/logs/det_actions_and_timing.json decoded through FPGAEnv (no VTR); core grid from baselines/*_resources.txt
arm_core,7,35,35,BRAM,15,11,0.42857142857142855,0.3142857142857143,0.31677440041967675,0.5882352941176471,data_export/logs/det_actions_and_timing.json decoded through FPGAEnv (no VTR); core grid from baselines/*_resources.txt
arm_core,7,35,35,BRAM,10,14,0.2857142857142857,0.4,0.37203266590216233,0.5294117647058824,data_export/logs/det_actions_and_timing.json decoded through FPGAEnv (no VTR); core grid from baselines/*_resources.txt
arm_core,7,35,35,BRAM,11,17,0.3142857142857143,0.4857142857142857,0.29411764705882354,0.5882352941176471,data_export/logs/det_actions_and_timing.json decoded through FPGAEnv (no VTR); core grid from baselines/*_resources.txt
arm_core,7,35,35,BRAM,7,10,0.2,0.2857142857142857,0.5657465900491573,0.35294117647058826,data_export/logs/det_actions_and_timing.json decoded through FPGAEnv (no VTR); core grid from baselines/*_resources.txt
arm_core,7,35,35,BRAM,2,18,0.05714285714285714,0.5142857142857142,0.6655122646461624,0.058823529411764705,data_export/logs/det_actions_and_timing.json decoded through FPGAEnv (no VTR); core grid from baselines/*_resources.txt
arm_core,7,35,35,BRAM,22,17,0.6285714285714286,0.4857142857142857,0.17149858514250885,0.7647058823529411,data_export/logs/det_actions_and_timing.json decoded through FPGAEnv (no VTR); core grid from baselines/*_resources.txt
arm_core,7,35,35,BRAM,9,18,0.2571428571428571,0.5142857142857142,0.37435064886346636,0.47058823529411764,data_export/logs/det_actions_and_timing.json decoded through FPGAEnv (no VTR); core grid from baselines/*_resources.txt
arm_core,7,35,35,BRAM,21,6,0.6,0.17142857142857143,0.5144957554275265,0.29411764705882354,data_export/logs/det_actions_and_timing.json decoded through FPGAEnv (no VTR); core grid from baselines/*_resources.txt
arm_core,7,35,35,BRAM,18,19,0.5142857142857142,0.5428571428571428,0.04159451654038515,0.9411764705882353,data_export/logs/det_actions_and_timing.json decoded through FPGAEnv (no VTR); core grid from baselines/*_resources.txt
arm_core,7,35,35,BRAM,6,18,0.17142857142857143,0.5142857142857142,0.4991341984846218,0.29411764705882354,data_export/logs/det_actions_and_timing.json decoded through FPGAEnv (no VTR); core grid from baselines/*_resources.txt
arm_core,7,35,35,BRAM,12,5,0.34285714285714286,0.14285714285714285,0.5955428450387232,0.23529411764705882,data_export/logs/det_actions_and_timing.json decoded through FPGAEnv (no VTR); core grid from baselines/*_resources.txt
arm_core,7,35,35,BRAM,22,5,0.6285714285714286,0.14285714285714285,0.5657465900491573,0.23529411764705882,data_export/logs/det_actions_and_timing.json decoded through FPGAEnv (no VTR); core grid from baselines/*_resources.txt
arm_core,7,35,35,BRAM,13,3,0.37142857142857144,0.08571428571428572,0.6576670522058206,0.11764705882352941,data_export/logs/det_actions_and_timing.json decoded through FPGAEnv (no VTR); core grid from baselines/*_resources.txt
arm_core,7,35,35,BRAM,17,1,0.4857142857142857,0.02857142857142857,0.7083290928701351,0.0,data_export/logs/det_actions_and_timing.json decoded through FPGAEnv (no VTR); core grid from baselines/*_resources.txt
arm_core,7,35,35,BRAM,9,4,0.2571428571428571,0.11428571428571428,0.6922707232905777,0.17647058823529413,data_export/logs/det_actions_and_timing.json decoded through FPGAEnv (no VTR); core grid from baselines/*_resources.txt
arm_core,7,35,35,BRAM,12,14,0.34285714285714286,0.4,0.2999423243289873,0.6470588235294118,data_export/logs/det_actions_and_timing.json decoded through FPGAEnv (no VTR); core grid from baselines/*_resources.txt
arm_core,7,35,35,BRAM,5,15,0.14285714285714285,0.42857142857142855,0.554940066591565,0.23529411764705882,data_export/logs/det_actions_and_timing.json decoded through FPGAEnv (no VTR); core grid from baselines/*_resources.txt
arm_core,7,35,35,BRAM,4,12,0.11428571428571428,0.34285714285714286,0.6335488008393535,0.17647058823529413,data_export/logs/det_actions_and_timing.json decoded through FPGAEnv (no VTR); core grid from baselines/*_resources.txt
arm_core,42,35,35,BRAM,2,9,0.05714285714285714,0.2571428571428571,0.76357382269101,0.058823529411764705,data_export/logs/det_actions_and_timing.json decoded through FPGAEnv (no VTR); core grid from baselines/*_resources.txt
arm_core,42,35,35,BRAM,11,4,0.3142857142857143,0.11428571428571428,0.651057165328784,0.17647058823529413,data_export/logs/det_actions_and_timing.json decoded through FPGAEnv (no VTR); core grid from baselines/*_resources.txt
arm_core,42,35,35,BRAM,13,7,0.37142857142857144,0.2,0.5025884556069137,0.35294117647058826,data_export/logs/det_actions_and_timing.json decoded through FPGAEnv (no VTR); core grid from baselines/*_resources.txt
arm_core,42,35,35,BRAM,8,14,0.22857142857142856,0.4,0.44798665328611226,0.4117647058823529,data_export/logs/det_actions_and_timing.json decoded through FPGAEnv (no VTR); core grid from baselines/*_resources.txt
arm_core,42,35,35,BRAM,12,4,0.34285714285714286,0.11428571428571428,0.6335488008393535,0.17647058823529413,data_export/logs/det_actions_and_timing.json decoded through FPGAEnv (no VTR); core grid from baselines/*_resources.txt
arm_core,42,35,35,BRAM,14,8,0.4,0.22857142857142856,0.44798665328611226,0.4117647058823529,data_export/logs/det_actions_and_timing.json decoded through FPGAEnv (no VTR); core grid from baselines/*_resources.txt
arm_core,42,35,35,BRAM,7,14,0.2,0.4,0.4868513340366721,0.35294117647058826,data_export/logs/det_actions_and_timing.json decoded through FPGAEnv (no VTR); core grid from baselines/*_resources.txt
arm_core,42,35,35,BRAM,10,2,0.2857142857142857,0.05714285714285714,0.7440653318043247,0.058823529411764705,data_export/logs/det_actions_and_timing.json decoded through FPGAEnv (no VTR); core grid from baselines/*_resources.txt
arm_core,42,35,35,BRAM,2,18,0.05714285714285714,0.5142857142857142,0.6655122646461624,0.058823529411764705,data_export/logs/det_actions_and_timing.json decoded through FPGAEnv (no VTR); core grid from baselines/*_resources.txt
arm_core,42,35,35,BRAM,21,16,0.6,0.45714285714285713,0.14997116216449366,0.8235294117647058,data_export/logs/det_actions_and_timing.json decoded through FPGAEnv (no VTR); core grid from baselines/*_resources.txt
arm_core,42,35,35,BRAM,3,8,0.08571428571428572,0.22857142857142856,0.7498558108224683,0.11764705882352941,data_export/logs/det_actions_and_timing.json decoded through FPGAEnv (no VTR); core grid from baselines/*_resources.txt
arm_core,42,35,35,BRAM,1,3,0.02857142857142857,0.08571428571428572,0.9430129142283176,0.0,data_export/logs/det_actions_and_timing.json decoded through FPGAEnv (no VTR); core grid from baselines/*_resources.txt
arm_core,42,35,35,BRAM,5,17,0.14285714285714285,0.4857142857142857,0.5423261445466405,0.23529411764705882,data_export/logs/det_actions_and_timing.json decoded through FPGAEnv (no VTR); core grid from baselines/*_resources.txt
arm_core,42,35,35,BRAM,19,6,0.5428571428571428,0.17142857142857143,0.5008643048801883,0.29411764705882354,data_export/logs/det_actions_and_timing.json decoded through FPGAEnv (no VTR); core grid from baselines/*_resources.txt
arm_core,42,35,35,BRAM,15,14,0.42857142857142855,0.4,0.20797258270192576,0.7647058823529411,data_export/logs/det_actions_and_timing.json decoded through FPGAEnv (no VTR); core grid from baselines/*_resources.txt
arm_core,42,35,35,BRAM,10,16,0.2857142857142857,0.45714285714285713,0.3429971702850177,0.5294117647058824,data_export/logs/det_actions_and_timing.json decoded through FPGAEnv (no VTR); core grid from baselines/*_resources.txt
arm_core,42,35,35,BRAM,12,17,0.34285714285714286,0.4857142857142857,0.25300956667772434,0.6470588235294118,data_export/logs/det_actions_and_timing.json decoded through FPGAEnv (no VTR); core grid from baselines/*_resources.txt
arm_core,42,35,35,BRAM,9,6,0.2571428571428571,0.17142857142857143,0.6239177481057773,0.29411764705882354,data_export/logs/det_actions_and_timing.json decoded through FPGAEnv (no VTR); core grid from baselines/*_resources.txt
arm_core,42,35,35,BRAM,16,18,0.45714285714285713,0.5142857142857142,0.0831890330807703,0.8823529411764706,data_export/logs/det_actions_and_timing.json decoded through FPGAEnv (no VTR); core grid from baselines/*_resources.txt
arm_core,42,35,35,BRAM,17,19,0.4857142857142857,0.5428571428571428,0.05882352941176471,0.9411764705882353,data_export/logs/det_actions_and_timing.json decoded through FPGAEnv (no VTR); core grid from baselines/*_resources.txt
arm_core,42,35,35,BRAM,6,2,0.17142857142857143,0.05714285714285714,0.831890330807703,0.058823529411764705,data_export/logs/det_actions_and_timing.json decoded through FPGAEnv (no VTR); core grid from baselines/*_resources.txt
arm_core,42,35,35,BRAM,19,12,0.5428571428571428,0.34285714285714286,0.25300956667772434,0.6470588235294118,data_export/logs/det_actions_and_timing.json decoded through FPGAEnv (no VTR); core grid from baselines/*_resources.txt
arm_core,42,35,35,BRAM,20,16,0.5714285714285714,0.45714285714285713,0.11764705882352942,0.8823529411764706,data_export/logs/det_actions_and_timing.json decoded through FPGAEnv (no VTR); core grid from baselines/*_resources.txt
arm_core,42,35,35,BRAM,2,2,0.05714285714285714,0.05714285714285714,0.9411764705882354,0.058823529411764705,data_export/logs/det_actions_and_timing.json decoded through FPGAEnv (no VTR); core grid from baselines/*_resources.txt
arm_core,123,35,35,BRAM,18,2,0.5142857142857142,0.05714285714285714,0.6655122646461624,0.058823529411764705,data_export/logs/det_actions_and_timing.json decoded through FPGAEnv (no VTR); core grid from baselines/*_resources.txt
arm_core,123,35,35,BRAM,1,9,0.02857142857142857,0.2571428571428571,0.8000865005138496,0.0,data_export/logs/det_actions_and_timing.json decoded through FPGAEnv (no VTR); core grid from baselines/*_resources.txt
arm_core,123,35,35,BRAM,12,5,0.34285714285714286,0.14285714285714285,0.5955428450387232,0.23529411764705882,data_export/logs/det_actions_and_timing.json decoded through FPGAEnv (no VTR); core grid from baselines/*_resources.txt
arm_core,123,35,35,BRAM,7,16,0.2,0.45714285714285713,0.4650408323777029,0.35294117647058826,data_export/logs/det_actions_and_timing.json decoded through FPGAEnv (no VTR); core grid from baselines/*_resources.txt
arm_core,123,35,35,BRAM,9,15,0.2571428571428571,0.42857142857142855,0.3946002313234923,0.47058823529411764,data_export/logs/det_actions_and_timing.json decoded through FPGAEnv (no VTR); core grid from baselines/*_resources.txt
arm_core,123,35,35,BRAM,12,19,0.34285714285714286,0.5428571428571428,0.25300956667772434,0.6470588235294118,data_export/logs/det_actions_and_timing.json decoded through FPGAEnv (no VTR); core grid from baselines/*_resources.txt
arm_core,123,35,35,BRAM,21,7,0.6,0.2,0.4742504557822676,0.35294117647058826,data_export/logs/det_actions_and_timing.json decoded through FPGAEnv (no VTR); core grid from baselines/*_resources.txt
arm_core,123,35,35,BRAM,11,17,0.3142857142857143,0.4857142857142857,0.29411764705882354,0.5882352941176471,data_export/logs/det_actions_and_timing.json decoded through FPGAEnv (no VTR); core grid from baselines/*_resources.txt
arm_core,123,35,35,BRAM,18,13,0.5142857142857142,0.37142857142857144,0.20797258270192576,0.7058823529411765,data_export/logs/det_actions_and_timing.json decoded through FPGAEnv (no VTR); core grid from baselines/*_resources.txt
arm_core,123,35,35,BRAM,19,16,0.5428571428571428,0.45714285714285713,0.09300816647554058,0.8823529411764706,data_export/logs/det_actions_and_timing.json decoded through FPGAEnv (no VTR); core grid from baselines/*_resources.txt
arm_core,123,35,35,BRAM,11,4,0.3142857142857143,0.11428571428571428,0.651057165328784,0.17647058823529413,data_export/logs/det_actions_and_timing.json decoded through FPGAEnv (no VTR); core grid from baselines/*_resources.txt
arm_core,123,35,35,BRAM,10,14,0.2857142857142857,0.4,0.37203266590216233,0.5294117647058824,data_export/logs/det_actions_and_timing.json decoded through FPGAEnv (no VTR); core grid from baselines/*_resources.txt
arm_core,123,35,35,BRAM,13,2,0.37142857142857144,0.05714285714285714,0.6972511524193941,0.058823529411764705,data_export/logs/det_actions_and_timing.json decoded through FPGAEnv (no VTR); core grid from baselines/*_resources.txt
arm_core,123,35,35,BRAM,5,17,0.14285714285714285,0.4857142857142857,0.5423261445466405,0.23529411764705882,data_export/logs/det_actions_and_timing.json decoded through FPGAEnv (no VTR); core grid from baselines/*_resources.txt
arm_core,123,35,35,BRAM,13,9,0.37142857142857144,0.2571428571428571,0.4282417581929717,0.47058823529411764,data_export/logs/det_actions_and_timing.json decoded through FPGAEnv (no VTR); core grid from baselines/*_resources.txt
arm_core,123,35,35,BRAM,3,15,0.08571428571428572,0.42857142857142855,0.6362737544936452,0.11764705882352941,data_export/logs/det_actions_and_timing.json decoded through FPGAEnv (no VTR); core grid from baselines/*_resources.txt
arm_core,123,35,35,BRAM,8,4,0.22857142857142856,0.11428571428571428,0.7156191212115552,0.17647058823529413,data_export/logs/det_actions_and_timing.json decoded through FPGAEnv (no VTR); core grid from baselines/*_resources.txt
arm_core,123,35,35,BRAM,2,10,0.05714285714285714,0.2857142857142857,0.7440653318043247,0.058823529411764705,data_export/logs/det_actions_and_timing.json decoded through FPGAEnv (no VTR); core grid from baselines/*_resources.txt
arm_core,123,35,35,BRAM,19,9,0.5428571428571428,0.2571428571428571,0.3766543669078147,0.47058823529411764,data_export/logs/det_actions_and_timing.json decoded through FPGAEnv (no VTR); core grid from baselines/*_resources.txt
arm_core,123,35,35,BRAM,20,19,0.5714285714285714,0.5428571428571428,0.09300816647554058,0.8823529411764706,data_export/logs/det_actions_and_timing.json decoded through FPGAEnv (no VTR); core grid from baselines/*_resources.txt
arm_core,123,35,35,BRAM,8,18,0.22857142857142856,0.5142857142857142,0.4159451654038515,0.4117647058823529,data_export/logs/det_actions_and_timing.json decoded through FPGAEnv (no VTR); core grid from baselines/*_resources.txt
arm_core,123,35,35,BRAM,6,16,0.17142857142857143,0.45714285714285713,0.5060191333554487,0.29411764705882354,data_export/logs/det_actions_and_timing.json decoded through FPGAEnv (no VTR); core grid from baselines/*_resources.txt
arm_core,123,35,35,BRAM,14,15,0.4,0.42857142857142855,0.20797258270192576,0.7647058823529411,data_export/logs/det_actions_and_timing.json decoded through FPGAEnv (no VTR); core grid from baselines/*_resources.txt
arm_core,123,35,35,BRAM,9,3,0.2571428571428571,0.08571428571428572,0.7276068751089989,0.11764705882352941,data_export/logs/det_actions_and_timing.json decoded through FPGAEnv (no VTR); core grid from baselines/*_resources.txt
softmax,7,41,41,DSP,19,12,0.4634146341463415,0.2926829268292683,0.32596012026013244,0.55,data_export/logs/det_actions_and_timing.json decoded through FPGAEnv (no VTR); core grid from baselines/*_resources.txt
softmax,7,41,41,DSP,17,15,0.4146341463414634,0.36585365853658536,0.2549509756796392,0.7,data_export/logs/det_actions_and_timing.json decoded through FPGAEnv (no VTR); core grid from baselines/*_resources.txt
softmax,7,41,41,DSP,1,9,0.024390243902439025,0.21951219512195122,0.8246211251235321,0.0,data_export/logs/det_actions_and_timing.json decoded through FPGAEnv (no VTR); core grid from baselines/*_resources.txt
softmax,7,41,41,DSP,7,16,0.17073170731707318,0.3902439024390244,0.5255949010407159,0.3,data_export/logs/det_actions_and_timing.json decoded through FPGAEnv (no VTR); core grid from baselines/*_resources.txt
softmax,7,41,41,DSP,14,14,0.34146341463414637,0.34146341463414637,0.35,0.65,data_export/logs/det_actions_and_timing.json decoded through FPGAEnv (no VTR); core grid from baselines/*_resources.txt
softmax,7,41,41,DSP,15,11,0.36585365853658536,0.2682926829268293,0.41231056256176607,0.5,data_export/logs/det_actions_and_timing.json decoded through FPGAEnv (no VTR); core grid from baselines/*_resources.txt
softmax,7,41,41,DSP,13,14,0.3170731707317073,0.34146341463414637,0.3758324094593227,0.6,data_export/logs/det_actions_and_timing.json decoded through FPGAEnv (no VTR); core grid from baselines/*_resources.txt
softmax,7,41,41,DSP,7,11,0.17073170731707318,0.2682926829268293,0.6082762530298219,0.3,data_export/logs/det_actions_and_timing.json decoded through FPGAEnv (no VTR); core grid from baselines/*_resources.txt
softmax,42,41,41,DSP,2,9,0.04878048780487805,0.21951219512195122,0.7945124291035351,0.05,data_export/logs/det_actions_and_timing.json decoded through FPGAEnv (no VTR); core grid from baselines/*_resources.txt
softmax,42,41,41,DSP,11,4,0.2682926829268293,0.0975609756097561,0.6973162840490676,0.15,data_export/logs/det_actions_and_timing.json decoded through FPGAEnv (no VTR); core grid from baselines/*_resources.txt
softmax,42,41,41,DSP,13,7,0.3170731707317073,0.17073170731707318,0.5700877125495689,0.3,data_export/logs/det_actions_and_timing.json decoded through FPGAEnv (no VTR); core grid from baselines/*_resources.txt
softmax,42,41,41,DSP,12,4,0.2926829268292683,0.0975609756097561,0.6800735254367721,0.15,data_export/logs/det_actions_and_timing.json decoded through FPGAEnv (no VTR); core grid from baselines/*_resources.txt
softmax,42,41,41,DSP,8,14,0.1951219512195122,0.34146341463414637,0.5220153254455275,0.35,data_export/logs/det_actions_and_timing.json decoded through FPGAEnv (no VTR); core grid from baselines/*_resources.txt
softmax,42,41,41,DSP,14,8,0.34146341463414637,0.1951219512195122,0.5220153254455275,0.35,data_export/logs/det_actions_and_timing.json decoded through FPGAEnv (no VTR); core grid from baselines/*_resources.txt
softmax,42,41,41,DSP,7,14,0.17073170731707318,0.34146341463414637,0.5533985905294664,0.3,data_export/logs/det_actions_and_timing.json decoded through FPGAEnv (no VTR); core grid from baselines/*_resources.txt
softmax,42,41,41,DSP,10,2,0.24390243902439024,0.04878048780487805,0.7762087348130012,0.05,data_export/logs/det_actions_and_timing.json decoded through FPGAEnv (no VTR); core grid from baselines/*_resources.txt
softmax,123,41,41,DSP,18,2,0.43902439024390244,0.04878048780487805,0.6800735254367721,0.05,data_export/logs/det_actions_and_timing.json decoded through FPGAEnv (no VTR); core grid from baselines/*_resources.txt
softmax,123,41,41,DSP,18,13,0.43902439024390244,0.3170731707317073,0.30207614933986426,0.6,data_export/logs/det_actions_and_timing.json decoded through FPGAEnv (no VTR); core grid from baselines/*_resources.txt
softmax,123,41,41,DSP,1,11,0.024390243902439025,0.2682926829268293,0.7905694150420949,0.0,data_export/logs/det_actions_and_timing.json decoded through FPGAEnv (no VTR); core grid from baselines/*_resources.txt
softmax,123,41,41,DSP,18,7,0.43902439024390244,0.17073170731707318,0.5062114182829147,0.3,data_export/logs/det_actions_and_timing.json decoded through FPGAEnv (no VTR); core grid from baselines/*_resources.txt
softmax,123,41,41,DSP,12,5,0.2926829268292683,0.12195121951219512,0.6490377492873585,0.2,data_export/logs/det_actions_and_timing.json decoded through FPGAEnv (no VTR); core grid from baselines/*_resources.txt
softmax,123,41,41,DSP,14,11,0.34146341463414637,0.2682926829268293,0.43156691254080165,0.5,data_export/logs/det_actions_and_timing.json decoded through FPGAEnv (no VTR); core grid from baselines/*_resources.txt
softmax,123,41,41,DSP,13,2,0.3170731707317073,0.04878048780487805,0.7288689868556626,0.05,data_export/logs/det_actions_and_timing.json decoded through FPGAEnv (no VTR); core grid from baselines/*_resources.txt
softmax,123,41,41,DSP,11,4,0.2682926829268293,0.0975609756097561,0.6973162840490676,0.15,data_export/logs/det_actions_and_timing.json decoded through FPGAEnv (no VTR); core grid from baselines/*_resources.txt
