circuit,seed,step_index,n_legal_actions,chosen_action_prob,top1_prob,top5_mass,top10_mass,top1pct_mass,uniform_reference_top10_mass,entropy,entropy_over_ln_n_legal,gini,source
custom_macbuf,7,1,84,0.3296951949596405,0.3296951857027102,0.6373385384545714,0.825091806357145,0.3296951857027102,0.11904761904761904,2.531583717889742,0.5713582467572625,0.879076299613939,policy distribution at the control rollout's own observations (no VTR)
custom_macbuf,7,2,99,0.1541978120803833,0.1541978215283184,0.5593084886640224,0.7671328861913784,0.1541978215283184,0.10101010101010101,2.851775806068242,0.6206096683168588,0.8692456976537108,policy distribution at the control rollout's own observations (no VTR)
custom_macbuf,7,3,92,0.15780290961265564,0.15780289988498836,0.5912606277171051,0.817492892863223,0.15780289988498836,0.10869565217391304,2.7142694237385223,0.6002645584791757,0.8764316640471825,policy distribution at the control rollout's own observations (no VTR)
custom_macbuf,7,4,87,0.15614792704582214,0.15614793463386403,0.5786787627215607,0.8286433585337756,0.15614793463386403,0.11494252873563218,2.70233361556533,0.6051028242783117,0.870524459196681,policy distribution at the control rollout's own observations (no VTR)
mkDelayWorker32B,7,1,2064,0.06384962797164917,0.06384963513376615,0.13730305390175532,0.18326549657910324,0.2364230765733771,0.0048449612403100775,6.808695723869449,0.8920778154778688,0.4245459458729177,policy distribution at the control rollout's own observations (no VTR)
mkDelayWorker32B,7,2,2053,0.030489744618535042,0.030489742179769685,0.09230422142192124,0.13530030975096355,0.18915344006810447,0.004870920603994155,7.0183638280793845,0.9201928665724586,0.38226415436672956,policy distribution at the control rollout's own observations (no VTR)
mkDelayWorker32B,7,3,2042,0.01886635273694992,0.018866354032408706,0.07744251537110815,0.11443352972810555,0.16902743462672631,0.004897159647404506,7.09381990891978,0.9307416811514564,0.36169558716689854,policy distribution at the control rollout's own observations (no VTR)
mkDelayWorker32B,7,4,2031,0.01644832268357277,0.01644832589080532,0.07066112644422921,0.10323529701128954,0.15769278678642143,0.004923682914820286,7.131461737491321,0.9363440423181325,0.34814374023620465,policy distribution at the control rollout's own observations (no VTR)
mkDelayWorker32B,7,5,2020,0.016420476138591766,0.016420476510576217,0.06325787495700493,0.09454020932281085,0.14883166236822856,0.0049504950495049506,7.160256651969737,0.940795578257123,0.33645935952046857,policy distribution at the control rollout's own observations (no VTR)
mkDelayWorker32B,7,6,2009,0.014561065472662449,0.014561065609862126,0.05465127812038849,0.08393567833042984,0.13612511230372198,0.004977600796416127,7.202104776921858,0.9469734671732626,0.3191443480289098,policy distribution at the control rollout's own observations (no VTR)
mkDelayWorker32B,7,7,1998,0.014653133228421211,0.014653134307264308,0.04731316980005042,0.0768502015391073,0.12317534954062548,0.005005005005005005,7.23421775853805,0.9518830370926873,0.3047255210126001,policy distribution at the control rollout's own observations (no VTR)
mkDelayWorker32B,7,8,1987,0.007649435196071863,0.00764943471767244,0.03417334352171038,0.06355354816860546,0.10723031153831003,0.0050327126321087065,7.280882890651633,0.9587196979072328,0.2868966790820766,policy distribution at the control rollout's own observations (no VTR)
mkDelayWorker32B,7,9,1976,0.007685498800128698,0.007685497454401492,0.033047997193959774,0.06175062189824827,0.1045365611518747,0.005060728744939271,7.287467320960928,0.9602886660816696,0.27994708452531936,policy distribution at the control rollout's own observations (no VTR)
mkDelayWorker32B,7,10,1965,0.006611666176468134,0.006611666115661894,0.032196916343695904,0.05963813691499959,0.10025628796775746,0.005089058524173028,7.305198940814333,0.9633338378316258,0.2672221880394079,policy distribution at the control rollout's own observations (no VTR)
mkDelayWorker32B,7,11,1959,0.0066334884613752365,0.006633488193938988,0.03214841346100468,0.058851119552171045,0.09684884739807266,0.005104645227156712,7.31706741987502,0.9652882027661955,0.25876150296132017,policy distribution at the control rollout's own observations (no VTR)
mkDelayWorker32B,7,12,1948,0.0067039551213383675,0.0067039545503467385,0.03199671727959087,0.05713259594053548,0.09465816253164339,0.00513347022587269,7.320828963670551,0.9665024012870046,0.25292516513558416,policy distribution at the control rollout's own observations (no VTR)
mkDelayWorker32B,7,13,1937,0.006555282045155764,0.006555281587012306,0.030996539326317303,0.055387921485608387,0.09231648600874172,0.005162622612287042,7.324636350813675,0.9677285401390548,0.24756943505876405,policy distribution at the control rollout's own observations (no VTR)
mkDelayWorker32B,7,14,1926,0.006574991624802351,0.006574991191138578,0.030205428470710404,0.05369383860135969,0.08909631398522407,0.005192107995846314,7.3324011709347126,0.9694838952629975,0.24011728088302942,policy distribution at the control rollout's own observations (no VTR)
mkDelayWorker32B,7,15,1915,0.006495166104286909,0.006495166489420512,0.029385448313236057,0.05175122157195132,0.08681631882434587,0.005221932114882507,7.339500931513394,0.9711580877710088,0.23152230345261682,policy distribution at the control rollout's own observations (no VTR)
mkDelayWorker32B,7,16,1904,0.006532902363687754,0.006532903073903954,0.028567783380607836,0.04987451557244694,0.08383028072821719,0.005252100840336135,7.34685115277716,0.9728722365561411,0.22315407788280006,policy distribution at the control rollout's own observations (no VTR)
mkDelayWorker32B,7,17,1894,0.005742213688790798,0.005742213625138812,0.027115001508284296,0.04819560323502809,0.07816987258344452,0.005279831045406547,7.357427381291027,0.9749525954868862,0.21253040965122905,policy distribution at the control rollout's own observations (no VTR)
mkDelayWorker32B,7,18,1888,0.005755589343607426,0.005755589479039019,0.02621626403403496,0.0465853548860253,0.07585620313561929,0.005296610169491525,7.361876395392001,0.9759524886642652,0.20783682296002115,policy distribution at the control rollout's own observations (no VTR)
mkDelayWorker32B,7,19,1878,0.005707242991775274,0.005707244089589308,0.025247081382673713,0.04511070769943602,0.07309435014318541,0.005324813631522897,7.36826752560218,0.9774879311791064,0.19994018561728621,policy distribution at the control rollout's own observations (no VTR)
mkDelayWorker32B,7,20,1870,0.005677786190062761,0.005677786246122239,0.02412946872022941,0.04342130311795851,0.06868387873112823,0.0053475935828877,7.380677513958593,0.9796890872149469,0.1885017963800022,policy distribution at the control rollout's own observations (no VTR)
mkDelayWorker32B,7,21,1859,0.0048778667114675045,0.004877865896218147,0.02287263366891543,0.04138089537053124,0.06601329581201999,0.0053792361484669175,7.382963612257719,0.9807605819580136,0.1828927035922212,policy distribution at the control rollout's own observations (no VTR)
mkDelayWorker32B,7,22,1850,0.004923622589558363,0.004923622248620719,0.02245975875303321,0.04010002503031909,0.06325144814062492,0.005405405405405406,7.386610011518716,0.9818779772381109,0.1765934798131079,policy distribution at the control rollout's own observations (no VTR)
mkDelayWorker32B,7,23,1841,0.0047480384819209576,0.004748039257162417,0.021764276843177898,0.03858076153680725,0.060943518937005406,0.005431830526887561,7.390369860542373,0.9830149999238552,0.16971506140392179,policy distribution at the control rollout's own observations (no VTR)
mkDelayWorker32B,7,24,1830,0.004417546559125185,0.004417547320936121,0.02121884927996548,0.03717808694037687,0.059031416597522327,0.00546448087431694,7.394046765206843,0.9842886899276876,0.16137912595470527,policy distribution at the control rollout's own observations (no VTR)
mkDelayWorker32B,7,25,1819,0.004445339553058147,0.004445339048910684,0.02039509850220638,0.035858890864383056,0.057303068248562884,0.005497526113249038,7.3945304518376425,0.9851437383339492,0.15569810225165615,policy distribution at the control rollout's own observations (no VTR)
mkDelayWorker32B,7,26,1810,0.004437511321157217,0.0044375119022451726,0.019524349826602602,0.033597502134733406,0.05437146047588874,0.0055248618784530384,7.39743799896712,0.9861827768879443,0.14960926805999097,policy distribution at the control rollout's own observations (no VTR)
mkDelayWorker32B,7,27,1803,0.004207178484648466,0.0042071787973118205,0.018369777794788465,0.03200799907011753,0.052150150445680166,0.005546311702717693,7.400125066995401,0.9870508906426577,0.1441238700562657,policy distribution at the control rollout's own observations (no VTR)
mkDelayWorker32B,7,28,1792,0.004146052524447441,0.004146053580531711,0.017345438705799396,0.030105999190461245,0.04771304251598521,0.005580357142857143,7.401274362846214,0.988010655386519,0.13738932142644167,policy distribution at the control rollout's own observations (no VTR)
mkDelayWorker32B,7,29,1781,0.003571105422452092,0.003571105684466818,0.016001258055306142,0.028563871979990548,0.0458731745499615,0.005614823133071308,7.400441033145514,0.988712085891732,0.13238893740975932,policy distribution at the control rollout's own observations (no VTR)
mkDelayWorker32B,7,30,1775,0.0032315689604729414,0.0032315688899346665,0.014365828049649396,0.026344797930255348,0.0430703111836124,0.005633802816901409,7.404545800999672,0.989706699518365,0.12598437505322124,policy distribution at the control rollout's own observations (no VTR)
mkDelayWorker32B,7,31,1764,0.003096937667578459,0.003096937542046078,0.013744801889899162,0.025559763552203057,0.042014163612759836,0.005668934240362812,7.402269104113623,0.9902251750535039,0.12141121521903031,policy distribution at the control rollout's own observations (no VTR)
mkDelayWorker32B,7,32,1753,0.0027737536001950502,0.0027737537090753994,0.0132453654038454,0.024980428910708095,0.040826570448257174,0.005704506560182544,7.400808159412882,0.9908588889132455,0.11592930500002296,policy distribution at the control rollout's own observations (no VTR)
mkDelayWorker32B,7,33,1745,0.0027742108795791864,0.0027742111887938607,0.01303469348697741,0.024504005380563163,0.039582096144718026,0.0057306590257879654,7.400116173766095,0.9913733570861364,0.11138981813489068,policy distribution at the control rollout's own observations (no VTR)
mkDelayWorker32B,7,34,1734,0.0027274719905108213,0.0027274719281777703,0.012771127220809936,0.024054873883459667,0.03879041450388692,0.0057670126874279125,7.396854617843191,0.9917766145543401,0.10717013033593292,policy distribution at the control rollout's own observations (no VTR)
mkDelayWorker32B,7,35,1728,0.0026032065507024527,0.002603206654763325,0.012454636427179302,0.0234856568351839,0.038008041685797654,0.005787037037037037,7.395482529886693,0.9920537029050486,0.10451549700004437,policy distribution at the control rollout's own observations (no VTR)
mkDelayWorker32B,7,36,1725,0.0025348260533064604,0.00253482576577565,0.012218475352812452,0.022883989347891525,0.03727586400687345,0.005797101449275362,7.396144903284625,0.9923738681150327,0.10178729998922376,policy distribution at the control rollout's own observations (no VTR)
mkDelayWorker32B,7,37,1720,0.00253676762804389,0.0025367676817457364,0.011989247307666775,0.022318186943701333,0.03656673811485907,0.005813953488372093,7.395035601163732,0.9926116267446539,0.09950935332908228,policy distribution at the control rollout's own observations (no VTR)
mkDelayWorker32B,7,38,1713,0.002497468376532197,0.0024974682917531877,0.011801071297247123,0.02161128035493727,0.03521656684240667,0.005837711617046118,7.394559859170468,0.9930913740528753,0.09498480261094056,policy distribution at the control rollout's own observations (no VTR)
mkDelayWorker32B,7,39,1702,0.0024237458128482103,0.0024237453208121717,0.011331966407501061,0.020537856056567966,0.033385243241488415,0.005875440658049354,7.392888026090559,0.9937266064959703,0.08846149094012468,policy distribution at the control rollout's own observations (no VTR)
mkDelayWorker32B,7,40,1695,0.0023907809518277645,0.002390780942460438,0.010874927466966994,0.01997529905379125,0.03111866150897259,0.0058997050147492625,7.390468170478506,0.9939519569370083,0.08598667893046308,policy distribution at the control rollout's own observations (no VTR)
mkDelayWorker32B,7,41,1691,0.0023280687164515257,0.002328068805524889,0.010330595005677852,0.019156259519027594,0.029856933142601943,0.0059136605558840925,7.39067249113222,0.9942953816857725,0.0827721702004478,policy distribution at the control rollout's own observations (no VTR)
mkDelayWorker32B,7,42,1682,0.0022969639394432306,0.002296963893550398,0.009878914838718628,0.0185621006896579,0.02910823095639933,0.005945303210463734,7.387241786876287,0.9945478624752373,0.08013033560373861,policy distribution at the control rollout's own observations (no VTR)
mkDelayWorker32B,7,43,1672,0.0020235085394233465,0.002023508955170443,0.009440943908654839,0.017752269205001194,0.027843965001068748,0.005980861244019139,7.383620442942314,0.9948589998184793,0.07655576085646953,policy distribution at the control rollout's own observations (no VTR)
lightweight_cipher,7,1,84,0.41995769739151,0.41995765861926715,0.6965579976780216,0.8499001485737254,0.41995765861926715,0.11904761904761904,2.3071865006038133,0.5207135851805282,0.8955958859984787,policy distribution at the control rollout's own observations (no VTR)
lightweight_cipher,7,2,77,0.19686277210712433,0.19686278621592243,0.6273734795659313,0.8425132826287579,0.19686278621592243,0.12987012987012986,2.623810296583704,0.604034951331686,0.8659098259634492,policy distribution at the control rollout's own observations (no VTR)
lightweight_cipher,7,3,70,0.27684926986694336,0.276849261799057,0.701680453535055,0.916941468890937,0.276849261799057,0.14285714285714285,2.3872380859529683,0.5619020264693598,0.8828633586593393,policy distribution at the control rollout's own observations (no VTR)
reduction_layer,7,1,1554,0.07640494406223297,0.07640495098370478,0.16708861501201172,0.2236646718864867,0.26073193816586715,0.006435006435006435,6.371624188676035,0.8670542688455617,0.5048834917785578,policy distribution at the control rollout's own observations (no VTR)
reduction_layer,7,2,1543,0.03712165728211403,0.03712165365027383,0.1168146130894624,0.1694491358466781,0.2075015131400935,0.0064808813998703824,6.601909835177861,0.8992609624895875,0.461695529289768,policy distribution at the control rollout's own observations (no VTR)
reduction_layer,7,3,1532,0.02408786118030548,0.02408785830048405,0.09953408057121674,0.14575366050884425,0.1844544371789155,0.006527415143603133,6.684174396269708,0.9113545461379933,0.44055453697554814,policy distribution at the control rollout's own observations (no VTR)
reduction_layer,7,4,1521,0.02229168638586998,0.022291685022229345,0.09108617717133141,0.1320972888016844,0.17091512286447036,0.006574621959237344,6.728116290616832,0.9182479975087523,0.42558528482189883,policy distribution at the control rollout's own observations (no VTR)
reduction_layer,7,5,1510,0.020820222795009613,0.020820222989821974,0.08091171813468442,0.12044272358536066,0.15922371959285886,0.006622516556291391,6.764508522004232,0.9241302383131226,0.41234617374452864,policy distribution at the control rollout's own observations (no VTR)
reduction_layer,7,6,1499,0.02013271301984787,0.02013271573970414,0.07038896550473231,0.10743809173332387,0.139349304338744,0.0066711140760507,6.811910348720424,0.9315364804493975,0.39361161934201716,policy distribution at the control rollout's own observations (no VTR)
reduction_layer,7,7,1488,0.018273284658789635,0.018273282854847625,0.05330272982819996,0.089815534632237,0.12074458757515409,0.006720430107526882,6.86815738361603,0.940175281061736,0.3739160043569425,policy distribution at the control rollout's own observations (no VTR)
reduction_layer,7,8,1477,0.009924624115228653,0.009924625233273927,0.044304014517977025,0.08092059920377241,0.1105403084038378,0.006770480704129994,6.905065796274377,0.9461886879586171,0.357872762991134,policy distribution at the control rollout's own observations (no VTR)
reduction_layer,7,9,1466,0.00997927412390709,0.009979275007519661,0.0435212265120322,0.07844709647660741,0.10708901908379499,0.0068212824010914054,6.923367263950458,0.9496692897785198,0.3444381123194431,policy distribution at the control rollout's own observations (no VTR)
reduction_layer,7,10,1455,0.008889810182154179,0.008889810146061689,0.04188376694676741,0.07603825504753807,0.1043072827582112,0.006872852233676976,6.93049323602122,0.951629892166332,0.33659028159528837,policy distribution at the control rollout's own observations (no VTR)
reduction_layer,7,11,1449,0.008700781501829624,0.008700781252591872,0.04153621170896756,0.07424940608092648,0.10113858793787497,0.006901311249137336,6.944188891186807,0.9540517790116604,0.3269987170141635,policy distribution at the control rollout's own observations (no VTR)
reduction_layer,7,12,1438,0.008829919621348381,0.00882992007357685,0.040962403875414465,0.0722539368769173,0.0987760009541254,0.006954102920723227,6.947275623901506,0.9554762021423753,0.32139753237227153,policy distribution at the control rollout's own observations (no VTR)
reduction_layer,7,13,1427,0.008702277205884457,0.008702277131613147,0.0394782998023726,0.07013009847823846,0.09626269025527191,0.00700770847932726,6.9510382788010014,0.9570043829589658,0.31479978367673667,policy distribution at the control rollout's own observations (no VTR)
reduction_layer,7,14,1416,0.008283060975372791,0.008283061266342847,0.03812684066416395,0.06842992881414608,0.09416233753011158,0.007062146892655367,6.958508113157,0.9590545897822471,0.3052675824923896,policy distribution at the control rollout's own observations (no VTR)
reduction_layer,7,15,1405,0.00838271714746952,0.008382717122493177,0.03695095133202693,0.06674725589012813,0.09200968612510795,0.0071174377224199285,6.9651895311220295,0.9610083970453683,0.29633527462525855,policy distribution at the control rollout's own observations (no VTR)
reduction_layer,7,16,1394,0.00813601166009903,0.00813601114727306,0.03553794798888525,0.06409303765949163,0.08355688894623506,0.007173601147776184,6.974126245541916,0.9632860745005812,0.28747425088900647,policy distribution at the control rollout's own observations (no VTR)
reduction_layer,7,17,1384,0.007459913846105337,0.007459913888605025,0.03430111818930727,0.06269134709937006,0.08169077057365119,0.0072254335260115606,6.983654689684819,0.9655623342098821,0.27629457407272606,policy distribution at the control rollout's own observations (no VTR)
reduction_layer,7,18,1373,0.007241134066134691,0.007241133683975472,0.033418668998621316,0.06121593344120066,0.07953340699244604,0.007283321194464676,6.985141697075164,0.9668346177045282,0.27038571172394343,policy distribution at the control rollout's own observations (no VTR)
reduction_layer,7,19,1363,0.007037218194454908,0.007037218709219293,0.03260737709801663,0.05920624793528997,0.07709213770464562,0.007336757153338224,6.992392451021431,0.9688184628248341,0.26106195038313307,policy distribution at the control rollout's own observations (no VTR)
reduction_layer,7,20,1355,0.0069182864390313625,0.006918285609047218,0.032175360112717134,0.058059997876099986,0.07527344050216106,0.007380073800738007,7.004352190932621,0.9712677095884168,0.24869278280040108,policy distribution at the control rollout's own observations (no VTR)
reduction_layer,7,21,1349,0.006675684358924627,0.006675684345543042,0.031284824882321344,0.056317630576701,0.07286148201038786,0.007412898443291327,7.00793306256971,0.9723626323344897,0.24361023062439346,policy distribution at the control rollout's own observations (no VTR)
reduction_layer,7,22,1340,0.006708884611725807,0.006708884024059409,0.03082932541180163,0.0551580794268512,0.07066234792943574,0.007462686567164179,7.011293995651313,0.9737333698905801,0.23642699136781165,policy distribution at the control rollout's own observations (no VTR)
reduction_layer,7,23,1331,0.006412277929484844,0.006412277993869383,0.029717769772181945,0.0534274415820973,0.06831390688802051,0.007513148009015778,7.015714017446692,0.9752599980814668,0.2280299904426384,policy distribution at the control rollout's own observations (no VTR)
reduction_layer,7,24,1320,0.006327474024146795,0.00632747250683551,0.028749265333288986,0.051596937901150663,0.06630003352559757,0.007575757575757576,7.01613587988466,0.9764450912207288,0.22120372227299434,policy distribution at the control rollout's own observations (no VTR)
reduction_layer,7,25,1309,0.006138106808066368,0.006138107206863266,0.02786076529288187,0.05006303311556879,0.06442847824156413,0.007639419404125287,7.0195103513602986,0.978053782540217,0.21132475799864392,policy distribution at the control rollout's own observations (no VTR)
reduction_layer,7,26,1302,0.006167779676616192,0.006167779648254242,0.027061671825482504,0.04832817033061726,0.06209581409897833,0.007680491551459293,7.02309785638404,0.9792852655870495,0.2043039330666263,policy distribution at the control rollout's own observations (no VTR)
reduction_layer,7,27,1293,0.005538306664675474,0.005538306040482999,0.025614178646620515,0.04482196627728803,0.05497017954266571,0.007733952049497293,7.027244549674403,0.9808121152215825,0.1964386980426116,policy distribution at the control rollout's own observations (no VTR)
reduction_layer,7,28,1282,0.005406948272138834,0.005406949594774381,0.024468075415764873,0.04321057777807892,0.053147627468739196,0.0078003120124804995,7.0251252336356504,0.9816869523372885,0.19064511443157528,policy distribution at the control rollout's own observations (no VTR)
reduction_layer,7,29,1271,0.005283776205033064,0.005283776144060037,0.022899797387660664,0.04071422456346948,0.05011624645351283,0.007867820613690008,7.02618512149521,0.9830187977337268,0.182120879489718,policy distribution at the control rollout's own observations (no VTR)
reduction_layer,7,30,1265,0.00428650202229619,0.004286502230073368,0.020109639546502283,0.037157208597209855,0.04637142099764901,0.007905138339920948,7.033040762962271,0.9846298066531055,0.1730773106459471,policy distribution at the control rollout's own observations (no VTR)
reduction_layer,7,31,1254,0.004302019253373146,0.004302019930389281,0.019626323894028318,0.03638252117465564,0.04561662181107323,0.007974481658692184,7.029132169747049,0.9852873321338611,0.1675540138980176,policy distribution at the control rollout's own observations (no VTR)
reduction_layer,7,32,1243,0.004178480710834265,0.004178480433290331,0.01920440129967043,0.03575844685518779,0.0449254007971905,0.008045052292839904,7.026961069950092,0.9862009662917445,0.16048549060213868,policy distribution at the control rollout's own observations (no VTR)
arm_core,7,1,1050,0.090228371322155,0.0902283744346112,0.2103886490618794,0.28175498958298995,0.2903187915246336,0.009523809523809525,5.792047253579719,0.8326039556432064,0.6116295852436566,policy distribution at the control rollout's own observations (no VTR)
arm_core,7,2,1039,0.045408595353364944,0.04540859956965027,0.15821324826566247,0.2235713343041831,0.2326748298457812,0.009624639076034648,6.02216433799528,0.8669957108799682,0.5728288590162773,policy distribution at the control rollout's own observations (no VTR)
arm_core,7,3,1028,0.03353435918688774,0.03353436160816809,0.13803632250203696,0.1981757556684687,0.2070829850198643,0.009727626459143969,6.102500607873205,0.8799098267893605,0.5537471934421696,policy distribution at the control rollout's own observations (no VTR)
arm_core,7,4,1017,0.03292085602879524,0.032920852652609627,0.1255926770810854,0.1801499995984032,0.18927075728591208,0.00983284169124877,6.15593003081181,0.8889927231630482,0.5374526798654016,policy distribution at the control rollout's own observations (no VTR)
arm_core,7,5,1006,0.03123682551085949,0.031236826052348902,0.11087386409167797,0.16329695381176856,0.172629293252898,0.009940357852882704,6.203095482214849,0.8972130654663893,0.5231306475173401,policy distribution at the control rollout's own observations (no VTR)
arm_core,7,6,995,0.029096821323037148,0.029096824565228014,0.08958458408555535,0.13968538838680164,0.13968538838680164,0.010050251256281407,6.27103681564918,0.9084847942964994,0.5028013505070812,policy distribution at the control rollout's own observations (no VTR)
arm_core,7,7,984,0.02265339531004429,0.022653395589505323,0.07073627220185408,0.11904926838068083,0.11904926838068083,0.01016260162601626,6.331898903320921,0.9187815760616456,0.48171138022990556,policy distribution at the control rollout's own observations (no VTR)
arm_core,7,8,973,0.013808328658342361,0.01380832549719232,0.06122682704560512,0.10916867122517526,0.10916867122517526,0.010277492291880781,6.364400011611504,0.9250065019029338,0.46714765093407173,policy distribution at the control rollout's own observations (no VTR)
arm_core,7,9,962,0.013348579406738281,0.013348581484020256,0.060753243185102224,0.10710050807877028,0.10710050807877028,0.010395010395010396,6.380393454435987,0.928865923963464,0.45417849654008147,policy distribution at the control rollout's own observations (no VTR)
arm_core,7,10,951,0.013036797754466534,0.01303679940281277,0.0590130090822536,0.10435153932026059,0.10435153932026059,0.010515247108307046,6.384072091876002,0.9309601166907917,0.446920122224546,policy distribution at the control rollout's own observations (no VTR)
arm_core,7,11,945,0.012416252866387367,0.012416251718751638,0.05765125088238954,0.10139589378317222,0.10139589378317222,0.010582010582010581,6.398356001546798,0.9339050207023684,0.4369185529150248,policy distribution at the control rollout's own observations (no VTR)
arm_core,7,12,934,0.012529888190329075,0.012529889601593394,0.056108529479825205,0.09892465263949723,0.09892465263949723,0.010706638115631691,6.398249654749089,0.9354882223128157,0.4318201349462363,policy distribution at the control rollout's own observations (no VTR)
arm_core,7,13,923,0.012555290944874287,0.012555289813665486,0.05461679000058422,0.09639775257024033,0.09639775257024033,0.010834236186348862,6.398969606596955,0.9372169148055519,0.42553940048172434,policy distribution at the control rollout's own observations (no VTR)
arm_core,7,14,912,0.011537325568497181,0.011537325304405929,0.05241031172857881,0.0945784372048819,0.0945784372048819,0.010964912280701754,6.404524870364309,0.9396806286264046,0.41580600292434644,policy distribution at the control rollout's own observations (no VTR)
arm_core,7,15,901,0.011375759728252888,0.011375759937908151,0.05098507274775467,0.09367108424535296,0.09367108424535296,0.011098779134295227,6.407722073165017,0.9418265777040861,0.4071384108492555,policy distribution at the control rollout's own observations (no VTR)
arm_core,7,16,890,0.010917825624346733,0.01091782479374687,0.04920714346728425,0.09068242701923404,0.08296361260387106,0.011235955056179775,6.414590396882715,0.9445414837506594,0.3981917638132433,policy distribution at the control rollout's own observations (no VTR)
arm_core,7,17,879,0.012014334090054035,0.012014334357196682,0.05070570782814061,0.09206227371281644,0.08427530714503764,0.011376564277588168,6.406953819585534,0.945147827566174,0.3946057330789847,policy distribution at the control rollout's own observations (no VTR)
arm_core,7,18,869,0.010715608485043049,0.010715608675124924,0.04942464357370977,0.09109144633170906,0.08301535209751039,0.011507479861910242,6.414734774405458,0.9478956003363423,0.38292675366150464,policy distribution at the control rollout's own observations (no VTR)
arm_core,7,19,859,0.010464274324476719,0.010464272690106899,0.04882386495553448,0.088732474594644,0.08162732451301309,0.011641443538998836,6.421077424991409,0.9504584154878786,0.3728014550422072,policy distribution at the control rollout's own observations (no VTR)
arm_core,7,20,851,0.010302814655005932,0.010302815885671068,0.048835551611651686,0.08825251908886717,0.08108441987979256,0.011750881316098707,6.433028791717322,0.9535481481291713,0.3592320428269873,policy distribution at the control rollout's own observations (no VTR)
arm_core,7,21,845,0.010238190181553364,0.01023818926924211,0.047972083473620974,0.08634731381974742,0.07918663921155697,0.011834319526627219,6.435669417110841,0.9549410829229618,0.35379266196088444,policy distribution at the control rollout's own observations (no VTR)
arm_core,7,22,836,0.010360077023506165,0.010360077358040313,0.047675209728059276,0.08534513223830216,0.07807237441364268,0.011961722488038277,6.437140684175162,0.956679444553872,0.34612978684355866,policy distribution at the control rollout's own observations (no VTR)
arm_core,7,23,827,0.010084453038871288,0.010084452812585715,0.04633941769926777,0.0834994874784576,0.07683399845732455,0.012091898428053204,6.440785294060168,0.9587634035909486,0.3365403755256462,policy distribution at the control rollout's own observations (no VTR)
arm_core,7,24,816,0.009887916035950184,0.0098879151178002,0.044983707847989864,0.08112896039261401,0.07499458223842624,0.012254901960784314,6.43890326772973,0.9603975719314266,0.32884996828606927,policy distribution at the control rollout's own observations (no VTR)
softmax,7,1,1558,0.07575955241918564,0.07575955678514998,0.16386187834627353,0.21933875705342964,0.25591146930635145,0.006418485237483954,6.387415300566461,0.8688991725958032,0.5014692112074133,policy distribution at the control rollout's own observations (no VTR)
softmax,7,2,1551,0.03721289709210396,0.037212897564646914,0.11142306357550189,0.16355975599037384,0.20177208189956386,0.006447453255963894,6.615269470728328,0.9004464377048595,0.46150758456967744,policy distribution at the control rollout's own observations (no VTR)
softmax,7,3,1544,0.02264982834458351,0.022649827288550344,0.09370037290186163,0.1390684135611053,0.1782792257842573,0.006476683937823834,6.70180017872234,0.9127866980110166,0.44033522237043043,policy distribution at the control rollout's own observations (no VTR)
softmax,7,4,1537,0.01972857303917408,0.019728573356550448,0.08601454876900365,0.12625002738160263,0.16584539261154835,0.006506180871828237,6.743426407713266,0.9190249770643572,0.4270948899004421,policy distribution at the control rollout's own observations (no VTR)
softmax,7,5,1530,0.020196355879306793,0.02019635615093986,0.07775608461620957,0.11627719800845371,0.15635617939569346,0.006535947712418301,6.776370063092483,0.9240895671264205,0.4153659952780133,policy distribution at the control rollout's own observations (no VTR)
softmax,7,6,1523,0.017743516713380814,0.017743517834623725,0.06776533890327824,0.10545109133703756,0.14588023619558843,0.006565988181221274,6.810713930712104,0.9293541859945725,0.40421447951984946,policy distribution at the control rollout's own observations (no VTR)
softmax,7,7,1516,0.01775476709008217,0.017754765741089494,0.06005603550049163,0.09695659167141123,0.1370706286444326,0.006596306068601583,6.841085549754098,0.9340857202956102,0.3925674126206711,policy distribution at the control rollout's own observations (no VTR)
softmax,7,8,1509,0.01057420764118433,0.010574208323966099,0.04478063257851844,0.08183508615362714,0.12087631726693418,0.0066269052352551355,6.894015475978129,0.9419080172757923,0.3745040094048917,policy distribution at the control rollout's own observations (no VTR)
custom_macbuf,42,1,84,0.39597558975219727,0.395975595222689,0.7089594998552409,0.8723328140938387,0.395975595222689,0.11904761904761904,2.2795922054511277,0.5144857729270654,0.9008559639590903,policy distribution at the control rollout's own observations (no VTR)
custom_macbuf,42,2,101,0.3342786729335785,0.3342786628346389,0.695879833238552,0.9009252924238482,0.4483974887565241,0.09900990099009901,2.3770441288081887,0.5150557000914715,0.9147248315993151,policy distribution at the control rollout's own observations (no VTR)
custom_macbuf,42,3,94,0.18056310713291168,0.18056310863348282,0.6593997607790382,0.913503222308587,0.18056310863348282,0.10638297872340426,2.4965512609047606,0.5495023722976188,0.9007318367656807,policy distribution at the control rollout's own observations (no VTR)
custom_macbuf,42,4,87,0.2275589108467102,0.2275589368751829,0.7595377986164129,0.93457386156595,0.2275589368751829,0.11494252873563218,2.3559483071719307,0.5275407027141643,0.9062501131893459,policy distribution at the control rollout's own observations (no VTR)
mkDelayWorker32B,42,1,2064,0.020419741049408913,0.020419743530562588,0.07567436701903694,0.12348246584691328,0.19436195153554073,0.0048449612403100775,7.006691777091913,0.9180193311212724,0.3982200377898577,policy distribution at the control rollout's own observations (no VTR)
mkDelayWorker32B,42,2,2053,0.017829975113272667,0.01782997717732813,0.06765331924827245,0.1149454324391622,0.1829012019881827,0.004870920603994155,7.049314116398378,0.9242508258386274,0.38376744358931525,policy distribution at the control rollout's own observations (no VTR)
mkDelayWorker32B,42,3,2044,0.016881676390767097,0.01688167430149967,0.060147265910437266,0.10509683288087077,0.16748223709314936,0.004892367906066536,7.100821862064209,0.9315407195448024,0.36560549454001157,policy distribution at the control rollout's own observations (no VTR)
mkDelayWorker32B,42,4,2033,0.011901049874722958,0.011901052353146372,0.05446063278048119,0.09889256592216422,0.15841667300411802,0.004918839153959666,7.133988373567631,0.9365547527164448,0.3514998060329986,policy distribution at the control rollout's own observations (no VTR)
mkDelayWorker32B,42,5,2024,0.011991085484623909,0.01199108574414992,0.054006689465674926,0.09719748027510688,0.14923312721593968,0.004940711462450593,7.166296101638121,0.941344431922149,0.3353692099603507,policy distribution at the control rollout's own observations (no VTR)
mkDelayWorker32B,42,6,2013,0.011577095836400986,0.011577093425590225,0.053201009616705444,0.09455655921023307,0.14391277364615557,0.004967709885742673,7.185681822477838,0.9445670488217319,0.3233864852826862,policy distribution at the control rollout's own observations (no VTR)
mkDelayWorker32B,42,7,2002,0.011004438623785973,0.011004437616792996,0.05103698930266942,0.08645307925108671,0.13038733060348853,0.004995004995004995,7.232189471634069,0.9513657910622189,0.30091986372272106,policy distribution at the control rollout's own observations (no VTR)
mkDelayWorker32B,42,8,1995,0.011151010170578957,0.01115101310786369,0.05001002284189129,0.08188674613866459,0.121931378251256,0.005012531328320802,7.2525329312951134,0.9544816765954807,0.2895847513123426,policy distribution at the control rollout's own observations (no VTR)
mkDelayWorker32B,42,9,1984,0.011039047501981258,0.011039048701595397,0.047676800343301524,0.07679713187829157,0.11599596034253529,0.005040322580645161,7.2664873345651095,0.9570145490563424,0.28161502543252914,policy distribution at the control rollout's own observations (no VTR)
mkDelayWorker32B,42,10,1975,0.010044829919934273,0.010044829833638266,0.04534464476789661,0.07172230290099027,0.11005630552281959,0.005063291139240506,7.28304575315895,0.959770044458162,0.2725522158563647,policy distribution at the control rollout's own observations (no VTR)
mkDelayWorker32B,42,11,1964,0.009681922383606434,0.009681922334400421,0.041551204187100545,0.0658745310646674,0.10260504990823663,0.0050916496945010185,7.308058489374317,0.9637756201217195,0.2574778286444188,policy distribution at the control rollout's own observations (no VTR)
mkDelayWorker32B,42,12,1956,0.009815417230129242,0.00981541649935935,0.03757820231462425,0.06147601463414816,0.09766258573412483,0.005112474437627812,7.321817478016443,0.9661101726016051,0.24858929048770562,policy distribution at the control rollout's own observations (no VTR)
mkDelayWorker32B,42,13,1945,0.008816915564239025,0.0088169163345062,0.033564112753114765,0.05675060378710986,0.09242423569767413,0.005141388174807198,7.336153352468594,0.9687226510154001,0.23818943057932507,policy distribution at the control rollout's own observations (no VTR)
mkDelayWorker32B,42,14,1934,0.008750361390411854,0.008750359799255933,0.03041807521221249,0.05273717148524734,0.08736192662525406,0.005170630816959669,7.348817212449464,0.9711221777199288,0.22856546123602595,policy distribution at the control rollout's own observations (no VTR)
mkDelayWorker32B,42,15,1923,0.005756187252700329,0.005756186505655215,0.027041065256842692,0.04805715922560522,0.08095816822569145,0.005200208008320333,7.365184365442648,0.9740192160967241,0.21672872633337015,policy distribution at the control rollout's own observations (no VTR)
mkDelayWorker32B,42,16,1912,0.005540447309613228,0.0055404461280065395,0.02620399231034156,0.04667416919190211,0.07884578238672003,0.005230125523012552,7.368944190523432,0.9752563192931057,0.20997657766221178,policy distribution at the control rollout's own observations (no VTR)
mkDelayWorker32B,42,17,1901,0.005617993418127298,0.0056179934690182695,0.02536173700046029,0.04559728428116518,0.0760625777671369,0.0052603892688058915,7.3748527960739025,0.9767841848571743,0.20200285989054367,policy distribution at the control rollout's own observations (no VTR)
mkDelayWorker32B,42,18,1890,0.005624204874038696,0.005624204663057803,0.02433894343641072,0.04419973745910978,0.07138102047594515,0.005291005291005291,7.378545964484588,0.9780250734995983,0.19501931639787173,policy distribution at the control rollout's own observations (no VTR)
mkDelayWorker32B,42,19,1879,0.005225012078881264,0.005225011793782544,0.02329816868063942,0.04204398699731705,0.06784118970420937,0.005321979776476849,7.385764596819161,0.9797399344821232,0.18557232420274095,policy distribution at the control rollout's own observations (no VTR)
mkDelayWorker32B,42,20,1868,0.004924084525555372,0.004924084365827737,0.022449151350273103,0.04037557457919752,0.06566618239771736,0.0053533190578158455,7.386920747781538,0.9806570886345867,0.18047638190870674,policy distribution at the control rollout's own observations (no VTR)
mkDelayWorker32B,42,21,1857,0.00461508659645915,0.004615087260848397,0.021308449836241646,0.03777406419531465,0.06165336028685832,0.005385029617662897,7.391908735091637,0.9820892938837948,0.1731368236890476,policy distribution at the control rollout's own observations (no VTR)
mkDelayWorker32B,42,22,1851,0.004537094850093126,0.0045370940921691544,0.020536662141193228,0.03639738631568113,0.05963563388512246,0.005402485143165856,7.393856140868709,0.9827705863390457,0.16949905917041086,policy distribution at the control rollout's own observations (no VTR)
mkDelayWorker32B,42,23,1844,0.004349625203758478,0.004349624853972428,0.019577119554916037,0.03502462569224244,0.056032114114387216,0.005422993492407809,7.400341921738881,0.9841282760033746,0.16182071359497452,policy distribution at the control rollout's own observations (no VTR)
mkDelayWorker32B,42,24,1833,0.004260163754224777,0.004260164581606245,0.01816614301714997,0.03262720983840553,0.0524995484836414,0.005455537370430988,7.4048113079165985,0.9855067668536128,0.1529781515507016,policy distribution at the control rollout's own observations (no VTR)
mkDelayWorker32B,42,25,1830,0.003998925909399986,0.003998926095381726,0.017072124502192452,0.031108195011937515,0.05038723874950105,0.00546448087431694,7.407920744395417,0.9861355812489414,0.14972813874740143,policy distribution at the control rollout's own observations (no VTR)
mkDelayWorker32B,42,26,1822,0.0034559022169560194,0.0034559017062108944,0.01630212707729657,0.02941579076655368,0.0479146025809939,0.005488474204171241,7.410277608156468,0.9870249745722426,0.14379273591555708,policy distribution at the control rollout's own observations (no VTR)
mkDelayWorker32B,42,27,1814,0.0034443174954503775,0.003444317412762573,0.016042971365577367,0.02841958312077321,0.046635481573511994,0.005512679162072767,7.409250372582569,0.9874669294774309,0.14032130608627336,policy distribution at the control rollout's own observations (no VTR)
mkDelayWorker32B,42,28,1812,0.0032374667935073376,0.003237466507694627,0.015315490121207408,0.02734824424384044,0.045117563193824366,0.005518763796909493,7.411394442122899,0.9878979222067916,0.1375914629210433,policy distribution at the control rollout's own observations (no VTR)
mkDelayWorker32B,42,29,1801,0.003188598668202758,0.0031885987105139567,0.014851328881087183,0.026564848728941017,0.04309171216001057,0.00555247084952804,7.410129380404232,0.9885316370888583,0.13238988557658016,policy distribution at the control rollout's own observations (no VTR)
mkDelayWorker32B,42,30,1793,0.0031822186429053545,0.0031822192613752106,0.014312053086879358,0.025553600706734906,0.04020076514150961,0.005577244841048522,7.408803950955202,0.9889421458954777,0.12897804877600905,policy distribution at the control rollout's own observations (no VTR)
mkDelayWorker32B,42,31,1782,0.0031995100434869528,0.003199510663175709,0.013579153059037815,0.024545227740467017,0.038213877190968956,0.005611672278338945,7.407801714973548,0.9896212704354839,0.12300549175433129,policy distribution at the control rollout's own observations (no VTR)
mkDelayWorker32B,42,32,1776,0.0027368541341274977,0.0027368541682637605,0.01279905989897662,0.023463110964960926,0.03650810487003778,0.00563063063063063,7.407445892770296,0.9900198016705182,0.11996848867459176,policy distribution at the control rollout's own observations (no VTR)
mkDelayWorker32B,42,33,1771,0.002754183718934655,0.0027541836339528944,0.012486114945564682,0.022660432848371923,0.03375210054848707,0.00564652738565782,7.4086094973595245,0.9905485615168822,0.11539588392222666,policy distribution at the control rollout's own observations (no VTR)
mkDelayWorker32B,42,34,1764,0.0026300905738025904,0.002630090623298961,0.012150597288764546,0.021672317700398343,0.03221947550872336,0.005668934240362812,7.40732776413294,0.9909018881576492,0.11196341484899297,policy distribution at the control rollout's own observations (no VTR)
mkDelayWorker32B,42,35,1758,0.0024329267907887697,0.0024329266701505164,0.011338619884389521,0.019954148039778238,0.029650207302866598,0.005688282138794084,7.407630712569834,0.9913942786146968,0.1076647113823328,policy distribution at the control rollout's own observations (no VTR)
mkDelayWorker32B,42,36,1757,0.0024248685222119093,0.002424868177560075,0.010956063007897953,0.018980198985309858,0.028351459697066532,0.005691519635742743,7.408579508338055,0.9915967703472598,0.10612123850877264,policy distribution at the control rollout's own observations (no VTR)
mkDelayWorker32B,42,37,1749,0.0023807440884411335,0.0023807440658659856,0.01041601984198003,0.017923238284431427,0.027149239181146215,0.005717552887364208,7.405679308198523,0.9918144089680503,0.10427525472164167,policy distribution at the control rollout's own observations (no VTR)
mkDelayWorker32B,42,38,1738,0.0020953393541276455,0.0020953392551951383,0.009729261399948086,0.01688687959116081,0.025961264207805403,0.005753739930955121,7.401732279855181,0.9921241066523099,0.10054872792228209,policy distribution at the control rollout's own observations (no VTR)
mkDelayWorker32B,42,39,1727,0.0021016718819737434,0.002101671797988042,0.009311838169066009,0.016113595509524056,0.025001082850851546,0.005790387955993051,7.397362745251188,0.9923829811778117,0.09700946299094237,policy distribution at the control rollout's own observations (no VTR)
mkDelayWorker32B,42,40,1716,0.0020812072325497866,0.0020812075161853695,0.008665544929042195,0.014900235976475197,0.023290851999300692,0.005827505827505828,7.393211086784078,0.9926769582907609,0.0930184025565648,policy distribution at the control rollout's own observations (no VTR)
mkDelayWorker32B,42,41,1712,0.0016771306982263923,0.0016771306619537726,0.00731076878050764,0.013290785547674313,0.02121242520622084,0.005841121495327103,7.393113251004013,0.9929749667766323,0.0900056403945082,policy distribution at the control rollout's own observations (no VTR)
mkDelayWorker32B,42,42,1706,0.001605110359378159,0.0016051103681079986,0.0069151806322704755,0.012763176648444455,0.02038757188158132,0.005861664712778429,7.390441338936826,0.9930843813292091,0.08822822918734574,policy distribution at the control rollout's own observations (no VTR)
mkDelayWorker32B,42,43,1695,0.001476243487559259,0.0014762434740469741,0.006595474025401154,0.012243294859930285,0.0185375936029574,0.0058997050147492625,7.384927795618211,0.9932068260051746,0.08601710043212529,policy distribution at the control rollout's own observations (no VTR)
lightweight_cipher,42,1,84,0.21347463130950928,0.21347463827886315,0.5508032211179237,0.6761088349863736,0.21347463827886315,0.11904761904761904,3.154171637221997,0.7118713728009266,0.7558217276032775,policy distribution at the control rollout's own observations (no VTR)
lightweight_cipher,42,2,77,0.21675828099250793,0.21675826784875676,0.49885246485474316,0.6315436539059387,0.21675826784875676,0.12987012987012986,3.260129227745893,0.7505237714710202,0.7196892161550552,policy distribution at the control rollout's own observations (no VTR)
lightweight_cipher,42,3,70,0.14368268847465515,0.14368269343835294,0.4269167108795994,0.5867681687375825,0.14368269343835294,0.14285714285714285,3.386385612006945,0.797078828873407,0.67548344300674,policy distribution at the control rollout's own observations (no VTR)
reduction_layer,42,1,1554,0.0254839938133955,0.025483989717041026,0.09331462056776271,0.15267065786728676,0.20838512576522555,0.006435006435006435,6.5851319356762845,0.8961085253406597,0.48247690889516903,policy distribution at the control rollout's own observations (no VTR)
reduction_layer,42,2,1543,0.022069934755563736,0.022069932928967414,0.08389448332091162,0.14276320795811268,0.19742500079366887,0.0064808813998703824,6.631941268510076,0.9033516114559471,0.467521342264547,policy distribution at the control rollout's own observations (no VTR)
reduction_layer,42,3,1534,0.020957499742507935,0.02095750087311455,0.07531195447082054,0.13199181076672742,0.18187474928352698,0.00651890482398957,6.687304263627166,0.9116191293217021,0.44897548605654913,policy distribution at the control rollout's own observations (no VTR)
reduction_layer,42,4,1523,0.014904438517987728,0.014904438125366008,0.06902000964410439,0.12512900164416677,0.17350915967697866,0.006565988181221274,6.721745328273638,0.9172139986457215,0.4347404156527821,policy distribution at the control rollout's own observations (no VTR)
reduction_layer,42,5,1514,0.015508041717112064,0.015508044898773507,0.06914978496085514,0.12418616875735787,0.16558794395768675,0.0066050198150594455,6.7551848621243575,0.9225230777085652,0.4181788476763866,policy distribution at the control rollout's own observations (no VTR)
reduction_layer,42,6,1503,0.014734406024217606,0.014734406033946632,0.06825223103946984,0.12151534211463524,0.16029525558803864,0.00665335994677312,6.7758630179721235,0.926269409463377,0.4054714288760086,policy distribution at the control rollout's own observations (no VTR)
reduction_layer,42,7,1492,0.014346619136631489,0.014346615515268262,0.06677109366545138,0.11291276933335742,0.1422668038317677,0.006702412868632708,6.8266952192158,0.9341562755697533,0.3814972328295292,policy distribution at the control rollout's own observations (no VTR)
reduction_layer,42,8,1485,0.014721854589879513,0.01472185483123772,0.06557177673493866,0.10765661801689766,0.13679750813927227,0.006734006734006734,6.8492095626246,0.9378406246291197,0.3692659728202181,policy distribution at the control rollout's own observations (no VTR)
reduction_layer,42,9,1474,0.014586991630494595,0.014586993637813508,0.06273788797670332,0.10137755142461997,0.12981388548483677,0.0067842605156037995,6.864896512868423,0.9409465179882822,0.3606680794122361,policy distribution at the control rollout's own observations (no VTR)
reduction_layer,42,10,1465,0.013342995196580887,0.013342995532925183,0.06003726518246626,0.09516014165770548,0.12284495152996051,0.006825938566552901,6.884181519831537,0.9443826250488181,0.35057979486886737,policy distribution at the control rollout's own observations (no VTR)
reduction_layer,42,11,1454,0.013093635439872742,0.013093634952978064,0.05567315805433033,0.08823774426883718,0.11458457440593983,0.0068775790921595595,6.913676825684069,0.9494104495908318,0.33350896604894187,policy distribution at the control rollout's own observations (no VTR)
reduction_layer,42,12,1443,0.012868151068687439,0.012868151144175112,0.050655228848632966,0.0828931210768684,0.1090498368133662,0.00693000693000693,6.9295784468663975,0.9525875206437988,0.3221739965944874,policy distribution at the control rollout's own observations (no VTR)
reduction_layer,42,13,1435,0.011916130781173706,0.011916130087715374,0.045663871938951606,0.07712725846152829,0.1032413519442333,0.006968641114982578,6.946030284454253,0.955579393081087,0.3118991356956935,policy distribution at the control rollout's own observations (no VTR)
reduction_layer,42,14,1424,0.012011279352009296,0.012011279136890053,0.04165005236775611,0.07226445163630016,0.09822323137067371,0.007022471910112359,6.961474988723747,0.9587190729592475,0.3006820966888233,policy distribution at the control rollout's own observations (no VTR)
reduction_layer,42,15,1413,0.008166704326868057,0.008166705140157816,0.037366312458708986,0.06633956692523245,0.0917287513693112,0.007077140835102618,6.981991177182441,0.9625725078922,0.28669882519994583,policy distribution at the control rollout's own observations (no VTR)
reduction_layer,42,16,1402,0.007635130081325769,0.007635129720829242,0.03607542502793912,0.06463535663035155,0.08919634481704723,0.007132667617689016,6.98654623135073,0.96423941882044,0.27872100589811644,policy distribution at the control rollout's own observations (no VTR)
reduction_layer,42,17,1391,0.007669844664633274,0.007669845549094186,0.035067878516498646,0.06348819319263839,0.08305862106787454,0.007189072609633357,6.990048407493014,0.9657726752794293,0.27088331418735256,policy distribution at the control rollout's own observations (no VTR)
reduction_layer,42,18,1380,0.007826467975974083,0.007826467555563044,0.03417969171758073,0.06219911101506669,0.08006888291035616,0.007246376811594203,6.99700777913373,0.9677958241999612,0.2613325141170584,policy distribution at the control rollout's own observations (no VTR)
reduction_layer,42,19,1369,0.007466556970030069,0.007466556479585377,0.032985511863189786,0.0595930132986481,0.07657821252848254,0.007304601899196494,7.0060618579772775,0.9701220060201863,0.24989998573284078,policy distribution at the control rollout's own observations (no VTR)
reduction_layer,42,20,1358,0.006869031582027674,0.006869031105817371,0.031807414844886805,0.057237197867868746,0.07413339426885422,0.007363770250368188,7.007496994199162,0.9714058859240968,0.2437101624068403,policy distribution at the control rollout's own observations (no VTR)
reduction_layer,42,21,1347,0.006599754095077515,0.006599754006001286,0.03064866182937645,0.05379121491727198,0.07040988977961862,0.007423904974016332,7.013862804943673,0.9733857783843247,0.23472641469574795,policy distribution at the control rollout's own observations (no VTR)
reduction_layer,42,22,1340,0.006665058434009552,0.006665059135691313,0.029999214588796428,0.05221773535268925,0.06722977464061418,0.007462686567164179,7.022347938227688,0.9752685490974636,0.22530840610452985,policy distribution at the control rollout's own observations (no VTR)
reduction_layer,42,23,1334,0.006247788202017546,0.0062477877487267285,0.0283417099082045,0.050322259384932046,0.06474636165062587,0.0074962518740629685,7.0250500369352835,0.9762522678892264,0.220702794061163,policy distribution at the control rollout's own observations (no VTR)
reduction_layer,42,24,1323,0.006356691941618919,0.006356691827702657,0.026181628458395785,0.0469911092387403,0.06049846120726063,0.007558578987150416,7.031404317679208,0.9782609488922406,0.2093643972272714,policy distribution at the control rollout's own observations (no VTR)
reduction_layer,42,25,1320,0.005818098317831755,0.005818098336140447,0.024551226369064573,0.044646180608175004,0.05770562653893782,0.007575757575757576,7.036214052924947,0.9792393976368969,0.2049923924335313,policy distribution at the control rollout's own observations (no VTR)
reduction_layer,42,26,1312,0.004946656990796328,0.0049466564586595945,0.023518289237705856,0.042373515530981044,0.05509454723088943,0.007621951219512195,7.03956261722778,0.9805349829162004,0.19739079861408504,policy distribution at the control rollout's own observations (no VTR)
reduction_layer,42,27,1304,0.004822734277695417,0.004822734587733223,0.023229949272704956,0.04100290996052507,0.05343664944040586,0.007668711656441718,7.037995459884566,0.9811525625613395,0.19310114499048736,policy distribution at the control rollout's own observations (no VTR)
reduction_layer,42,28,1302,0.00472581060603261,0.004725810552873713,0.02238251336818673,0.03965471291080622,0.05173593095981232,0.007680491551459293,7.040754618232661,0.981747285491929,0.18968527118082545,policy distribution at the control rollout's own observations (no VTR)
reduction_layer,42,29,1294,0.0047717285342514515,0.004771728310800656,0.021725002124570063,0.038622751187532944,0.04758067276103822,0.0077279752704791345,7.038915126978373,0.9823350131399851,0.18550211234229352,policy distribution at the control rollout's own observations (no VTR)
reduction_layer,42,30,1283,0.004698794335126877,0.004698794011637882,0.020970452995807673,0.03714706912079733,0.04569765564235264,0.00779423226812159,7.037323564180914,0.9832844027069673,0.17868207484140575,policy distribution at the control rollout's own observations (no VTR)
reduction_layer,42,31,1272,0.004672020208090544,0.004672020668157549,0.019856861186728633,0.03571278418048184,0.044123699809789495,0.007861635220125786,7.036129640383944,0.9843018080635115,0.17083697252066576,policy distribution at the control rollout's own observations (no VTR)
reduction_layer,42,32,1266,0.0040253205224871635,0.004025320550369398,0.018681980798903135,0.03417594056034792,0.042272652326526924,0.007898894154818325,7.035658462516006,0.9848873293347549,0.16694566758208418,policy distribution at the control rollout's own observations (no VTR)
arm_core,42,1,1050,0.033320166170597076,0.033320169158561876,0.12072644347734773,0.19755261672825591,0.21138100079564895,0.009523809523809525,5.997515974306219,0.8621399836050125,0.6011345721962094,policy distribution at the control rollout's own observations (no VTR)
arm_core,42,2,1039,0.028692226856946945,0.02869222616343486,0.10912919898308465,0.18605571069873206,0.19948573207736187,0.009624639076034648,6.045366428740234,0.8703360569798588,0.5873149858376998,policy distribution at the control rollout's own observations (no VTR)
arm_core,42,3,1030,0.027357516810297966,0.027357521070163558,0.0994705880347842,0.1748763315735025,0.1874956761934161,0.009708737864077669,6.099695763441683,0.8792589887130712,0.5707166973745401,policy distribution at the control rollout's own observations (no VTR)
arm_core,42,4,1019,0.02030385099351406,0.020303851684447104,0.09267253744059023,0.1676931820133251,0.18029956201834324,0.009813542688910697,6.130334617556402,0.8850453244297702,0.5584882463707146,policy distribution at the control rollout's own observations (no VTR)
arm_core,42,5,1008,0.020483732223510742,0.02048373344778977,0.0924561023092294,0.1661898257819581,0.17892753191554375,0.00992063492063492,6.144042421510596,0.8884164422055597,0.5482330076505413,policy distribution at the control rollout's own observations (no VTR)
arm_core,42,6,999,0.019984718412160873,0.019984718132977586,0.09360129814220641,0.16697086812503356,0.16697086812503356,0.01001001001001001,6.17665253504639,0.89429156427282,0.5324119993024707,policy distribution at the control rollout's own observations (no VTR)
arm_core,42,7,988,0.02028592862188816,0.020285930031648525,0.09421752675476566,0.1589909092185693,0.1589909092185693,0.010121457489878543,6.226392710585358,0.9029407215356501,0.5096716992773864,policy distribution at the control rollout's own observations (no VTR)
arm_core,42,8,977,0.02074822224676609,0.020748220405279575,0.09210133107644605,0.15180763838152397,0.15180763838152397,0.01023541453428864,6.239393985367737,0.9062976370963504,0.5022952056230128,policy distribution at the control rollout's own observations (no VTR)
arm_core,42,9,970,0.020943181589245796,0.020943182479535926,0.0896672607332655,0.14551305085595231,0.14551305085595231,0.010309278350515464,6.263461609081677,0.9107447962056259,0.48999743430552,policy distribution at the control rollout's own observations (no VTR)
arm_core,42,10,961,0.0193267110735178,0.01932671092604223,0.08668254249708612,0.1377534110763453,0.1377534110763453,0.01040582726326743,6.284166551467366,0.9149956271327376,0.4798493829469712,policy distribution at the control rollout's own observations (no VTR)
arm_core,42,11,950,0.019476210698485374,0.019476210253380293,0.0819240258910332,0.12979506590864692,0.12979506590864692,0.010526315789473684,6.31655261562872,0.9212553981661447,0.46213411155804685,policy distribution at the control rollout's own observations (no VTR)
arm_core,42,12,939,0.018522171303629875,0.01852217094157959,0.07519567331464222,0.12307319922084461,0.12307319922084461,0.010649627263045794,6.332992675649388,0.925224747823578,0.45066778593767,policy distribution at the control rollout's own observations (no VTR)
arm_core,42,13,931,0.017846401780843735,0.017846399925162394,0.06899208510028337,0.11644287500468545,0.11644287500468545,0.010741138560687433,6.349869955822296,0.9288515397490156,0.440323486834451,policy distribution at the control rollout's own observations (no VTR)
arm_core,42,14,920,0.018355906009674072,0.018355903531327756,0.06354588529801389,0.11031327956131738,0.11031327956131738,0.010869565217391304,6.3676263866769105,0.9330711790634858,0.42812154658872514,policy distribution at the control rollout's own observations (no VTR)
arm_core,42,15,909,0.012996059842407703,0.012996063328318083,0.057907489759670056,0.10280830656140622,0.10280830656140622,0.011001100110011002,6.392431263627939,0.9383598709776989,0.4126332096290142,policy distribution at the control rollout's own observations (no VTR)
arm_core,42,16,898,0.011856995522975922,0.01185699643197035,0.055918970706918,0.10081739378992985,0.09223222322037924,0.011135857461024499,6.396520479960724,0.940641250985322,0.4039819049266766,policy distribution at the control rollout's own observations (no VTR)
arm_core,42,17,887,0.011830946430563927,0.011830945513667276,0.054137570313131954,0.09802818097416333,0.08961793644582612,0.011273957158962795,6.4059043095382995,0.9437316742255178,0.3924555881533396,policy distribution at the control rollout's own observations (no VTR)
arm_core,42,18,876,0.0122255589812994,0.0122255592773783,0.053493324100072855,0.09710631940992888,0.08900929085406406,0.01141552511415525,6.413701599338135,0.9466206716000091,0.3804894576374953,policy distribution at the control rollout's own observations (no VTR)
arm_core,42,19,865,0.011826123110949993,0.011826122853714375,0.05218335686366375,0.09427612675180368,0.08726064205354714,0.011560693641618497,6.421502963879561,0.94954307388717,0.36930761446596283,policy distribution at the control rollout's own observations (no VTR)
arm_core,42,20,854,0.010931714437901974,0.010931715342933043,0.0506805158268853,0.0911984747341328,0.08418531667777734,0.0117096018735363,6.421325108260035,0.9513171207091822,0.36254846650904304,policy distribution at the control rollout's own observations (no VTR)
arm_core,42,21,843,0.010655898600816727,0.010655898797049885,0.049374954752915146,0.08658010997994467,0.07966953057361811,0.011862396204033215,6.428366632534312,0.9541929881219021,0.35211265183809193,policy distribution at the control rollout's own observations (no VTR)
arm_core,42,22,836,0.010844687931239605,0.010844687704701948,0.04890022045297859,0.0850366289658984,0.07810602034265769,0.011961722488038277,6.4388604832404885,0.9569350388456986,0.3408499275669239,policy distribution at the control rollout's own observations (no VTR)
arm_core,42,23,830,0.01024689432233572,0.0102468928639839,0.04650035211256082,0.08248603287598201,0.07554741944662748,0.012048192771084338,6.441693941398155,0.9583820796591438,0.3354997758885314,policy distribution at the control rollout's own observations (no VTR)
arm_core,42,24,819,0.010606983676552773,0.010606983980741842,0.043565736004634155,0.07813762305871526,0.07198119509640587,0.01221001221001221,6.449156074061399,0.9614006016390086,0.3216841092764544,policy distribution at the control rollout's own observations (no VTR)
softmax,42,1,1558,0.024390533566474915,0.02439053422296044,0.09060875756538332,0.14801106720937196,0.20185476712294073,0.006418485237483954,6.619487662180644,0.9004686687848226,0.47226791222143927,policy distribution at the control rollout's own observations (no VTR)
softmax,42,2,1551,0.021632280200719833,0.021632280867722863,0.08113877725442474,0.1377988192831759,0.1901011991256481,0.006447453255963894,6.663424503476924,0.907001125747108,0.459932397411128,policy distribution at the control rollout's own observations (no VTR)
softmax,42,3,1544,0.02030075155198574,0.02030075681842088,0.07243954500005753,0.12682227913890495,0.17471744275435822,0.006476683937823834,6.7189669572897,0.9151248171291809,0.4414498602735899,policy distribution at the control rollout's own observations (no VTR)
softmax,42,4,1537,0.01433658692985773,0.014336586921982145,0.06575952652954697,0.11947342933111764,0.1655958238079439,0.006506180871828237,6.754956821500203,0.9205963945642146,0.42871982711713086,policy distribution at the control rollout's own observations (no VTR)
softmax,42,5,1530,0.014647269621491432,0.014647271367822035,0.06568277758411142,0.11806712030867748,0.1580295304121056,0.006535947712418301,6.788464740889095,0.9257389111654184,0.41262801388801607,policy distribution at the control rollout's own observations (no VTR)
softmax,42,6,1523,0.013851304538547993,0.013851301725157274,0.06452081345817061,0.11465202644032756,0.1520576531416487,0.006565988181221274,6.8102317684604925,0.9292883926707857,0.40192180939100086,policy distribution at the control rollout's own observations (no VTR)
softmax,42,7,1516,0.013368290849030018,0.013368290915949795,0.06382587863417723,0.11135863987594162,0.14581853410580625,0.006596306068601583,6.8408486449483314,0.9340533731783981,0.38651194423225266,policy distribution at the control rollout's own observations (no VTR)
softmax,42,8,1509,0.013406061567366123,0.013406058233578672,0.06240202424832107,0.10583882521780201,0.1397247372114211,0.0066269052352551355,6.857110418878121,0.9368657934395329,0.37889996296605677,policy distribution at the control rollout's own observations (no VTR)
custom_macbuf,123,1,84,0.4290201961994171,0.42902021673037316,0.8859238415236254,0.9751808756115693,0.42902021673037316,0.11904761904761904,1.838588987280149,0.4149548651526558,0.9418401375293732,policy distribution at the control rollout's own observations (no VTR)
custom_macbuf,123,2,99,0.29517629742622375,0.2951762874521493,0.8695268933212762,0.9698646132009003,0.2951762874521493,0.10101010101010101,1.9869752700483168,0.43240989024260573,0.9435843959792249,policy distribution at the control rollout's own observations (no VTR)
custom_macbuf,123,3,93,0.3926767110824585,0.39267670371382146,0.9245873106369366,0.9780641755024506,0.39267670371382146,0.10752688172043011,1.6764543190358814,0.36986597240022173,0.9538396726109333,policy distribution at the control rollout's own observations (no VTR)
custom_macbuf,123,4,87,0.4522975981235504,0.45229762085769304,0.9398285324897131,0.9808584588460081,0.45229762085769304,0.11494252873563218,1.5725720286044744,0.3521281644903687,0.9541025007999937,policy distribution at the control rollout's own observations (no VTR)
mkDelayWorker32B,123,1,2064,0.008683142252266407,0.008683142694545244,0.032023710432855186,0.05229098313475718,0.08753420579002126,0.0048449612403100775,7.378682966714812,0.9667577534673394,0.2727021952785502,policy distribution at the control rollout's own observations (no VTR)
mkDelayWorker32B,123,2,2057,0.006516760215163231,0.0065167601493976955,0.027194549520799482,0.04644443024576741,0.08020029834560546,0.004861448711716091,7.39960782859603,0.9699310598900005,0.2611859681801445,policy distribution at the control rollout's own observations (no VTR)
mkDelayWorker32B,123,3,2046,0.006333282683044672,0.006333282949880716,0.025159157475625735,0.04390400320867497,0.07748830318964396,0.004887585532746823,7.405009912263391,0.9713218385934006,0.2544009880115683,policy distribution at the control rollout's own observations (no VTR)
mkDelayWorker32B,123,4,2036,0.005916702561080456,0.005916702550274987,0.023336577652244297,0.041570681071358265,0.07434773734231362,0.004911591355599214,7.412786993034793,0.972967272756295,0.2466775092018123,policy distribution at the control rollout's own observations (no VTR)
mkDelayWorker32B,123,5,2025,0.004584193229675293,0.004584192219633538,0.021702146963892104,0.03908951720431181,0.07078907173386312,0.0049382716049382715,7.421370008137736,0.9747869725883572,0.2376417708593126,policy distribution at the control rollout's own observations (no VTR)
mkDelayWorker32B,123,6,2014,0.0045982347801327705,0.004598234353277272,0.02114667593705333,0.03811931698622861,0.0692630953585234,0.004965243296921549,7.422292548123651,0.9756061383519412,0.23269092308981132,policy distribution at the control rollout's own observations (no VTR)
mkDelayWorker32B,123,7,2005,0.004419703967869282,0.004419703644701718,0.020359847835743197,0.03722687515174415,0.06792880423999656,0.004987531172069825,7.424296370915501,0.9764443558963092,0.22717556405544914,policy distribution at the control rollout's own observations (no VTR)
mkDelayWorker32B,123,8,1998,0.0043984525837004185,0.004398452586344663,0.01959742537015145,0.0363348827450112,0.06408011195376907,0.005005005005005005,7.426041397680886,0.9771233152136979,0.22326569346209424,policy distribution at the control rollout's own observations (no VTR)
mkDelayWorker32B,123,9,1987,0.004037713166326284,0.0040377130252410125,0.018336185777609062,0.034600278084955714,0.06020360066671662,0.0050327126321087065,7.436499727426056,0.97921074672402,0.21220948459798206,policy distribution at the control rollout's own observations (no VTR)
mkDelayWorker32B,123,10,1976,0.0037479924503713846,0.0037479922508691795,0.017918686592830406,0.03390569688020621,0.0590849098498407,0.005060728744939271,7.436373103340725,0.9799103712414379,0.2075876488352144,policy distribution at the control rollout's own observations (no VTR)
mkDelayWorker32B,123,11,1965,0.0036869237665086985,0.0036869232586072775,0.01780260504848286,0.03356938346712901,0.058174844267786324,0.005089058524173028,7.437321319443331,0.9807567662281423,0.20138895725685568,policy distribution at the control rollout's own observations (no VTR)
mkDelayWorker32B,123,12,1954,0.003697380656376481,0.003697381147647144,0.01771525226291181,0.03297990928886148,0.05727105231093681,0.00511770726714432,7.436823072763958,0.9814175819326434,0.1964981980910947,policy distribution at the control rollout's own observations (no VTR)
mkDelayWorker32B,123,13,1947,0.003596113994717598,0.0035961139746619928,0.017442603731107696,0.031784715186491785,0.05500325948989485,0.005136106831022085,7.442285722572418,0.9826038421073118,0.18917729051198373,policy distribution at the control rollout's own observations (no VTR)
mkDelayWorker32B,123,14,1936,0.003644126933068037,0.003644126345652351,0.017196132823506745,0.031188325352837606,0.053969495844887604,0.005165289256198347,7.444005995567371,0.9835667230898824,0.18266364339000063,policy distribution at the control rollout's own observations (no VTR)
mkDelayWorker32B,123,15,1925,0.003645809832960367,0.00364581039144818,0.016628148718772617,0.029637927538639027,0.05220550539613512,0.005194805194805195,7.444794648445574,0.9844120630725499,0.1771639367530855,policy distribution at the control rollout's own observations (no VTR)
mkDelayWorker32B,123,16,1914,0.0036020935513079166,0.0036020929750118966,0.015964901547353444,0.028769322259166546,0.0513412665391641,0.00522466039707419,7.444466802041815,0.9851151904595398,0.17201619771389898,policy distribution at the control rollout's own observations (no VTR)
mkDelayWorker32B,123,17,1912,0.0033988477662205696,0.003398847922055867,0.015163650500135146,0.02764983369150597,0.050109146830529715,0.005230125523012552,7.446988258633518,0.98558520340999,0.16932952424684822,policy distribution at the control rollout's own observations (no VTR)
mkDelayWorker32B,123,18,1901,0.003281119279563427,0.003281119473450321,0.014593043295589457,0.02685670922886321,0.04934873630398769,0.0052603892688058915,7.445102749972732,0.9860886477193825,0.1648133108375669,policy distribution at the control rollout's own observations (no VTR)
mkDelayWorker32B,123,19,1890,0.003015026682987809,0.003015026212412869,0.014031194987305472,0.02627978669095534,0.04674836659397106,0.005291005291005291,7.444598098164723,0.9867802731294798,0.15869509091579648,policy distribution at the control rollout's own observations (no VTR)
mkDelayWorker32B,123,20,1882,0.0029262900352478027,0.002926290434342223,0.013687087692627345,0.02583772017030195,0.04620105518555013,0.005313496280552604,7.443206078613121,0.9871507850146899,0.15559048685737564,policy distribution at the control rollout's own observations (no VTR)
mkDelayWorker32B,123,21,1872,0.00279923714697361,0.002799237216756494,0.01307624471375663,0.02506775285210743,0.044972701420830846,0.005341880341880342,7.443319849494497,0.9878638768458576,0.15027046020590085,policy distribution at the control rollout's own observations (no VTR)
mkDelayWorker32B,123,22,1861,0.0026518860831856728,0.0026518856125225592,0.012865879384936154,0.02490638033820625,0.0446819658250956,0.0053734551316496505,7.441575094476021,0.9884054086755172,0.14520582224570444,policy distribution at the control rollout's own observations (no VTR)
mkDelayWorker32B,123,23,1854,0.002647732850164175,0.0026477329487758325,0.012748476825481816,0.024776126016679296,0.044252369221917,0.005393743257820928,7.440403815670181,0.9887447446468774,0.14224568500425705,policy distribution at the control rollout's own observations (no VTR)
mkDelayWorker32B,123,24,1853,0.002628132700920105,0.0026281325347961584,0.012562964481616264,0.024563481642724604,0.04363410504395661,0.005396654074473826,7.441747338591041,0.9889941904645513,0.1405843094358159,policy distribution at the control rollout's own observations (no VTR)
mkDelayWorker32B,123,25,1846,0.002561790868639946,0.0025617909275826487,0.012481898356570187,0.024425112040177267,0.04272347030275191,0.005417118093174431,7.441885514827364,0.9895102718281282,0.13598878043802842,policy distribution at the control rollout's own observations (no VTR)
mkDelayWorker32B,123,26,1835,0.0025559281930327415,0.002555928070763271,0.012498038455876825,0.024217463802606143,0.042019001177217956,0.005449591280653951,7.441659193556803,0.9902671302944855,0.12891188609115956,policy distribution at the control rollout's own observations (no VTR)
mkDelayWorker32B,123,27,1824,0.002561083994805813,0.0025610837936714363,0.012486035187822257,0.024007926905065244,0.04160245740024748,0.005482456140350877,7.4386941783363305,0.9906652045523319,0.12501796576433644,policy distribution at the control rollout's own observations (no VTR)
mkDelayWorker32B,123,28,1817,0.002530117519199848,0.002530117598943157,0.012453429560592802,0.023727829384610415,0.0411093225853642,0.00550357732526142,7.43674718725965,0.990913336769954,0.12270968274097194,policy distribution at the control rollout's own observations (no VTR)
mkDelayWorker32B,123,29,1806,0.0025442084297537804,0.002544208325570766,0.012440281876378094,0.023514097990574787,0.04061394228064989,0.005537098560354375,7.4330109909902085,0.9912175107285408,0.11943173270702512,policy distribution at the control rollout's own observations (no VTR)
mkDelayWorker32B,123,30,1799,0.0025049333926290274,0.0025049330250787034,0.012339832546049489,0.023143278298674543,0.03828093371708784,0.005558643690939411,7.431100768331008,0.9914762397654396,0.11682457268353441,policy distribution at the control rollout's own observations (no VTR)
mkDelayWorker32B,123,31,1788,0.0025342213921248913,0.002534221544287209,0.012227742037112943,0.022782227693857845,0.03707372526653962,0.005592841163310962,7.429252847769556,0.9920414904236738,0.1111233893811352,policy distribution at the control rollout's own observations (no VTR)
mkDelayWorker32B,123,32,1783,0.002549566328525543,0.002549566164561999,0.012008856908190618,0.02227816797013542,0.035675151656878394,0.005608524957936063,7.430073619600469,0.9925222275182658,0.1070912021014443,policy distribution at the control rollout's own observations (no VTR)
mkDelayWorker32B,123,33,1775,0.002520743990316987,0.0025207440013581646,0.011776533262232792,0.02178150401678042,0.0349859042694262,0.005633802816901409,7.42772707867803,0.9928051563904353,0.10425293232214483,policy distribution at the control rollout's own observations (no VTR)
mkDelayWorker32B,123,34,1764,0.0024845972657203674,0.0024845972675010333,0.011525382528890989,0.020807005130696707,0.0338204651149231,0.005668934240362812,7.425843653389885,0.9933788177886648,0.09868092267055095,policy distribution at the control rollout's own observations (no VTR)
mkDelayWorker32B,123,35,1753,0.0023980990517884493,0.0023980991996031473,0.01090755101470363,0.019644057192014813,0.03219917719816534,0.005704506560182544,7.4247846263968125,0.9940689836656067,0.09180661156299874,policy distribution at the control rollout's own observations (no VTR)
mkDelayWorker32B,123,36,1743,0.002365159336477518,0.0023651595175442136,0.010525788986340342,0.019007845257843988,0.03123554931264255,0.005737234652897304,7.421752886880162,0.9944247441286089,0.08766741662411004,policy distribution at the control rollout's own observations (no VTR)
mkDelayWorker32B,123,37,1732,0.002291665878146887,0.002291665992943653,0.009982199093246491,0.01841214961869298,0.030440782673956553,0.005773672055427252,7.417494969355982,0.9946980086321378,0.08411772038653842,policy distribution at the control rollout's own observations (no VTR)
mkDelayWorker32B,123,38,1726,0.0020442602690309286,0.002044260326563373,0.0094566423546224,0.01782617546961153,0.029555863484871808,0.005793742757821553,7.41611173674222,0.9949755384679062,0.08139618530162185,policy distribution at the control rollout's own observations (no VTR)
mkDelayWorker32B,123,39,1723,0.0019672696944326162,0.0019672694514349144,0.009178913810859156,0.017454902348085673,0.02868314990381263,0.005803830528148578,7.416018498511205,0.9951953043322452,0.07896603709097483,policy distribution at the control rollout's own observations (no VTR)
mkDelayWorker32B,123,40,1717,0.0017873846227303147,0.0017873845683046643,0.008699303810087537,0.016828096075728667,0.027172749616744426,0.005824111822947,7.414883450569398,0.9955090076582513,0.07557486596719465,policy distribution at the control rollout's own observations (no VTR)
mkDelayWorker32B,123,41,1714,0.0017611843068152666,0.0017611844514118665,0.008596946958335681,0.01646013937523976,0.026615538724070492,0.005834305717619603,7.413854823005256,0.9956046596236211,0.07447623075576049,policy distribution at the control rollout's own observations (no VTR)
mkDelayWorker32B,123,42,1703,0.0017684540944173932,0.0017684539689236294,0.008572306806994978,0.01589695309635875,0.02574261386276548,0.005871990604815032,7.409033241916306,0.995818168635405,0.07110205789925339,policy distribution at the control rollout's own observations (no VTR)
mkDelayWorker32B,123,43,1694,0.0018148038070648909,0.0018148040713583096,0.008318370022580604,0.015026614395648362,0.023122427277899576,0.0059031877213695395,7.405863342269033,0.9961015297919408,0.06719223708566102,policy distribution at the control rollout's own observations (no VTR)
lightweight_cipher,123,1,84,0.32204756140708923,0.32204759020706936,0.7637030122173045,0.9053526063766512,0.32204759020706936,0.11904761904761904,2.3087014782705633,0.5210555035525868,0.9062185379069654,policy distribution at the control rollout's own observations (no VTR)
lightweight_cipher,123,2,77,0.2341071218252182,0.2341071228377554,0.7642204273017799,0.9029038214992026,0.2341071228377554,0.12987012987012986,2.38316653092815,0.5486356545664868,0.8926149306840199,policy distribution at the control rollout's own observations (no VTR)
lightweight_cipher,123,3,70,0.2771550416946411,0.27715501260800907,0.8254255791995332,0.929190750506767,0.27715501260800907,0.14285714285714285,2.1583483232819405,0.5080265365298636,0.9027346540178023,policy distribution at the control rollout's own observations (no VTR)
reduction_layer,123,1,1554,0.011715126223862171,0.011715128070730715,0.042480022824126745,0.07194601015983937,0.10141283661732399,0.006435006435006435,7.003291996297531,0.9530119858847927,0.34672906298478257,policy distribution at the control rollout's own observations (no VTR)
reduction_layer,123,2,1547,0.008557477965950966,0.008557478364283945,0.038080599068930555,0.0661189964084499,0.09363036619470418,0.006464124111182934,7.027613017614796,0.9569094915863238,0.33417439041396024,policy distribution at the control rollout's own observations (no VTR)
reduction_layer,123,3,1537,0.008395851589739323,0.008395850590708574,0.03622578398472636,0.06394606300619551,0.09059007505486015,0.006506180871828237,7.034716009163056,0.9587232555219192,0.32694422879985474,policy distribution at the control rollout's own observations (no VTR)
reduction_layer,123,4,1526,0.008132531307637691,0.008132531020564972,0.034252692201866476,0.06186284977500607,0.08751396060270794,0.00655307994757536,7.041320083272941,0.9605635540987066,0.3189268403119796,policy distribution at the control rollout's own observations (no VTR)
reduction_layer,123,5,1515,0.007359370123594999,0.0073593700951886,0.03251248306152504,0.06000952911683231,0.08470283928229141,0.006600660066006601,7.046997478075708,0.9622877506882268,0.31076789155678397,policy distribution at the control rollout's own observations (no VTR)
reduction_layer,123,6,1504,0.0070275659672915936,0.007027565341304808,0.03145290025668414,0.0580103308443251,0.0821100416561808,0.006648936170212766,7.049428025145125,0.9635784961309994,0.30472558195346866,policy distribution at the control rollout's own observations (no VTR)
reduction_layer,123,7,1493,0.00665862113237381,0.006658620455945065,0.030904329036375258,0.054045252133948014,0.07244078731005522,0.006697923643670462,7.067813529687159,0.9670619336137587,0.28980038704952027,policy distribution at the control rollout's own observations (no VTR)
reduction_layer,123,8,1482,0.0064224847592413425,0.006422486236718822,0.030374043158017665,0.05220666983691906,0.07057565840241936,0.006747638326585695,7.070306733440747,0.9683829065574957,0.28311171615833763,policy distribution at the control rollout's own observations (no VTR)
reduction_layer,123,9,1471,0.006371083669364452,0.0063710844426940905,0.029325726276339472,0.05056585682588706,0.06883806010876241,0.006798096532970768,7.07343423977869,0.9698008487244266,0.2751195933419086,policy distribution at the control rollout's own observations (no VTR)
reduction_layer,123,10,1462,0.006469029001891613,0.006469029478317799,0.028290497825629563,0.04871545066342363,0.06703177518280884,0.006839945280437756,7.074658500542984,0.9707855412428251,0.269346999454398,policy distribution at the control rollout's own observations (no VTR)
reduction_layer,123,11,1451,0.006138070952147245,0.006138070897371334,0.026627791342187367,0.04644826781463925,0.06451399124397422,0.006891798759476223,7.08079164481664,0.9726351123312775,0.25988008856661127,policy distribution at the control rollout's own observations (no VTR)
reduction_layer,123,12,1440,0.006132818758487701,0.006132819246988501,0.02514497391002516,0.044824999602290944,0.06288771180307394,0.006944444444444444,7.082255138876949,0.9738541202738068,0.25318549757236375,policy distribution at the control rollout's own observations (no VTR)
reduction_layer,123,13,1433,0.005235731601715088,0.005235731821218264,0.023363371893499782,0.04292741644420147,0.060862125819312995,0.006978367062107467,7.084272918966498,0.9747847447275547,0.24850765969156496,policy distribution at the control rollout's own observations (no VTR)
reduction_layer,123,14,1426,0.005328512284904718,0.005328511971371508,0.022535121139360677,0.041635922966017765,0.05883968997050708,0.0070126227208976155,7.090713153979762,0.9763287569226082,0.23996992470757017,policy distribution at the control rollout's own observations (no VTR)
reduction_layer,123,15,1415,0.004595183301717043,0.004595183771235793,0.021056686816875683,0.03962499005468078,0.056397317151913914,0.007067137809187279,7.091903173922126,0.9775349105572533,0.23318701815780085,policy distribution at the control rollout's own observations (no VTR)
reduction_layer,123,16,1404,0.004338436294347048,0.004338436170323143,0.020640159367065744,0.03908134908451305,0.055732785062179664,0.007122507122507123,7.088886908897633,0.9781713927640608,0.22789116970810408,policy distribution at the control rollout's own observations (no VTR)
reduction_layer,123,17,1393,0.004288680385798216,0.0042886805956312505,0.02030717215206517,0.03830877669393789,0.05131620373195482,0.007178750897343862,7.087958492950159,0.9791059553587658,0.22157539018249528,policy distribution at the control rollout's own observations (no VTR)
reduction_layer,123,18,1382,0.004281065426766872,0.004281065359002549,0.020017414269765978,0.03786723721437611,0.05067240808975603,0.00723589001447178,7.086607779967318,0.9799926037683592,0.2153981178917299,policy distribution at the control rollout's own observations (no VTR)
reduction_layer,123,19,1380,0.004124530125409365,0.004124529909443085,0.01957343579226122,0.037062865603926826,0.04973400170339488,0.007246376811594203,7.088446001946592,0.9804431633203287,0.21290142512704824,policy distribution at the control rollout's own observations (no VTR)
reduction_layer,123,20,1373,0.004112669266760349,0.004112669283308104,0.019299427590686417,0.03654921814604108,0.049150617990965054,0.007283321194464676,7.087361241725482,0.980983134464797,0.20916000852494387,policy distribution at the control rollout's own observations (no VTR)
reduction_layer,123,21,1365,0.003945251926779747,0.003945251879343932,0.0190347693900188,0.036025323239068915,0.04858680476689409,0.007326007326007326,7.084952352930995,0.9814435475558473,0.20569083590449333,policy distribution at the control rollout's own observations (no VTR)
reduction_layer,123,22,1356,0.0038909807335585356,0.0038909804767530013,0.0190008591427119,0.03575520656642418,0.04833537742924667,0.007374631268436578,7.08142371865731,0.9818544916025533,0.2021140258695211,policy distribution at the control rollout's own observations (no VTR)
reduction_layer,123,23,1346,0.003932357765734196,0.00393235815792868,0.018463490975324404,0.03496136655472898,0.04739447387444489,0.007429420505200594,7.0802259121697375,0.9826969524030561,0.19591206665632677,policy distribution at the control rollout's own observations (no VTR)
reduction_layer,123,24,1337,0.0038582843262702227,0.0038582837145658988,0.018196095155923735,0.034667114353240894,0.04687145563854561,0.0074794315632011965,7.079860334516138,0.9835620693306293,0.1897321635861675,policy distribution at the control rollout's own observations (no VTR)
reduction_layer,123,25,1326,0.003887079656124115,0.003887079613417953,0.0179691228904021,0.03434433610629678,0.046598373400312684,0.007541478129713424,7.076431641993884,0.9842153327870932,0.18466468101705713,policy distribution at the control rollout's own observations (no VTR)
reduction_layer,123,26,1315,0.003656062763184309,0.0036560633936764974,0.017780860459847204,0.03412499005799657,0.045971108612024046,0.0076045627376425855,7.074737006021358,0.9851209955376709,0.17771513576954656,policy distribution at the control rollout's own observations (no VTR)
reduction_layer,123,27,1309,0.003652287181466818,0.003652287476277541,0.017718878840774718,0.03375784440511434,0.045121918815003055,0.007639419404125287,7.075661608406969,0.9858775404093455,0.17170906977262468,policy distribution at the control rollout's own observations (no VTR)
reduction_layer,123,28,1302,0.003630939405411482,0.0036309396942852622,0.01756917499085935,0.03324811029270831,0.044523242212303686,0.007680491551459293,7.073043299823607,0.9862495479940103,0.1686057393521232,policy distribution at the control rollout's own observations (no VTR)
reduction_layer,123,29,1301,0.003589614061638713,0.003589613806884932,0.01724993920465999,0.032632759086118804,0.04375389862415958,0.007686395080707148,7.074685817730655,0.9865842759833569,0.1664896003275984,policy distribution at the control rollout's own observations (no VTR)
reduction_layer,123,30,1293,0.0036053252406418324,0.0036053250770841125,0.01709531239911104,0.03229216898513788,0.040525429440632775,0.007733952049497293,7.072285828150463,0.9870986520429651,0.16234324258123967,policy distribution at the control rollout's own observations (no VTR)
reduction_layer,123,31,1283,0.0034945220686495304,0.0034945220602970914,0.01686873934856426,0.03177735271718949,0.039786950589987005,0.00779423226812159,7.06891755917723,0.98769884837168,0.15693554004387522,policy distribution at the control rollout's own observations (no VTR)
reduction_layer,123,32,1273,0.0035273456014692783,0.0035273455023517577,0.016779102844878106,0.03139256364929256,0.03926396818396864,0.007855459544383346,7.065218440371789,0.9882624683811176,0.15151272268804905,policy distribution at the control rollout's own observations (no VTR)
arm_core,123,1,1050,0.015950875356793404,0.01595087640415793,0.05967742130858015,0.10555165767837706,0.11358631775554186,0.009523809523809525,6.466850075450378,0.9296065307553945,0.4601916486321507,policy distribution at the control rollout's own observations (no VTR)
arm_core,123,2,1043,0.01216980628669262,0.012169804060311665,0.0548541194059031,0.10088587662449545,0.10814455315170511,0.009587727708533078,6.490703333733121,0.9339334381593928,0.4482046993149773,policy distribution at the control rollout's own observations (no VTR)
arm_core,123,3,1032,0.012427393347024918,0.012427393245798399,0.053475916881388634,0.09818163294465676,0.10517574621375936,0.009689922480620155,6.494536781858713,0.9359128275689516,0.4415495151379478,policy distribution at the control rollout's own observations (no VTR)
arm_core,123,4,1022,0.011338718235492706,0.01133871709501236,0.05218187101591186,0.09520425155567083,0.10192802640774581,0.009784735812133072,6.499601252227126,0.9379588025025956,0.4350505723886029,policy distribution at the control rollout's own observations (no VTR)
arm_core,123,5,1011,0.010796834714710712,0.010796835343051408,0.05184141009997634,0.09255324935865912,0.09936908838283601,0.009891196834817012,6.500798205044239,0.9395988693319841,0.42929604185910053,policy distribution at the control rollout's own observations (no VTR)
arm_core,123,6,1000,0.010908421128988266,0.010908421501388611,0.051973482505560824,0.08837434858034571,0.08837434858034571,0.01,6.52484608239357,0.9445682162838593,0.4121343586729447,policy distribution at the control rollout's own observations (no VTR)
arm_core,123,7,989,0.011107610538601875,0.011107611337169565,0.05062590437762673,0.08618907970692305,0.08618907970692305,0.010111223458038422,6.528364496809193,0.9465932783007862,0.4043492959039967,policy distribution at the control rollout's own observations (no VTR)
arm_core,123,8,978,0.011303141713142395,0.011303142287021378,0.04914542537107466,0.0821648877852319,0.0821648877852319,0.010224948875255624,6.536301352969119,0.9492835920940718,0.3940203664112816,policy distribution at the control rollout's own observations (no VTR)
arm_core,123,9,967,0.01129678450524807,0.011296783498812397,0.04686052959162222,0.07880984475932823,0.07880984475932823,0.010341261633919338,6.541542297470666,0.9516080022707152,0.3844300372052707,policy distribution at the control rollout's own observations (no VTR)
arm_core,123,10,956,0.010644028894603252,0.01064402807732092,0.04406455379639202,0.07492742810639066,0.07492742810639066,0.010460251046025104,6.548735244990799,0.9542424966698297,0.37361364583716683,policy distribution at the control rollout's own observations (no VTR)
arm_core,123,11,945,0.009484076872467995,0.009484076110299644,0.04178397859865768,0.07190217803756564,0.07190217803756564,0.010582010582010581,6.551206049685362,0.9562150371091914,0.3657002906942075,policy distribution at the control rollout's own observations (no VTR)
arm_core,123,12,936,0.009243736974895,0.009243737542275412,0.03960948773707524,0.06941555354270974,0.06941555354270974,0.010683760683760684,6.549800807817431,0.9573471105379338,0.3604593551046822,policy distribution at the control rollout's own observations (no VTR)
arm_core,123,13,925,0.00871641468256712,0.008716414256129287,0.03777443479342547,0.06708541370548249,0.06708541370548249,0.010810810810810811,6.549640395602244,0.9589807023934783,0.3533933682064472,policy distribution at the control rollout's own observations (no VTR)
arm_core,123,14,918,0.008109250105917454,0.00810925015955078,0.035847631520195114,0.06478762995460387,0.06478762995460387,0.010893246187363835,6.54954692853112,0.9600348030878988,0.34905926714503765,policy distribution at the control rollout's own observations (no VTR)
arm_core,123,15,907,0.008001693524420261,0.008001693274598322,0.03471351585936139,0.06364197737211562,0.06364197737211562,0.011025358324145534,6.547259694720653,0.961398347050723,0.34230969570282244,policy distribution at the control rollout's own observations (no VTR)
arm_core,123,16,900,0.007244919426739216,0.007244919545345103,0.033513349098248255,0.061226367090125314,0.05586514899693855,0.011111111111111112,6.55356608603099,0.9634204297235289,0.3329417039801532,policy distribution at the control rollout's own observations (no VTR)
arm_core,123,17,889,0.007500664796680212,0.007500664750837616,0.03561766842963086,0.06518137880810276,0.05957290121265951,0.01124859392575928,6.529414170044598,0.9616083457382806,0.33877446570072434,policy distribution at the control rollout's own observations (no VTR)
arm_core,123,18,880,0.0075213173404335976,0.007521316805471488,0.03523354493936118,0.06478019575836658,0.059052708549499566,0.011363636363636364,6.524761897960142,0.9623653468293057,0.33377889354299684,policy distribution at the control rollout's own observations (no VTR)
arm_core,123,19,869,0.007715316955000162,0.007715316123200343,0.03496382381071119,0.06460789546452367,0.05876736920046465,0.011507479861910242,6.520545861212996,0.9635311436875432,0.32648731507555095,policy distribution at the control rollout's own observations (no VTR)
arm_core,123,20,862,0.007575107738375664,0.007575108243846026,0.033928336511284386,0.06375456328309592,0.0579856295646911,0.01160092807424594,6.519442845386937,0.9645208805299036,0.32130538830327726,policy distribution at the control rollout's own observations (no VTR)
arm_core,123,21,851,0.007015415001660585,0.0070154156590545485,0.033437465191244804,0.06377769533277707,0.05787734438055717,0.011750881316098707,6.519020553506078,0.9662944435155073,0.3121614897889884,policy distribution at the control rollout's own observations (no VTR)
arm_core,123,22,840,0.007123964373022318,0.0071239653848673935,0.03345048437031005,0.06360148563955301,0.057816880119522955,0.011904761904761904,6.518471001351085,0.9680798957289589,0.30276753286366076,policy distribution at the control rollout's own observations (no VTR)
arm_core,123,23,829,0.0072017852216959,0.007201785988830284,0.033446014230500795,0.0631629789474101,0.05743953452412669,0.012062726176115802,6.515015976321186,0.9694646642406051,0.2949508659246465,policy distribution at the control rollout's own observations (no VTR)
arm_core,123,24,818,0.006835487205535173,0.006835487298240683,0.0328831951868362,0.061776601150279636,0.05677190919103187,0.012224938875305624,6.5116806468554636,0.9708982114211473,0.28659003928172644,policy distribution at the control rollout's own observations (no VTR)
softmax,123,1,1558,0.00935257226228714,0.009352572009196203,0.03821075743969879,0.06416481140589912,0.08978012426876575,0.006418485237483954,7.042499152337483,0.9580121846672484,0.3342593127732876,policy distribution at the control rollout's own observations (no VTR)
softmax,123,2,1553,0.009426072239875793,0.009426072502817141,0.03503007166946857,0.060251361974196255,0.08562743669815892,0.00643915003219575,7.0526773769246045,0.9598164529655376,0.32805519405785,policy distribution at the control rollout's own observations (no VTR)
softmax,123,3,1546,0.0068312450312078,0.006831243767515624,0.03168228334467689,0.05613973815837188,0.08124313211329764,0.00646830530401035,7.062193600943495,0.9617028047360767,0.32174830272694965,policy distribution at the control rollout's own observations (no VTR)
softmax,123,4,1539,0.006826937664300203,0.006826937109343454,0.02974448018129167,0.0531616312077796,0.07743135722494247,0.00649772579597141,7.0724883582343185,0.9637002539422534,0.3134099605851084,policy distribution at the control rollout's own observations (no VTR)
softmax,123,5,1535,0.0068320538848638535,0.006832053950589443,0.028386322123202554,0.051081979207374055,0.07430299768924664,0.006514657980456026,7.082018826221994,0.9653412032215543,0.30671404647482103,policy distribution at the control rollout's own observations (no VTR)
softmax,123,6,1528,0.005954311229288578,0.005954310806065841,0.02687019430964393,0.04931787469989478,0.07144207581649845,0.006544502617801047,7.0884039758590385,0.9668139044040736,0.29989016107532507,policy distribution at the control rollout's own observations (no VTR)
softmax,123,7,1521,0.005516974721103907,0.005516974525058948,0.02604801348050211,0.04801962773110529,0.06973551617862872,0.006574621959237344,7.091401926718502,0.9678289342026198,0.29447149695934405,policy distribution at the control rollout's own observations (no VTR)
softmax,123,8,1516,0.005418707150965929,0.0054187068079622125,0.025437379974013123,0.04691105178702647,0.06809324526400654,0.006596306068601583,7.093503983199631,0.9685510770735759,0.2909262338079155,policy distribution at the control rollout's own observations (no VTR)
