circuit,seed,variant,draw_index,aspect_ratio,grid_w,grid_h,area_mwta,delay_ns,power_w,adp,adp_reduction_pct,vtr_success,cached,vtr_seconds,dsp_coords,bram_coords,source
custom_macbuf,7,fixed_ar_policy_blocks,0,1.0,13,13,375467.0,14.1871,0.006042,32184.452344979396,27.680605181460034,True,False,2.45,"[[5, 4], [1, 8], [7, 3]]","[[6, 4]]",data_export2/tools/e2.py; actions in data_export2/logs/e2_actions.json
custom_macbuf,7,policy_ar_random_blocks,3,0.8,14,18,589127.0,13.9198,0.007549,61905.8010802154,-39.104124621728495,True,False,3.25,"[[10, 5], [6, 5], [12, 9]]","[[5, 7]]",data_export2/tools/e2.py; actions in data_export2/logs/e2_actions.json
custom_macbuf,7,fixed_ar_random_blocks,2,1.0,14,14,427308.0,14.0506,0.006585,39535.903972907996,11.16168085517732,True,False,3.25,"[[1, 4], [7, 6], [4, 1]]","[[12, 5]]",data_export2/tools/e2.py; actions in data_export2/logs/e2_actions.json
custom_macbuf,7,fixed_ar_random_blocks,4,1.0,14,14,523864.0,14.0175,0.006775,49750.6110255,-11.791061182310314,True,False,3.26,"[[12, 4], [9, 6], [11, 8]]","[[3, 1]]",data_export2/tools/e2.py; actions in data_export2/logs/e2_actions.json
custom_macbuf,7,policy_ar_random_blocks,0,0.8,14,18,640629.0,13.6505,0.007668,67055.940469386,-50.67663671122017,True,False,3.28,"[[7, 9], [8, 7], [11, 1]]","[[12, 3]]",data_export2/tools/e2.py; actions in data_export2/logs/e2_actions.json
custom_macbuf,7,fixed_ar_random_blocks,0,1.0,14,14,462600.0,13.654,0.006706,42357.378722400004,4.821745528892856,True,False,3.29,"[[7, 9], [8, 7], [11, 1]]","[[12, 3]]",data_export2/tools/e2.py; actions in data_export2/logs/e2_actions.json
custom_macbuf,7,policy_ar_random_blocks,4,0.8,14,18,670109.0,14.0142,0.007613,71493.9993034014,-60.649083208205134,True,False,3.28,"[[12, 4], [9, 6], [11, 8]]","[[3, 1]]",data_export2/tools/e2.py; actions in data_export2/logs/e2_actions.json
custom_macbuf,7,fixed_ar_random_blocks,1,1.0,13,13,426769.0,13.9236,0.006241,37085.025854864405,16.668874837260535,True,False,6.06,"[[11, 2], [10, 3], [5, 8]]","[[9, 6]]",data_export2/tools/e2.py; actions in data_export2/logs/e2_actions.json
custom_macbuf,7,fixed_ar_random_blocks,3,1.0,14,14,505712.0,13.7695,0.006772,47156.154172448005,-5.961241632039068,True,False,6.08,"[[10, 5], [6, 5], [12, 9]]","[[5, 7]]",data_export2/tools/e2.py; actions in data_export2/logs/e2_actions.json
custom_macbuf,7,policy_ar_random_blocks,1,0.8,13,16,516991.0,14.3343,0.006733,49896.27064672291,-12.118362561977305,True,False,6.19,"[[11, 2], [10, 3], [5, 8]]","[[9, 6]]",data_export2/tools/e2.py; actions in data_export2/logs/e2_actions.json
custom_macbuf,7,policy_ar_random_blocks,2,0.8,14,18,588834.0,13.8067,0.007578,61608.036550748395,-38.43503911613528,True,False,6.17,"[[1, 4], [7, 6], [4, 1]]","[[12, 5]]",data_export2/tools/e2.py; actions in data_export2/logs/e2_actions.json
lightweight_cipher,7,fixed_ar_random_blocks,0,1.0,11,11,324745.0,3.60041,0.02017,23583.0694837265,33.697631566563835,True,False,4.33,[],"[[4, 3], [5, 1], [2, 4]]",data_export2/tools/e2.py; actions in data_export2/logs/e2_actions.json
lightweight_cipher,7,policy_ar_random_blocks,0,0.8,10,13,336246.0,3.54358,0.0207,24664.352234076,30.657670744506195,True,False,6.04,[],"[[4, 3], [5, 1], [2, 4]]",data_export2/tools/e2.py; actions in data_export2/logs/e2_actions.json
lightweight_cipher,7,policy_ar_random_blocks,1,0.8,11,14,379895.0,3.75475,0.02046,29184.363970575,17.949932098202677,True,False,5.52,[],"[[3, 4], [7, 6], [4, 7]]",data_export2/tools/e2.py; actions in data_export2/logs/e2_actions.json
lightweight_cipher,7,fixed_ar_random_blocks,1,1.0,14,14,481715.0,3.74479,0.02179,39307.4498085815,-10.510509295058611,True,False,5.85,[],"[[3, 4], [7, 6], [4, 7]]",data_export2/tools/e2.py; actions in data_export2/logs/e2_actions.json
lightweight_cipher,7,policy_ar_random_blocks,2,0.8,14,18,610854.0,3.60402,0.02453,54003.5317114524,-51.827651557836354,True,False,7.44,[],"[[12, 2], [8, 2], [5, 3]]",data_export2/tools/e2.py; actions in data_export2/logs/e2_actions.json
lightweight_cipher,7,policy_ar_random_blocks,4,0.8,10,13,352926.0,3.51088,0.02098,25995.9159157824,26.914060275224315,True,False,3.04,[],"[[5, 2], [7, 3], [6, 6]]",data_export2/tools/e2.py; actions in data_export2/logs/e2_actions.json
lightweight_cipher,7,fixed_ar_random_blocks,2,1.0,14,14,481392.0,3.60594,0.02252,39091.8074541696,-9.904243904459749,True,False,5.06,[],"[[12, 2], [8, 2], [5, 3]]",data_export2/tools/e2.py; actions in data_export2/logs/e2_actions.json
lightweight_cipher,7,fixed_ar_random_blocks,3,1.0,14,14,460939.0,3.74169,0.02186,37701.741913452606,-5.996159009453194,True,False,5.8,[],"[[4, 5], [11, 7], [9, 2]]",data_export2/tools/e2.py; actions in data_export2/logs/e2_actions.json
lightweight_cipher,7,policy_ar_random_blocks,3,0.8,13,16,492236.0,3.71321,0.02237,40887.3410122172,-14.952277519524989,True,False,6.54,[],"[[4, 5], [11, 7], [9, 2]]",data_export2/tools/e2.py; actions in data_export2/logs/e2_actions.json
lightweight_cipher,7,fixed_ar_random_blocks,4,1.0,13,13,388869.0,3.7459,0.02078,30269.485963937997,14.899177477442874,True,False,7.44,[],"[[5, 2], [7, 3], [6, 6]]",data_export2/tools/e2.py; actions in data_export2/logs/e2_actions.json
lightweight_cipher,7,fixed_ar_policy_blocks,0,1.0,11,11,324689.0,3.58853,0.02019,23524.5040246623,33.86228479997891,True,False,5.95,[],"[[6, 4], [2, 3], [5, 4]]",data_export2/tools/e2.py; actions in data_export2/logs/e2_actions.json
mkDelayWorker32B,7,policy_ar_random_blocks,1,0.9,46,51,6345500.0,8.10156,0.156,8019718.040879999,5.379249597283669,True,False,35.72,[],"[[3, 43], [36, 34], [7, 14], [30, 41], [38, 2], [6, 20], [18, 10], [39, 36], [8, 36], [30, 16], [39, 20], [32, 31], [9, 11], [6, 27], [44, 28], [16, 20], [28, 31], [4, 20], [37, 39], [3, 24], [11, 42], [37, 3], [18, 43], [28, 40], [38, 8], [40, 39], [34, 14], [12, 12], [25, 25], [31, 37], [22, 35], [39, 28], [42, 1], [33, 23], [11, 33], [8, 18], [35, 40], [5, 14], [44, 39], [24, 43], [40, 20], [11, 3], [14, 25]]",data_export2/tools/e2.py; actions in data_export2/logs/e2_actions.json
mkDelayWorker32B,7,fixed_ar_random_blocks,1,1.0,50,50,7103430.0,8.56886,0.1533,9331109.95919634,-10.093225463639307,True,False,38.18,[],"[[3, 43], [36, 34], [7, 14], [30, 41], [38, 2], [6, 20], [18, 10], [39, 36], [8, 36], [30, 16], [39, 20], [32, 31], [9, 11], [6, 27], [44, 28], [16, 20], [28, 31], [4, 20], [37, 39], [3, 24], [11, 42], [37, 3], [18, 43], [28, 40], [38, 8], [40, 39], [34, 14], [12, 12], [25, 25], [31, 37], [22, 35], [39, 28], [42, 1], [33, 23], [11, 33], [8, 18], [35, 40], [5, 14], [44, 39], [24, 43], [40, 20], [11, 3], [14, 25]]",data_export2/tools/e2.py; actions in data_export2/logs/e2_actions.json
mkDelayWorker32B,7,policy_ar_random_blocks,2,0.9,49,54,6925730.0,9.00988,0.1485,9266399.437541401,-9.329737509732425,True,False,41.1,[],"[[34, 2], [45, 14], [47, 28], [35, 11], [37, 3], [13, 22], [44, 8], [28, 6], [34, 42], [21, 25], [13, 3], [5, 14], [23, 36], [41, 8], [41, 14], [42, 18], [32, 18], [42, 30], [17, 17], [44, 19], [38, 24], [39, 16], [29, 23], [33, 33], [8, 10], [6, 20], [21, 13], [2, 5], [36, 27], [31, 40], [17, 1], [17, 40], [37, 26], [22, 29], [15, 14], [19, 28], [11, 33], [14, 5], [4, 12], [46, 27], [11, 40], [43, 34], [33, 8]]",data_export2/tools/e2.py; actions in data_export2/logs/e2_actions.json
mkDelayWorker32B,7,fixed_ar_random_blocks,2,1.0,49,49,6247160.0,7.78115,0.162,7874834.423508001,7.088660891660581,True,False,40.54,[],"[[34, 2], [45, 14], [47, 28], [35, 11], [37, 3], [13, 22], [44, 8], [28, 6], [34, 42], [21, 25], [13, 3], [5, 14], [23, 36], [41, 8], [41, 14], [42, 18], [32, 18], [42, 30], [17, 17], [44, 19], [38, 24], [39, 16], [29, 23], [33, 33], [8, 10], [6, 20], [21, 13], [2, 5], [36, 27], [31, 40], [17, 1], [17, 40], [37, 26], [22, 29], [15, 14], [19, 28], [11, 33], [14, 5], [4, 12], [46, 27], [11, 40], [43, 34], [33, 8]]",data_export2/tools/e2.py; actions in data_export2/logs/e2_actions.json
mkDelayWorker32B,7,policy_ar_random_blocks,0,0.9,50,56,8008130.0,8.44315,0.1618,10939919.766577099,-29.0747894604844,True,False,45.55,[],"[[42, 34], [37, 34], [43, 5], [6, 13], [13, 19], [10, 5], [11, 30], [8, 29], [26, 41], [22, 2], [28, 41], [25, 10], [41, 39], [48, 30], [18, 36], [15, 38], [11, 41], [17, 2], [21, 7], [26, 29], [29, 32], [12, 36], [33, 16], [2, 23], [4, 8], [38, 38], [31, 41], [44, 38], [6, 6], [41, 18], [45, 27], [17, 32], [23, 20], [18, 27], [26, 17], [26, 7], [39, 41], [10, 28], [22, 32], [33, 43], [22, 11], [23, 2], [34, 36]]",data_export2/tools/e2.py; actions in data_export2/logs/e2_actions.json
mkDelayWorker32B,7,fixed_ar_policy_blocks,0,1.0,36,36,3335500.0,6.59805,0.1527,3360590.4148425,60.350029112285206,True,False,40.88,[],"[[19, 12], [17, 15], [1, 9], [14, 14], [7, 16], [15, 11], [13, 14], [11, 17], [10, 14], [7, 10], [22, 17], [2, 18], [18, 19], [9, 18], [21, 6], [12, 5], [17, 1], [22, 5], [13, 3], [6, 18], [9, 4], [12, 14], [4, 12], [20, 4], [5, 15], [3, 2], [2, 7], [23, 18], [4, 6], [16, 11], [8, 18], [10, 5], [24, 13], [19, 4], [9, 11], [16, 5], [6, 2], [23, 6], [8, 11], [7, 4], [16, 20], [11, 7], [18, 3]]",data_export2/tools/e2.py; actions in data_export2/logs/e2_actions.json
mkDelayWorker32B,7,policy_ar_random_blocks,4,0.9,50,56,8007280.0,9.60896,0.1466,11279643.43134208,-33.08302365597192,True,False,44.94,[],"[[42, 21], [37, 16], [5, 34], [43, 24], [34, 11], [6, 37], [48, 30], [2, 42], [40, 11], [13, 34], [10, 16], [3, 37], [35, 26], [32, 43], [26, 40], [47, 1], [39, 25], [16, 38], [48, 4], [18, 32], [15, 39], [22, 14], [43, 34], [47, 21], [18, 41], [24, 15], [46, 8], [10, 23], [5, 4], [7, 33], [6, 27], [6, 6], [21, 21], [27, 5], [5, 24], [17, 2], [8, 27], [25, 15], [15, 19], [1, 23], [2, 5], [40, 41], [33, 36]]",data_export2/tools/e2.py; actions in data_export2/logs/e2_actions.json
mkDelayWorker32B,7,fixed_ar_random_blocks,3,1.0,50,50,7431190.0,7.97487,0.162,9600569.4196386,-13.272446506098797,True,False,46.74,[],"[[29, 25], [25, 29], [11, 8], [10, 37], [26, 18], [10, 16], [16, 30], [17, 27], [31, 24], [41, 27], [1, 28], [27, 29], [22, 21], [21, 12], [13, 10], [9, 14], [19, 23], [13, 35], [11, 42], [8, 28], [9, 28], [48, 28], [12, 15], [41, 13], [40, 35], [15, 38], [25, 11], [13, 19], [6, 12], [33, 18], [12, 3], [3, 3], [27, 43], [3, 15], [40, 25], [34, 1], [44, 38], [46, 34], [22, 31], [15, 9], [47, 28], [23, 14], [30, 40]]",data_export2/tools/e2.py; actions in data_export2/logs/e2_actions.json
mkDelayWorker32B,7,fixed_ar_random_blocks,0,1.0,50,50,6264810.0,8.45643,0.1526,8084431.69503858,4.615724684490738,True,False,52.18,[],"[[42, 34], [37, 34], [43, 5], [6, 13], [13, 19], [10, 5], [11, 30], [8, 29], [26, 41], [22, 2], [28, 41], [25, 10], [41, 39], [48, 30], [18, 36], [15, 38], [11, 41], [17, 2], [21, 7], [26, 29], [29, 32], [12, 36], [33, 16], [2, 23], [4, 8], [38, 38], [31, 41], [44, 38], [6, 6], [41, 18], [45, 27], [17, 32], [23, 20], [18, 27], [26, 17], [26, 7], [39, 41], [10, 28], [22, 32], [33, 43], [22, 11], [23, 2], [34, 36]]",data_export2/tools/e2.py; actions in data_export2/logs/e2_actions.json
mkDelayWorker32B,7,policy_ar_random_blocks,3,0.9,50,56,7352550.0,7.97613,0.167,9793697.4034605,-15.55106960230265,True,False,49.93,[],"[[29, 25], [25, 29], [11, 8], [10, 37], [26, 18], [10, 16], [16, 30], [17, 27], [31, 24], [41, 27], [1, 28], [27, 29], [22, 21], [21, 12], [13, 10], [9, 14], [19, 23], [13, 35], [11, 42], [8, 28], [9, 28], [48, 28], [12, 15], [41, 13], [40, 35], [15, 38], [25, 11], [13, 19], [6, 12], [33, 18], [12, 3], [3, 3], [27, 43], [3, 15], [40, 25], [34, 1], [44, 38], [46, 34], [22, 31], [15, 9], [47, 28], [23, 14], [30, 40]]",data_export2/tools/e2.py; actions in data_export2/logs/e2_actions.json
mkDelayWorker32B,7,fixed_ar_random_blocks,4,1.0,50,50,6789500.0,9.2531,0.1433,9002668.087085,-6.218099649435748,True,False,52.79,[],"[[42, 21], [37, 16], [5, 34], [43, 24], [34, 11], [6, 37], [48, 30], [2, 42], [40, 11], [13, 34], [10, 16], [3, 37], [35, 26], [32, 43], [26, 40], [47, 1], [39, 25], [16, 38], [48, 4], [18, 32], [15, 39], [22, 14], [43, 34], [47, 21], [18, 41], [24, 15], [46, 8], [10, 23], [5, 4], [7, 33], [6, 27], [6, 6], [21, 21], [27, 5], [5, 24], [17, 2], [8, 27], [25, 15], [15, 19], [1, 23], [2, 5], [40, 41], [33, 36]]",data_export2/tools/e2.py; actions in data_export2/logs/e2_actions.json
reduction_layer,7,fixed_ar_random_blocks,1,1.0,44,44,12536100.0,7.64673,0.1532,14685778.3431996,-26.338025981944323,True,False,171.77,[],"[[31, 7], [23, 8], [11, 20], [3, 6], [16, 25], [34, 17], [22, 9], [38, 7], [7, 11], [39, 12], [26, 25], [19, 28], [40, 21], [9, 28], [16, 19], [24, 1], [27, 27], [37, 13], [1, 20], [7, 32], [9, 4], [5, 13], [20, 3], [42, 20], [10, 35], [21, 27], [13, 22], [4, 15], [31, 18], [28, 22], [15, 26], [9, 18]]",data_export2/tools/e2.py; actions in data_export2/logs/e2_actions.json
reduction_layer,7,fixed_ar_policy_blocks,0,1.0,33,33,7721810.0,7.38169,0.1325,7552501.014804251,35.02774949079648,True,False,164.77,[],"[[19, 12], [17, 15], [1, 9], [14, 14], [7, 16], [15, 11], [13, 14], [11, 17], [10, 14], [7, 10], [22, 17], [2, 18], [18, 19], [9, 18], [21, 6], [12, 5], [17, 1], [22, 5], [13, 3], [6, 18], [9, 4], [12, 14], [4, 12], [5, 15], [20, 4], [3, 2], [2, 7], [23, 18], [4, 6], [16, 11], [8, 18], [10, 5]]",data_export2/tools/e2.py; actions in data_export2/logs/e2_actions.json
reduction_layer,7,fixed_ar_random_blocks,0,1.0,44,44,12718500.0,7.90655,0.1531,15395652.7403925,-32.44489535860238,True,False,211.26,[],"[[31, 22], [41, 36], [23, 13], [38, 2], [15, 9], [10, 17], [5, 14], [31, 31], [1, 6], [18, 9], [4, 1], [34, 36], [7, 18], [42, 13], [40, 9], [19, 6], [11, 3], [38, 32], [22, 18], [40, 29], [37, 17], [14, 22], [8, 23], [9, 17], [38, 13], [14, 28], [24, 12], [7, 26], [28, 28], [37, 29], [39, 21], [36, 29]]",data_export2/tools/e2.py; actions in data_export2/logs/e2_actions.json
reduction_layer,7,policy_ar_random_blocks,1,0.9,44,49,14249200.0,7.52772,0.1624,17419671.6226176,-49.85701640214991,True,False,214.82,[],"[[31, 7], [23, 8], [11, 20], [3, 6], [16, 25], [34, 17], [22, 9], [38, 7], [7, 11], [39, 12], [26, 25], [19, 28], [40, 21], [9, 28], [16, 19], [24, 1], [27, 27], [37, 13], [1, 20], [7, 32], [9, 4], [5, 13], [20, 3], [42, 20], [10, 35], [21, 27], [13, 22], [4, 15], [31, 18], [28, 22], [15, 26], [9, 18]]",data_export2/tools/e2.py; actions in data_export2/logs/e2_actions.json
arm_core,7,fixed_ar_random_blocks,2,1.0,37,37,11073400.0,19.1244,0.06776,14349679.593849601,-25.12245981334634,True,False,173.62,[],"[[35, 6], [27, 23], [29, 3], [2, 14], [4, 10], [26, 14], [35, 16], [31, 5], [10, 3], [33, 18], [6, 9], [17, 4], [14, 23], [24, 11], [16, 17], [30, 8], [5, 18], [32, 2], [7, 14], [12, 24], [11, 10], [24, 20], [23, 24], [34, 20]]",data_export2/tools/e2.py; actions in data_export2/logs/e2_actions.json
arm_core,7,fixed_ar_policy_blocks,0,1.0,34,34,9240990.0,19.1109,0.06057,10696882.21986087,6.728215990529895,True,False,184.57,[],"[[19, 12], [17, 15], [1, 9], [14, 14], [13, 14], [7, 16], [15, 11], [10, 14], [11, 17], [7, 10], [2, 18], [22, 17], [9, 18], [21, 6], [18, 19], [12, 5], [22, 5], [17, 1], [6, 18], [13, 3], [9, 4], [12, 14], [4, 12], [5, 15]]",data_export2/tools/e2.py; actions in data_export2/logs/e2_actions.json
reduction_layer,7,policy_ar_random_blocks,0,0.9,44,49,14249100.0,8.38036,0.1529,18258184.655660402,-57.07053133333607,True,False,228.49,[],"[[31, 22], [41, 36], [23, 13], [38, 2], [15, 9], [10, 17], [5, 14], [31, 31], [1, 6], [18, 9], [4, 1], [34, 36], [7, 18], [42, 13], [40, 9], [19, 6], [11, 3], [38, 32], [22, 18], [40, 29], [37, 17], [14, 22], [8, 23], [9, 17], [38, 13], [14, 28], [24, 12], [7, 26], [28, 28], [37, 29], [39, 21], [36, 29]]",data_export2/tools/e2.py; actions in data_export2/logs/e2_actions.json
custom_macbuf,42,policy_ar_random_blocks,0,0.8,12,15,419513.0,13.5958,0.006464,36868.1663606656,17.15616438977513,True,False,2.95,"[[10, 4], [8, 6], [5, 9]]","[[2, 1]]",data_export2/tools/e2.py; actions in data_export2/logs/e2_actions.json
custom_macbuf,42,fixed_ar_random_blocks,0,1.0,14,14,462940.0,14.4522,0.0065,43488.25954199999,2.280623635354605,True,False,3.99,"[[10, 4], [8, 6], [5, 9]]","[[2, 1]]",data_export2/tools/e2.py; actions in data_export2/logs/e2_actions.json
custom_macbuf,42,policy_ar_random_blocks,1,0.8,13,16,559703.0,13.5126,0.007003,52963.988432873404,-19.01161311011296,True,False,5.35,"[[11, 5], [10, 3], [11, 1]]","[[8, 7]]",data_export2/tools/e2.py; actions in data_export2/logs/e2_actions.json
custom_macbuf,42,fixed_ar_random_blocks,1,1.0,14,14,505732.0,13.7001,0.006728,46615.4793316896,-4.746329634838107,True,False,4.62,"[[11, 5], [10, 3], [11, 1]]","[[8, 7]]",data_export2/tools/e2.py; actions in data_export2/logs/e2_actions.json
custom_macbuf,42,policy_ar_random_blocks,2,0.8,14,18,670109.0,13.7324,0.007664,70525.69782938239,-58.47328180408775,True,False,4.8,"[[12, 6], [10, 7], [11, 5]]","[[9, 1]]",data_export2/tools/e2.py; actions in data_export2/logs/e2_actions.json
custom_macbuf,42,fixed_ar_random_blocks,2,1.0,14,14,483822.0,13.8486,0.006753,45246.837879147606,-1.670952725811878,True,False,5.16,"[[12, 6], [10, 7], [11, 5]]","[[9, 1]]",data_export2/tools/e2.py; actions in data_export2/logs/e2_actions.json
custom_macbuf,42,policy_ar_random_blocks,3,0.8,12,15,474685.0,13.4744,0.006616,42316.568251423996,4.913447836939272,True,False,4.75,"[[7, 3], [2, 1], [10, 4]]","[[9, 2]]",data_export2/tools/e2.py; actions in data_export2/logs/e2_actions.json
custom_macbuf,42,fixed_ar_random_blocks,3,1.0,12,12,354362.0,13.8781,0.005898,29005.604763435596,34.823567592423316,True,False,4.86,"[[7, 3], [2, 1], [10, 4]]","[[9, 2]]",data_export2/tools/e2.py; actions in data_export2/logs/e2_actions.json
reduction_layer,7,policy_ar_random_blocks,2,0.9,42,47,13184400.0,7.35497,0.1623,15738371.6277564,-35.39321901461978,True,False,245.37,[],"[[25, 21], [35, 6], [5, 23], [2, 7], [3, 5], [10, 21], [29, 18], [23, 31], [17, 18], [18, 21], [32, 31], [39, 37], [35, 27], [9, 15], [25, 3], [40, 30], [30, 19], [8, 19], [23, 6], [8, 35], [14, 18], [23, 18], [6, 28], [37, 16], [11, 15], [9, 25], [34, 36], [8, 8], [20, 37], [32, 7], [36, 20], [31, 6]]",data_export2/tools/e2.py; actions in data_export2/logs/e2_actions.json
custom_macbuf,42,policy_ar_random_blocks,4,0.8,13,16,494225.0,13.9759,0.006754,46651.49340483499,-4.827254298303176,True,False,4.0,"[[6, 2], [2, 2], [8, 6]]","[[11, 6]]",data_export2/tools/e2.py; actions in data_export2/logs/e2_actions.json
custom_macbuf,42,fixed_ar_policy_blocks,0,1.0,11,11,288395.0,13.7033,0.005511,21779.269214488504,51.061352472335344,True,False,3.18,"[[7, 2], [3, 6], [6, 4]]","[[2, 2]]",data_export2/tools/e2.py; actions in data_export2/logs/e2_actions.json
custom_macbuf,42,fixed_ar_random_blocks,4,1.0,13,13,360549.0,14.2194,0.006022,30873.532093513197,30.62628088304433,True,False,5.78,"[[6, 2], [2, 2], [8, 6]]","[[11, 6]]",data_export2/tools/e2.py; actions in data_export2/logs/e2_actions.json
arm_core,7,policy_ar_random_blocks,0,0.9,33,37,9538490.0,19.4196,0.06229,11538204.706565158,-0.6077205608228485,True,False,241.49,[],"[[19, 18], [8, 3], [27, 17], [11, 2], [24, 7], [17, 8], [20, 11], [18, 24], [7, 20], [13, 3], [14, 3], [9, 11], [8, 16], [2, 22], [5, 24], [28, 13], [3, 20], [20, 27], [1, 29], [9, 2], [22, 16], [24, 18], [12, 30], [20, 4]]",data_export2/tools/e2.py; actions in data_export2/logs/e2_actions.json
mkDelayWorker32B,42,fixed_ar_random_blocks,0,1.0,50,50,7102130.0,9.43724,0.143,9584504.260931598,-13.082901516555939,True,False,49.64,[],"[[31, 27], [39, 7], [22, 15], [12, 27], [45, 11], [20, 7], [40, 22], [31, 1], [44, 12], [39, 35], [44, 34], [27, 40], [22, 1], [37, 4], [12, 41], [40, 14], [48, 31], [20, 1], [2, 36], [35, 38], [5, 2], [10, 17], [1, 35], [24, 34], [30, 34], [40, 2], [9, 15], [15, 13], [3, 11], [23, 9], [10, 40], [17, 22], [6, 43], [43, 33], [38, 13], [4, 13], [10, 9], [28, 42], [17, 3], [41, 19], [18, 36], [30, 2], [48, 23]]",data_export2/tools/e2.py; actions in data_export2/logs/e2_actions.json
mkDelayWorker32B,42,policy_ar_random_blocks,1,0.9,50,56,8379030.0,8.93112,0.1569,11741473.80669384,-38.53193550696222,True,False,54.63,[],"[[11, 15], [29, 7], [30, 12], [26, 17], [29, 29], [39, 25], [35, 22], [21, 43], [44, 6], [40, 10], [29, 14], [34, 10], [8, 29], [8, 43], [1, 37], [42, 6], [43, 11], [32, 37], [48, 27], [10, 8], [28, 24], [16, 26], [1, 8], [16, 19], [24, 42], [45, 5], [9, 30], [34, 21], [2, 19], [39, 4], [38, 6], [40, 43], [46, 31], [23, 6], [30, 5], [16, 42], [25, 5], [44, 15], [19, 23], [41, 14], [5, 22], [25, 24], [10, 17]]",data_export2/tools/e2.py; actions in data_export2/logs/e2_actions.json
arm_core,7,fixed_ar_random_blocks,0,1.0,37,37,10475600.0,19.1408,0.06546,13125473.9188608,-14.44796186583055,True,False,285.82,[],"[[19, 18], [8, 3], [27, 17], [11, 2], [24, 7], [17, 8], [20, 11], [18, 24], [7, 20], [13, 3], [14, 3], [9, 11], [8, 16], [2, 22], [5, 24], [28, 13], [3, 20], [20, 27], [1, 29], [9, 2], [22, 16], [24, 18], [12, 30], [20, 4]]",data_export2/tools/e2.py; actions in data_export2/logs/e2_actions.json
arm_core,7,policy_ar_random_blocks,1,0.9,37,41,12528600.0,19.5795,0.07305,17919437.016285,-56.24906627942442,True,False,284.15,[],"[[34, 20], [18, 5], [9, 16], [9, 23], [27, 11], [19, 14], [32, 28], [1, 1], [7, 18], [34, 3], [35, 11], [18, 27], [2, 11], [24, 17], [13, 17], [27, 24], [11, 1], [1, 11], [22, 19], [20, 30], [15, 28], [26, 14], [29, 21], [30, 5]]",data_export2/tools/e2.py; actions in data_export2/logs/e2_actions.json
mkDelayWorker32B,42,policy_ar_random_blocks,0,0.9,50,56,8007180.0,8.91744,0.1564,11167514.78508288,-31.760072325687744,True,False,72.99,[],"[[31, 27], [39, 7], [22, 15], [12, 27], [45, 11], [20, 7], [40, 22], [31, 1], [44, 12], [39, 35], [44, 34], [27, 40], [22, 1], [37, 4], [12, 41], [40, 14], [48, 31], [20, 1], [2, 36], [35, 38], [5, 2], [10, 17], [1, 35], [24, 34], [30, 34], [40, 2], [9, 15], [15, 13], [3, 11], [23, 9], [10, 40], [17, 22], [6, 43], [43, 33], [38, 13], [4, 13], [10, 9], [28, 42], [17, 3], [41, 19], [18, 36], [30, 2], [48, 23]]",data_export2/tools/e2.py; actions in data_export2/logs/e2_actions.json
mkDelayWorker32B,42,fixed_ar_random_blocks,1,1.0,50,50,7430960.0,9.64339,0.1415,10139839.817647599,-19.635035498564655,True,False,66.89,[],"[[11, 15], [29, 7], [30, 12], [26, 17], [29, 29], [39, 25], [35, 22], [21, 43], [44, 6], [40, 10], [29, 14], [34, 10], [8, 29], [8, 43], [1, 37], [42, 6], [43, 11], [32, 37], [48, 27], [10, 8], [28, 24], [16, 26], [1, 8], [16, 19], [24, 42], [45, 5], [9, 30], [34, 21], [2, 19], [39, 4], [38, 6], [40, 43], [46, 31], [23, 6], [30, 5], [16, 42], [25, 5], [44, 15], [19, 23], [41, 14], [5, 22], [25, 24], [10, 17]]",data_export2/tools/e2.py; actions in data_export2/logs/e2_actions.json
reduction_layer,7,fixed_ar_random_blocks,2,1.0,44,44,12917800.0,7.20211,0.1636,15220594.148888798,-30.938910700186334,True,False,333.92,[],"[[25, 21], [35, 6], [5, 23], [2, 7], [3, 5], [10, 21], [29, 18], [23, 31], [17, 18], [18, 21], [32, 31], [39, 37], [35, 27], [9, 15], [25, 3], [40, 30], [30, 19], [8, 19], [23, 6], [8, 35], [14, 18], [23, 18], [6, 28], [37, 16], [11, 15], [9, 25], [34, 36], [8, 8], [20, 37], [32, 7], [36, 20], [31, 6]]",data_export2/tools/e2.py; actions in data_export2/logs/e2_actions.json
mkDelayWorker32B,42,policy_ar_random_blocks,2,0.9,48,53,6381270.0,12.6279,0.1116,8992955.600722801,-6.103506749388291,True,False,47.51,[],"[[46, 27], [25, 17], [30, 18], [38, 29], [1, 41], [40, 33], [14, 20], [29, 30], [1, 25], [42, 40], [6, 42], [41, 32], [30, 31], [36, 37], [20, 31], [14, 30], [23, 23], [30, 8], [20, 41], [24, 6], [38, 17], [4, 32], [12, 3], [45, 40], [36, 26], [26, 5], [7, 15], [10, 36], [39, 43], [33, 12], [21, 13], [43, 37], [46, 8], [8, 2], [25, 29], [19, 36], [36, 13], [19, 15], [32, 11], [8, 13], [30, 25], [35, 43], [3, 22]]",data_export2/tools/e2.py; actions in data_export2/logs/e2_actions.json
arm_core,7,policy_ar_random_blocks,2,0.9,37,41,11309500.0,18.8598,0.07083,15107678.340723,-31.731852526538635,True,False,312.28,[],"[[35, 6], [27, 23], [29, 3], [2, 14], [4, 10], [26, 14], [35, 16], [31, 5], [10, 3], [33, 18], [6, 9], [17, 4], [14, 23], [24, 11], [16, 17], [30, 8], [5, 18], [32, 2], [7, 14], [12, 24], [11, 10], [24, 20], [23, 24], [34, 20]]",data_export2/tools/e2.py; actions in data_export2/logs/e2_actions.json
lightweight_cipher,42,policy_ar_random_blocks,0,0.9,13,14,423074.0,3.56385,0.0223,33623.32173027,5.470071787955563,True,False,5.67,[],"[[3, 5], [5, 2], [11, 6]]",data_export2/tools/e2.py; actions in data_export2/logs/e2_actions.json
lightweight_cipher,42,fixed_ar_random_blocks,0,1.0,13,13,405926.0,3.50828,0.0223,31757.476100344003,10.715783525379576,True,False,5.48,[],"[[3, 5], [5, 2], [11, 6]]",data_export2/tools/e2.py; actions in data_export2/logs/e2_actions.json
lightweight_cipher,42,policy_ar_random_blocks,1,0.9,10,11,300146.0,3.46521,0.02049,21311.0121843234,40.08538275691899,True,False,3.41,[],"[[1, 4], [7, 2], [6, 4]]",data_export2/tools/e2.py; actions in data_export2/logs/e2_actions.json
mkDelayWorker32B,42,fixed_ar_random_blocks,2,1.0,50,50,7431210.0,10.9391,0.1266,10291408.862772599,-21.42332490156429,True,False,53.0,[],"[[46, 27], [25, 17], [30, 18], [38, 29], [1, 41], [40, 33], [14, 20], [29, 30], [1, 25], [42, 40], [6, 42], [41, 32], [30, 31], [36, 37], [20, 31], [14, 30], [23, 23], [30, 8], [20, 41], [24, 6], [38, 17], [4, 32], [12, 3], [45, 40], [36, 26], [26, 5], [7, 15], [10, 36], [39, 43], [33, 12], [21, 13], [43, 37], [46, 8], [8, 2], [25, 29], [19, 36], [36, 13], [19, 15], [32, 11], [8, 13], [30, 25], [35, 43], [3, 22]]",data_export2/tools/e2.py; actions in data_export2/logs/e2_actions.json
lightweight_cipher,42,fixed_ar_random_blocks,1,1.0,11,11,324265.0,3.47373,0.0209,23541.949321605,33.81323840650058,True,False,4.96,[],"[[1, 4], [7, 2], [6, 4]]",data_export2/tools/e2.py; actions in data_export2/logs/e2_actions.json
lightweight_cipher,42,policy_ar_random_blocks,2,0.9,12,13,386143.0,3.59481,0.02124,29483.471646709197,17.109009021670882,True,False,4.45,[],"[[5, 3], [6, 4], [10, 2]]",data_export2/tools/e2.py; actions in data_export2/logs/e2_actions.json
lightweight_cipher,42,fixed_ar_random_blocks,2,1.0,12,12,351531.0,3.43241,0.02182,26327.979700072196,25.980483100947843,True,False,4.05,[],"[[5, 3], [6, 4], [10, 2]]",data_export2/tools/e2.py; actions in data_export2/logs/e2_actions.json
lightweight_cipher,42,fixed_ar_random_blocks,3,1.0,11,11,324299.0,3.51827,0.02066,23572.470006801803,33.727431352581846,True,False,3.84,[],"[[4, 1], [1, 2], [8, 1]]",data_export2/tools/e2.py; actions in data_export2/logs/e2_actions.json
lightweight_cipher,42,policy_ar_random_blocks,3,0.9,10,11,309285.0,3.41513,0.02085,22022.7808507425,38.08428835345893,True,False,4.86,[],"[[4, 1], [1, 2], [8, 1]]",data_export2/tools/e2.py; actions in data_export2/logs/e2_actions.json
lightweight_cipher,42,policy_ar_random_blocks,4,0.9,12,13,386353.0,3.59598,0.0214,29731.397944116,16.411979284878274,True,False,4.29,[],"[[2, 5], [5, 4], [7, 6]]",data_export2/tools/e2.py; actions in data_export2/logs/e2_actions.json
lightweight_cipher,42,fixed_ar_policy_blocks,0,1.0,11,11,324868.0,3.44414,0.02111,23619.7863400072,33.59440435373133,True,False,4.68,[],"[[2, 2], [6, 2], [8, 4]]",data_export2/tools/e2.py; actions in data_export2/logs/e2_actions.json
lightweight_cipher,42,fixed_ar_random_blocks,4,1.0,13,13,406294.0,3.56075,0.02199,31813.182817394998,10.55916747161775,True,False,4.84,[],"[[2, 5], [5, 4], [7, 6]]",data_export2/tools/e2.py; actions in data_export2/logs/e2_actions.json
mkDelayWorker32B,42,fixed_ar_random_blocks,3,1.0,50,50,7431410.0,9.03375,0.1488,9989464.813019998,-17.86083399831912,True,False,54.85,[],"[[36, 37], [24, 23], [2, 3], [29, 9], [47, 2], [9, 24], [41, 4], [14, 19], [41, 16], [17, 27], [22, 1], [30, 16], [3, 32], [9, 11], [14, 42], [15, 34], [39, 7], [25, 21], [42, 37], [5, 41], [24, 32], [13, 31], [27, 1], [31, 43], [31, 24], [6, 13], [5, 32], [43, 6], [7, 28], [42, 8], [36, 12], [40, 36], [6, 28], [35, 4], [37, 43], [45, 18], [41, 28], [43, 27], [15, 8], [1, 26], [11, 13], [44, 2], [42, 28]]",data_export2/tools/e2.py; actions in data_export2/logs/e2_actions.json
mkDelayWorker32B,42,policy_ar_random_blocks,3,0.9,49,54,7542810.0,8.46578,0.1595,10184995.321667101,-20.167803315757062,True,False,65.6,[],"[[36, 37], [24, 23], [2, 3], [29, 9], [47, 2], [9, 24], [41, 4], [14, 19], [41, 16], [17, 27], [22, 1], [30, 16], [3, 32], [9, 11], [14, 42], [15, 34], [39, 7], [25, 21], [42, 37], [5, 41], [24, 32], [13, 31], [27, 1], [31, 43], [31, 24], [6, 13], [5, 32], [43, 6], [7, 28], [42, 8], [36, 12], [40, 36], [6, 28], [35, 4], [37, 43], [45, 18], [41, 28], [43, 27], [15, 8], [1, 26], [11, 13], [44, 2], [42, 28]]",data_export2/tools/e2.py; actions in data_export2/logs/e2_actions.json
mkDelayWorker32B,42,policy_ar_random_blocks,4,0.9,46,51,6637000.0,7.34422,0.1694,8257163.830916,2.577742272631287,True,False,61.95,[],"[[33, 25], [35, 15], [11, 16], [44, 16], [1, 13], [18, 25], [3, 19], [37, 9], [2, 3], [24, 34], [18, 18], [10, 36], [31, 30], [37, 19], [24, 40], [18, 42], [34, 41], [10, 4], [7, 1], [38, 19], [30, 6], [32, 23], [30, 31], [36, 16], [42, 23], [21, 13], [44, 7], [13, 35], [37, 29], [34, 16], [37, 42], [40, 6], [1, 20], [36, 41], [4, 27], [36, 22], [16, 33], [13, 29], [15, 10], [19, 17], [20, 27], [25, 22], [7, 38]]",data_export2/tools/e2.py; actions in data_export2/logs/e2_actions.json
mkDelayWorker32B,42,fixed_ar_random_blocks,4,1.0,49,49,7118570.0,7.64384,0.166,9032592.878060801,-6.57116769538716,True,False,47.58,[],"[[33, 25], [35, 15], [11, 16], [44, 16], [1, 13], [18, 25], [3, 19], [37, 9], [2, 3], [24, 34], [18, 18], [10, 36], [31, 30], [37, 19], [24, 40], [18, 42], [34, 41], [10, 4], [7, 1], [38, 19], [30, 6], [32, 23], [30, 31], [36, 16], [42, 23], [21, 13], [44, 7], [13, 35], [37, 29], [34, 16], [37, 42], [40, 6], [1, 20], [36, 41], [4, 27], [36, 22], [16, 33], [13, 29], [15, 10], [19, 17], [20, 27], [25, 22], [7, 38]]",data_export2/tools/e2.py; actions in data_export2/logs/e2_actions.json
mkDelayWorker32B,42,fixed_ar_policy_blocks,0,1.0,36,36,3936360.0,6.768,0.1508,4017505.699584,52.59940535264561,True,False,40.45,[],"[[2, 9], [11, 4], [13, 7], [12, 4], [8, 14], [14, 8], [7, 14], [10, 2], [2, 18], [21, 16], [1, 3], [3, 8], [5, 17], [19, 6], [15, 14], [9, 6], [10, 16], [12, 17], [16, 18], [17, 19], [19, 12], [6, 2], [20, 16], [2, 2], [8, 4], [20, 3], [14, 1], [6, 14], [7, 4], [5, 1], [18, 15], [4, 2], [5, 10], [3, 14], [13, 1], [7, 22], [11, 17], [22, 8], [4, 17], [4, 10], [21, 10], [14, 19], [10, 10]]",data_export2/tools/e2.py; actions in data_export2/logs/e2_actions.json
softmax,7,policy_ar_random_blocks,0,0.9,43,48,10531400.0,6.38941,0.08982,6043936.824814679,-68.89468165551958,True,False,346.05,"[[23, 35], [1, 30], [41, 29], [28, 13], [10, 28], [21, 36], [33, 35], [19, 25]]",[],data_export2/tools/e2.py; actions in data_export2/logs/e2_actions.json
arm_core,7,fixed_ar_random_blocks,1,1.0,37,37,10911500.0,19.2426,0.06857,14397343.242243001,-25.538064419125604,True,False,363.9,[],"[[34, 20], [18, 5], [9, 16], [9, 23], [27, 11], [19, 14], [32, 28], [1, 1], [7, 18], [34, 3], [35, 11], [18, 27], [2, 11], [24, 17], [13, 17], [27, 24], [11, 1], [1, 11], [22, 19], [20, 30], [15, 28], [26, 14], [29, 21], [30, 5]]",data_export2/tools/e2.py; actions in data_export2/logs/e2_actions.json
softmax,7,fixed_ar_random_blocks,0,1.0,43,43,9631140.0,6.56967,0.08235,5210565.4389849305,-45.60655026198034,True,False,357.4,"[[23, 35], [1, 30], [41, 29], [28, 13], [10, 28], [21, 36], [33, 35], [19, 25]]",[],data_export2/tools/e2.py; actions in data_export2/logs/e2_actions.json
softmax,7,policy_ar_random_blocks,1,0.9,43,48,10057500.0,6.64554,0.08751,5848951.2483105,-63.44591079215088,True,False,289.93,"[[41, 36], [6, 2], [37, 12], [40, 10], [14, 17], [38, 28], [2, 37], [31, 32]]",[],data_export2/tools/e2.py; actions in data_export2/logs/e2_actions.json
softmax,7,fixed_ar_random_blocks,1,1.0,43,43,9187820.0,6.23838,0.08324,4771076.447130384,-33.32525819657976,True,False,291.9,"[[41, 36], [6, 2], [37, 12], [40, 10], [14, 17], [38, 28], [2, 37], [31, 32]]",[],data_export2/tools/e2.py; actions in data_export2/logs/e2_actions.json
softmax,7,fixed_ar_policy_blocks,0,1.0,38,38,7451440.0,6.5221,0.07007,3405334.51025768,4.839692288120384,True,False,287.95,"[[19, 12], [17, 15], [1, 9], [7, 16], [14, 14], [15, 11], [13, 14], [7, 11]]",[],data_export2/tools/e2.py; actions in data_export2/logs/e2_actions.json
softmax,7,fixed_ar_random_blocks,2,1.0,42,42,8952950.0,6.16832,0.08173,4513511.50626112,-26.127739434448927,True,False,299.72,"[[7, 1], [29, 17], [18, 6], [35, 36], [40, 12], [29, 27], [11, 21], [17, 20]]",[],data_export2/tools/e2.py; actions in data_export2/logs/e2_actions.json
reduction_layer,42,fixed_ar_policy_blocks,0,1.0,33,33,8775810.0,7.8972,0.1295,8974910.311794,22.791123108425396,True,False,152.58,[],"[[2, 9], [11, 4], [13, 7], [12, 4], [8, 14], [14, 8], [10, 2], [7, 14], [2, 18], [21, 16], [3, 8], [1, 3], [5, 17], [19, 6], [15, 14], [10, 16], [9, 6], [12, 17], [16, 18], [17, 19], [19, 12], [6, 2], [20, 16], [2, 2], [8, 4], [20, 3], [14, 1], [6, 14], [7, 4], [18, 15], [5, 1], [4, 2]]",data_export2/tools/e2.py; actions in data_export2/logs/e2_actions.json
reduction_layer,42,policy_ar_random_blocks,0,0.9,44,49,14471100.0,7.42395,0.1649,17715655.9971405,-52.40329489858655,True,False,195.3,[],"[[33, 19], [10, 6], [28, 19], [24, 7], [23, 20], [37, 12], [31, 9], [25, 29], [30, 27], [36, 23], [26, 6], [19, 22], [6, 6], [17, 27], [3, 21], [27, 1], [42, 3], [14, 23], [39, 37], [40, 24], [38, 28], [26, 31], [29, 19], [6, 18], [33, 9], [31, 15], [30, 16], [35, 29], [37, 1], [18, 15], [9, 25], [35, 15]]",data_export2/tools/e2.py; actions in data_export2/logs/e2_actions.json
softmax,7,policy_ar_random_blocks,2,0.9,42,47,10057100.0,6.51665,0.08609,5642218.13555435,-57.668861117632616,True,False,393.94,"[[7, 1], [29, 17], [18, 6], [35, 36], [40, 12], [29, 27], [11, 21], [17, 20]]",[],data_export2/tools/e2.py; actions in data_export2/logs/e2_actions.json
reduction_layer,42,policy_ar_random_blocks,1,0.9,44,49,14045800.0,8.24464,0.1533,17752533.139689602,-52.72053960190631,True,False,252.78,[],"[[5, 7], [29, 31], [5, 37], [17, 4], [23, 21], [4, 23], [38, 23], [13, 6], [6, 37], [33, 24], [31, 34], [38, 36], [18, 23], [26, 2], [42, 29], [41, 34], [18, 4], [23, 4], [42, 23], [15, 32], [34, 33], [30, 35], [21, 3], [4, 15], [21, 16], [28, 3], [14, 7], [19, 13], [9, 14], [15, 19], [22, 8], [25, 15]]",data_export2/tools/e2.py; actions in data_export2/logs/e2_actions.json
reduction_layer,42,fixed_ar_random_blocks,0,1.0,44,44,12916600.0,7.49413,0.1576,15255471.898340799,-31.238955131845547,True,False,256.03,[],"[[33, 19], [10, 6], [28, 19], [24, 7], [23, 20], [37, 12], [31, 9], [25, 29], [30, 27], [36, 23], [26, 6], [19, 22], [6, 6], [17, 27], [3, 21], [27, 1], [42, 3], [14, 23], [39, 37], [40, 24], [38, 28], [26, 31], [29, 19], [6, 18], [33, 9], [31, 15], [30, 16], [35, 29], [37, 1], [18, 15], [9, 25], [35, 15]]",data_export2/tools/e2.py; actions in data_export2/logs/e2_actions.json
arm_core,42,policy_ar_random_blocks,0,0.9,37,41,11485400.0,18.5611,0.07226,15404506.6027444,-34.32005542287066,True,False,249.92,[],"[[14, 30], [27, 8], [33, 2], [9, 29], [28, 24], [35, 17], [28, 12], [1, 3], [34, 17], [2, 6], [12, 3], [19, 12], [12, 17], [5, 26], [32, 10], [11, 10], [25, 11], [32, 17], [6, 16], [7, 11], [3, 16], [8, 19], [23, 23], [33, 9]]",data_export2/tools/e2.py; actions in data_export2/logs/e2_actions.json
arm_core,42,fixed_ar_random_blocks,1,1.0,37,37,10781300.0,19.0042,0.06711,13750166.6557806,-19.894988843662055,True,False,257.54,[],"[[18, 22], [30, 17], [23, 23], [32, 21], [3, 26], [20, 26], [10, 10], [30, 5], [14, 25], [31, 25], [28, 2], [22, 5], [8, 1], [29, 8], [19, 2], [9, 12], [34, 12], [35, 7], [16, 24], [14, 2], [11, 28], [29, 26], [16, 8], [10, 21]]",data_export2/tools/e2.py; actions in data_export2/logs/e2_actions.json
custom_macbuf,123,policy_ar_random_blocks,0,0.8,11,14,382245.0,13.5975,0.006166,32048.256005324998,27.98664229387474,True,False,3.45,"[[9, 4], [7, 9], [2, 3]]","[[1, 2]]",data_export2/tools/e2.py; actions in data_export2/logs/e2_actions.json
custom_macbuf,123,fixed_ar_random_blocks,0,1.0,14,14,483559.0,14.0737,0.006688,45514.9452270304,-2.273397687045225,True,False,3.69,"[[9, 4], [7, 9], [2, 3]]","[[1, 2]]",data_export2/tools/e2.py; actions in data_export2/logs/e2_actions.json
arm_core,42,fixed_ar_random_blocks,0,1.0,37,37,10780200.0,19.2531,0.06782,14076194.857808402,-22.73780148902074,True,False,277.7,[],"[[14, 30], [27, 8], [33, 2], [9, 29], [28, 24], [35, 17], [28, 12], [1, 3], [34, 17], [2, 6], [12, 3], [19, 12], [12, 17], [5, 26], [32, 10], [11, 10], [25, 11], [32, 17], [6, 16], [7, 11], [3, 16], [8, 19], [23, 23], [33, 9]]",data_export2/tools/e2.py; actions in data_export2/logs/e2_actions.json
custom_macbuf,123,policy_ar_random_blocks,1,0.8,10,13,324235.0,14.2347,0.005475,25269.249050887498,43.21926689039272,True,False,2.8,"[[1, 7], [2, 5], [7, 8]]","[[8, 4]]",data_export2/tools/e2.py; actions in data_export2/logs/e2_actions.json
reduction_layer,42,fixed_ar_random_blocks,1,1.0,44,44,12718100.0,7.84138,0.1531,15268273.357131802,-31.349082834684904,True,False,294.88,[],"[[5, 7], [29, 31], [5, 37], [17, 4], [23, 21], [4, 23], [38, 23], [13, 6], [6, 37], [33, 24], [31, 34], [38, 36], [18, 23], [26, 2], [42, 29], [41, 34], [18, 4], [23, 4], [42, 23], [15, 32], [34, 33], [30, 35], [21, 3], [4, 15], [21, 16], [28, 3], [14, 7], [19, 13], [9, 14], [15, 19], [22, 8], [25, 15]]",data_export2/tools/e2.py; actions in data_export2/logs/e2_actions.json
custom_macbuf,123,policy_ar_random_blocks,2,0.8,11,14,323260.0,13.7497,0.005993,26637.255035846,40.14531789539692,True,False,2.74,"[[8, 6], [6, 9], [2, 3]]","[[4, 5]]",data_export2/tools/e2.py; actions in data_export2/logs/e2_actions.json
reduction_layer,42,fixed_ar_random_blocks,2,1.0,44,44,12720000.0,7.55846,0.1577,15161847.486240001,-30.433528062737423,True,False,291.2,[],"[[34, 10], [28, 28], [20, 19], [30, 27], [27, 17], [23, 29], [40, 3], [2, 6], [8, 1], [41, 18], [8, 15], [4, 3], [9, 32], [5, 31], [4, 23], [24, 14], [30, 33], [10, 20], [2, 22], [32, 4], [7, 27], [16, 2], [14, 20], [22, 18], [5, 18], [34, 1], [27, 37], [6, 9], [29, 10], [22, 6], [11, 28], [26, 34]]",data_export2/tools/e2.py; actions in data_export2/logs/e2_actions.json
custom_macbuf,123,fixed_ar_random_blocks,1,1.0,13,13,442269.0,13.764,0.006364,38740.153243823996,12.949755747268627,True,False,4.72,"[[1, 7], [2, 5], [7, 8]]","[[8, 4]]",data_export2/tools/e2.py; actions in data_export2/logs/e2_actions.json
custom_macbuf,123,fixed_ar_random_blocks,2,1.0,14,14,505790.0,13.9371,0.006772,47737.492618548,-7.267525925960272,True,False,2.7,"[[8, 6], [6, 9], [2, 3]]","[[4, 5]]",data_export2/tools/e2.py; actions in data_export2/logs/e2_actions.json
custom_macbuf,123,fixed_ar_random_blocks,3,1.0,14,14,483795.0,13.8315,0.006866,45944.597984805005,-3.238839854316499,True,False,3.53,"[[8, 5], [12, 9], [4, 1]]","[[6, 7]]",data_export2/tools/e2.py; actions in data_export2/logs/e2_actions.json
custom_macbuf,123,policy_ar_random_blocks,3,0.8,14,18,613206.0,14.0737,0.007558,65226.12409886761,-46.56498642969564,True,False,4.19,"[[8, 5], [12, 9], [4, 1]]","[[6, 7]]",data_export2/tools/e2.py; actions in data_export2/logs/e2_actions.json
custom_macbuf,123,fixed_ar_random_blocks,4,1.0,13,13,408528.0,14.2192,0.006199,36009.6273517824,19.085326361680725,True,False,2.6,"[[3, 5], [9, 1], [4, 8]]","[[8, 4]]",data_export2/tools/e2.py; actions in data_export2/logs/e2_actions.json
custom_macbuf,123,policy_ar_random_blocks,4,0.8,11,14,382488.0,13.741,0.006111,32117.995852488002,27.829934841235655,True,False,5.12,"[[3, 5], [9, 1], [4, 8]]","[[8, 4]]",data_export2/tools/e2.py; actions in data_export2/logs/e2_actions.json
custom_macbuf,123,fixed_ar_policy_blocks,0,1.0,11,11,327385.0,13.3878,0.005664,24825.113210591997,44.21725296277045,True,False,3.44,"[[2, 3], [6, 3], [3, 4]]","[[5, 4]]",data_export2/tools/e2.py; actions in data_export2/logs/e2_actions.json
arm_core,42,policy_ar_random_blocks,2,0.9,34,38,10409500.0,19.2963,0.06664,13385632.594404,-16.71642320762242,True,False,238.61,[],"[[6, 20], [16, 29], [27, 28], [32, 21], [14, 1], [24, 14], [8, 8], [4, 3], [19, 22], [5, 14], [28, 5], [14, 13], [2, 26], [14, 30], [24, 2], [25, 30], [22, 24], [24, 23], [11, 15], [27, 16], [4, 26], [11, 30], [13, 22], [26, 5]]",data_export2/tools/e2.py; actions in data_export2/logs/e2_actions.json
arm_core,42,fixed_ar_policy_blocks,0,1.0,34,34,8897360.0,19.232,0.0589,10078616.220927998,12.119204834531223,True,False,193.49,[],"[[2, 9], [11, 4], [13, 7], [8, 14], [12, 4], [14, 8], [7, 14], [10, 2], [2, 18], [21, 16], [3, 8], [1, 3], [5, 17], [19, 6], [15, 14], [10, 16], [9, 6], [12, 17], [16, 18], [17, 19], [19, 12], [6, 2], [20, 16], [2, 2]]",data_export2/tools/e2.py; actions in data_export2/logs/e2_actions.json
reduction_layer,42,policy_ar_random_blocks,2,0.9,43,48,13820600.0,7.37669,0.1646,16781016.386584397,-44.362827403932464,True,False,341.76,[],"[[34, 10], [28, 28], [20, 19], [30, 27], [27, 17], [23, 29], [40, 3], [2, 6], [8, 1], [41, 18], [8, 15], [4, 3], [9, 32], [5, 31], [4, 23], [24, 14], [30, 33], [10, 20], [2, 22], [32, 4], [7, 27], [16, 2], [14, 20], [22, 18], [5, 18], [34, 1], [27, 37], [6, 9], [29, 10], [22, 6], [11, 28], [26, 34]]",data_export2/tools/e2.py; actions in data_export2/logs/e2_actions.json
mkDelayWorker32B,123,fixed_ar_random_blocks,0,1.0,50,50,7102850.0,8.40196,0.1564,9333617.5520504,-10.122811331414983,True,False,50.44,[],"[[33, 1], [16, 11], [44, 20], [9, 8], [21, 36], [31, 8], [32, 1], [43, 10], [23, 43], [6, 12], [20, 2], [31, 39], [20, 39], [17, 29], [42, 3], [23, 11], [4, 9], [41, 42], [41, 33], [2, 14], [39, 18], [22, 9], [1, 18], [8, 40], [39, 26], [20, 26], [34, 40], [23, 4], [45, 17], [5, 23], [5, 13], [21, 5], [11, 18], [25, 40], [6, 18], [34, 11], [6, 38], [13, 9], [37, 26], [34, 22], [9, 24], [38, 15], [36, 25]]",data_export2/tools/e2.py; actions in data_export2/logs/e2_actions.json
mkDelayWorker32B,123,policy_ar_random_blocks,1,0.9,50,56,7654690.0,8.35167,0.1618,10343784.17386614,-22.04127570893491,True,False,55.03,[],"[[26, 22], [13, 11], [46, 33], [5, 29], [33, 8], [31, 15], [14, 6], [43, 21], [33, 2], [10, 41], [47, 11], [17, 23], [2, 19], [22, 41], [15, 30], [27, 8], [1, 1], [12, 7], [36, 6], [24, 29], [12, 30], [6, 1], [38, 8], [47, 27], [8, 29], [10, 1], [18, 19], [48, 20], [10, 15], [43, 27], [21, 36], [25, 39], [15, 13], [46, 5], [5, 10], [30, 14], [16, 31], [14, 37], [1, 27], [23, 42], [7, 29], [26, 15], [17, 8]]",data_export2/tools/e2.py; actions in data_export2/logs/e2_actions.json
mkDelayWorker32B,123,policy_ar_random_blocks,0,0.9,47,52,6933180.0,7.98823,0.1615,8944489.5901311,-5.531679876194441,True,False,68.46,[],"[[33, 1], [16, 11], [44, 20], [9, 8], [21, 36], [31, 8], [32, 1], [43, 10], [23, 43], [6, 12], [20, 2], [31, 39], [20, 39], [17, 29], [42, 3], [23, 11], [4, 9], [41, 42], [41, 33], [2, 14], [39, 18], [22, 9], [1, 18], [8, 40], [39, 26], [20, 26], [34, 40], [23, 4], [45, 17], [5, 23], [5, 13], [21, 5], [11, 18], [25, 40], [6, 18], [34, 11], [6, 38], [13, 9], [37, 26], [34, 22], [9, 24], [38, 15], [36, 25]]",data_export2/tools/e2.py; actions in data_export2/logs/e2_actions.json
mkDelayWorker32B,123,fixed_ar_random_blocks,1,1.0,50,50,6789470.0,8.29639,0.1559,8781549.38897347,-3.609227736890465,True,False,69.13,[],"[[26, 22], [13, 11], [46, 33], [5, 29], [33, 8], [31, 15], [14, 6], [43, 21], [33, 2], [10, 41], [47, 11], [17, 23], [2, 19], [22, 41], [15, 30], [27, 8], [1, 1], [12, 7], [36, 6], [24, 29], [12, 30], [6, 1], [38, 8], [47, 27], [8, 29], [10, 1], [18, 19], [48, 20], [10, 15], [43, 27], [21, 36], [25, 39], [15, 13], [46, 5], [5, 10], [30, 14], [16, 31], [14, 37], [1, 27], [23, 42], [7, 29], [26, 15], [17, 8]]",data_export2/tools/e2.py; actions in data_export2/logs/e2_actions.json
mkDelayWorker32B,123,policy_ar_random_blocks,2,0.9,50,56,7064520.0,7.81706,0.1706,9421176.30693072,-11.155874470152751,True,False,53.0,[],"[[3, 26], [12, 39], [15, 10], [7, 36], [44, 4], [29, 22], [41, 39], [12, 7], [36, 13], [34, 17], [38, 31], [48, 7], [16, 10], [46, 1], [37, 36], [47, 1], [24, 28], [33, 28], [25, 12], [24, 15], [41, 12], [22, 13], [2, 28], [14, 38], [5, 20], [37, 4], [43, 16], [7, 14], [14, 26], [6, 22], [28, 31], [43, 38], [45, 35], [35, 2], [44, 14], [1, 18], [18, 40], [17, 42], [42, 8], [23, 18], [23, 11], [14, 5], [7, 8]]",data_export2/tools/e2.py; actions in data_export2/logs/e2_actions.json
lightweight_cipher,123,policy_ar_random_blocks,0,0.8,11,14,363824.0,3.55362,0.02144,27719.6096873472,22.06799985940054,True,False,5.5,[],"[[7, 5], [5, 1], [6, 7]]",data_export2/tools/e2.py; actions in data_export2/logs/e2_actions.json
lightweight_cipher,123,fixed_ar_random_blocks,0,1.0,14,14,481648.0,3.46488,0.02347,39167.968696972806,-10.118366615846886,True,False,5.75,[],"[[7, 5], [5, 1], [6, 7]]",data_export2/tools/e2.py; actions in data_export2/logs/e2_actions.json
lightweight_cipher,123,policy_ar_random_blocks,1,0.8,11,14,393075.0,3.42554,0.02235,30094.143928424994,15.392140967563364,True,False,5.15,[],"[[1, 2], [8, 1], [9, 3]]",data_export2/tools/e2.py; actions in data_export2/logs/e2_actions.json
mkDelayWorker32B,123,policy_ar_random_blocks,3,0.9,50,56,8378540.0,8.07807,0.1694,11465404.085455319,-35.274723214222895,True,False,53.24,[],"[[18, 16], [33, 16], [45, 2], [15, 37], [3, 19], [34, 6], [46, 42], [30, 20], [27, 6], [9, 5], [31, 26], [48, 19], [1, 22], [10, 16], [34, 18], [33, 29], [22, 27], [40, 13], [48, 4], [9, 31], [21, 6], [10, 39], [48, 31], [19, 9], [14, 40], [15, 27], [37, 19], [18, 10], [23, 21], [47, 3], [44, 15], [9, 13], [15, 10], [42, 9], [26, 36], [38, 35], [40, 28], [47, 12], [3, 7], [7, 3], [36, 32], [34, 30], [7, 24]]",data_export2/tools/e2.py; actions in data_export2/logs/e2_actions.json
mkDelayWorker32B,123,fixed_ar_random_blocks,2,1.0,50,50,6264790.0,8.91162,0.1468,8195760.009818641,3.302216075851022,True,False,69.94,[],"[[3, 26], [12, 39], [15, 10], [7, 36], [44, 4], [29, 22], [41, 39], [12, 7], [36, 13], [34, 17], [38, 31], [48, 7], [16, 10], [46, 1], [37, 36], [47, 1], [24, 28], [33, 28], [25, 12], [24, 15], [41, 12], [22, 13], [2, 28], [14, 38], [5, 20], [37, 4], [43, 16], [7, 14], [14, 26], [6, 22], [28, 31], [43, 38], [45, 35], [35, 2], [44, 14], [1, 18], [18, 40], [17, 42], [42, 8], [23, 18], [23, 11], [14, 5], [7, 8]]",data_export2/tools/e2.py; actions in data_export2/logs/e2_actions.json
lightweight_cipher,123,fixed_ar_random_blocks,1,1.0,11,11,324048.0,3.41779,0.0212,23479.593895104,33.9885469033248,True,False,3.35,[],"[[1, 2], [8, 1], [9, 3]]",data_export2/tools/e2.py; actions in data_export2/logs/e2_actions.json
lightweight_cipher,123,fixed_ar_random_blocks,2,1.0,14,14,460922.0,3.59952,0.02261,37512.204817718404,-5.463286969117469,True,False,4.5,[],"[[4, 6], [3, 7], [10, 3]]",data_export2/tools/e2.py; actions in data_export2/logs/e2_actions.json
lightweight_cipher,123,policy_ar_random_blocks,2,0.8,12,15,417167.0,3.62697,0.02191,33150.9735703209,6.798049969566384,True,False,5.59,[],"[[4, 6], [3, 7], [10, 3]]",data_export2/tools/e2.py; actions in data_export2/logs/e2_actions.json
mkDelayWorker32B,123,fixed_ar_random_blocks,3,1.0,50,50,7430650.0,8.13731,0.1615,9765178.66206725,-15.21459085112771,True,False,51.57,[],"[[18, 16], [33, 16], [45, 2], [15, 37], [3, 19], [34, 6], [46, 42], [30, 20], [27, 6], [9, 5], [31, 26], [48, 19], [1, 22], [10, 16], [34, 18], [33, 29], [22, 27], [40, 13], [48, 4], [9, 31], [21, 6], [10, 39], [48, 31], [19, 9], [14, 40], [15, 27], [37, 19], [18, 10], [23, 21], [47, 3], [44, 15], [9, 13], [15, 10], [42, 9], [26, 36], [38, 35], [40, 28], [47, 12], [3, 7], [7, 3], [36, 32], [34, 30], [7, 24]]",data_export2/tools/e2.py; actions in data_export2/logs/e2_actions.json
lightweight_cipher,123,policy_ar_random_blocks,3,0.8,13,16,472854.0,3.50541,0.02346,38886.0559076844,-9.325785920005082,True,False,5.05,[],"[[11, 5], [7, 3], [2, 6]]",data_export2/tools/e2.py; actions in data_export2/logs/e2_actions.json
lightweight_cipher,123,policy_ar_random_blocks,4,0.8,12,15,435994.0,3.69562,0.02172,34996.7441372016,1.608778053399414,True,False,3.96,[],"[[6, 3], [8, 3], [10, 3]]",data_export2/tools/e2.py; actions in data_export2/logs/e2_actions.json
lightweight_cipher,123,fixed_ar_random_blocks,3,1.0,13,13,405946.0,3.73417,0.02094,31742.3465887308,10.758319228965094,True,False,5.07,[],"[[11, 5], [7, 3], [2, 6]]",data_export2/tools/e2.py; actions in data_export2/logs/e2_actions.json
lightweight_cipher,123,fixed_ar_random_blocks,4,1.0,12,12,364368.0,3.4062,0.02214,27478.181634624,22.746760175688735,True,False,6.09,[],"[[6, 3], [8, 3], [10, 3]]",data_export2/tools/e2.py; actions in data_export2/logs/e2_actions.json
lightweight_cipher,123,fixed_ar_policy_blocks,0,1.0,11,11,324721.0,3.391,0.02127,23421.011936970004,34.15324652287317,True,False,5.28,[],"[[6, 3], [3, 4], [5, 4]]",data_export2/tools/e2.py; actions in data_export2/logs/e2_actions.json
mkDelayWorker32B,123,fixed_ar_policy_blocks,0,1.0,36,36,3648250.0,6.10562,0.1649,3673119.1644085,56.66265448694082,True,False,41.94,[],"[[18, 2], [18, 13], [12, 5], [1, 9], [11, 4], [7, 16], [13, 2], [9, 15], [12, 19], [3, 10], [11, 17], [13, 9], [10, 9], [11, 10], [21, 7], [19, 16], [2, 10], [14, 11], [9, 3], [15, 5], [8, 13], [15, 12], [9, 9], [19, 9], [5, 12], [17, 13], [6, 16], [8, 4], [14, 3], [6, 9], [16, 6], [3, 18], [4, 10], [20, 19], [21, 17], [23, 15], [5, 5], [10, 3], [17, 6], [12, 11], [4, 1], [22, 15], [20, 10]]",data_export2/tools/e2.py; actions in data_export2/logs/e2_actions.json
mkDelayWorker32B,123,policy_ar_random_blocks,4,0.9,50,56,7352360.0,8.95799,0.1537,10123045.86267868,-19.43689179659305,True,False,61.0,[],"[[48, 26], [18, 11], [24, 23], [32, 37], [31, 38], [34, 42], [19, 41], [47, 22], [32, 29], [6, 41], [27, 27], [44, 20], [8, 38], [42, 36], [10, 43], [19, 27], [42, 16], [40, 13], [38, 26], [48, 32], [27, 35], [43, 15], [5, 32], [40, 21], [20, 37], [11, 42], [45, 9], [28, 4], [41, 37], [34, 36], [27, 6], [46, 15], [30, 20], [23, 19], [34, 6], [36, 24], [6, 29], [39, 43], [6, 10], [7, 34], [4, 40], [36, 1], [27, 19]]",data_export2/tools/e2.py; actions in data_export2/logs/e2_actions.json
mkDelayWorker32B,123,fixed_ar_random_blocks,4,1.0,50,50,7102410.0,9.13884,0.1454,9437592.46307976,-11.349560707702794,True,False,54.43,[],"[[48, 26], [18, 11], [24, 23], [32, 37], [31, 38], [34, 42], [19, 41], [47, 22], [32, 29], [6, 41], [27, 27], [44, 20], [8, 38], [42, 36], [10, 43], [19, 27], [42, 16], [40, 13], [38, 26], [48, 32], [27, 35], [43, 15], [5, 32], [40, 21], [20, 37], [11, 42], [45, 9], [28, 4], [41, 37], [34, 36], [27, 6], [46, 15], [30, 20], [23, 19], [34, 6], [36, 24], [6, 29], [39, 43], [6, 10], [7, 34], [4, 40], [36, 1], [27, 19]]",data_export2/tools/e2.py; actions in data_export2/logs/e2_actions.json
softmax,42,fixed_ar_random_blocks,0,1.0,43,43,9187800.0,6.22677,0.08288,4741591.10660928,-32.501305639635376,True,False,281.29,"[[11, 27], [8, 5], [25, 24], [41, 6], [30, 1], [3, 11], [5, 8], [8, 14]]",[],data_export2/tools/e2.py; actions in data_export2/logs/e2_actions.json
arm_core,42,policy_ar_random_blocks,1,0.9,37,41,12171900.0,19.2653,0.07244,16986839.8992708,-48.11725786290301,True,False,430.65,[],"[[18, 22], [30, 17], [23, 23], [32, 21], [3, 26], [20, 26], [10, 10], [30, 5], [14, 25], [31, 25], [28, 2], [22, 5], [8, 1], [29, 8], [19, 2], [9, 12], [34, 12], [35, 7], [16, 24], [14, 2], [11, 28], [29, 26], [16, 8], [10, 21]]",data_export2/tools/e2.py; actions in data_export2/logs/e2_actions.json
arm_core,42,fixed_ar_random_blocks,2,1.0,37,37,10914700.0,19.2929,0.06775,14266538.6089325,-24.397509512115175,True,False,366.17,[],"[[6, 20], [16, 29], [27, 28], [32, 21], [14, 1], [24, 14], [8, 8], [4, 3], [19, 22], [5, 14], [28, 5], [14, 13], [2, 26], [14, 30], [24, 2], [25, 30], [22, 24], [24, 23], [11, 15], [27, 16], [4, 26], [11, 30], [13, 22], [26, 5]]",data_export2/tools/e2.py; actions in data_export2/logs/e2_actions.json
softmax,42,policy_ar_random_blocks,0,0.9,43,48,10531400.0,6.38829,0.08934,6010584.1169180395,-67.96265752194084,True,False,350.17,"[[11, 27], [8, 5], [25, 24], [41, 6], [30, 1], [3, 11], [5, 8], [8, 14]]",[],data_export2/tools/e2.py; actions in data_export2/logs/e2_actions.json
softmax,42,policy_ar_random_blocks,1,0.9,42,47,9604450.0,6.43498,0.08629,5333105.443507691,-49.030867168961265,True,False,328.7,"[[33, 1], [15, 1], [40, 2], [1, 34], [16, 25], [18, 37], [22, 29], [18, 10]]",[],data_export2/tools/e2.py; actions in data_export2/logs/e2_actions.json
softmax,42,fixed_ar_random_blocks,1,1.0,42,42,8750490.0,6.1481,0.081,4357709.893089,-21.773944115132636,True,False,287.17,"[[33, 1], [15, 1], [40, 2], [1, 34], [16, 25], [18, 37], [22, 29], [18, 10]]",[],data_export2/tools/e2.py; actions in data_export2/logs/e2_actions.json
softmax,42,fixed_ar_policy_blocks,0,1.0,38,38,7273100.0,6.32405,0.071,3265676.811905,8.742354276110593,True,False,287.93,"[[2, 9], [11, 4], [13, 7], [12, 4], [8, 14], [14, 8], [7, 14], [10, 2]]",[],data_export2/tools/e2.py; actions in data_export2/logs/e2_actions.json
softmax,42,policy_ar_random_blocks,2,0.9,38,42,8069600.0,6.28108,0.07635,3869861.0718768006,-8.141261685964233,True,False,297.13,"[[9, 16], [21, 8], [16, 19], [36, 20], [19, 18], [6, 21], [21, 36], [16, 6]]",[],data_export2/tools/e2.py; actions in data_export2/logs/e2_actions.json
reduction_layer,123,fixed_ar_random_blocks,2,1.0,44,44,12716800.0,7.16007,0.1663,15142143.5306688,-30.264019930943093,True,False,165.6,[],"[[14, 19], [4, 20], [18, 36], [25, 27], [30, 3], [35, 10], [26, 33], [23, 35], [9, 11], [29, 30], [36, 24], [4, 1], [9, 5], [42, 35], [7, 32], [1, 28], [11, 29], [19, 27], [5, 35], [42, 13], [3, 12], [34, 19], [5, 26], [39, 5], [29, 36], [36, 2], [14, 11], [29, 14], [13, 18], [5, 8], [21, 23], [1, 9]]",data_export2/tools/e2.py; actions in data_export2/logs/e2_actions.json
softmax,42,fixed_ar_random_blocks,2,1.0,41,41,8516790.0,6.64886,0.07687,4352913.212907078,-21.639903373839154,True,False,338.17,"[[9, 16], [21, 8], [16, 19], [36, 20], [19, 18], [6, 21], [21, 36], [16, 6]]",[],data_export2/tools/e2.py; actions in data_export2/logs/e2_actions.json
reduction_layer,123,policy_ar_random_blocks,1,0.9,43,48,13608600.0,7.92152,0.1574,16967845.4591328,-45.970070525147946,True,False,219.14,[],"[[21, 35], [33, 24], [24, 25], [32, 14], [17, 19], [17, 3], [9, 32], [13, 36], [37, 25], [39, 20], [10, 26], [1, 37], [37, 37], [37, 5], [16, 37], [13, 3], [38, 8], [9, 10], [6, 12], [16, 17], [8, 9], [41, 33], [20, 20], [26, 32], [29, 26], [34, 33], [5, 13], [39, 3], [38, 16], [4, 27], [7, 4], [31, 26]]",data_export2/tools/e2.py; actions in data_export2/logs/e2_actions.json
reduction_layer,123,fixed_ar_random_blocks,0,1.0,44,44,12537100.0,7.1833,0.1622,14607367.119746001,-25.663474115883783,True,False,260.66,[],"[[6, 37], [18, 28], [39, 25], [8, 37], [16, 16], [18, 19], [30, 29], [31, 21], [36, 1], [37, 14], [36, 18], [7, 16], [2, 35], [40, 4], [14, 26], [34, 16], [35, 20], [12, 35], [10, 27], [14, 17], [38, 5], [13, 1], [30, 8], [3, 31], [29, 30], [6, 17], [35, 34], [17, 34], [26, 33], [15, 30], [21, 15], [30, 16]]",data_export2/tools/e2.py; actions in data_export2/logs/e2_actions.json
reduction_layer,123,policy_ar_random_blocks,2,0.9,44,49,14044000.0,7.48077,0.1659,17429443.030692,-49.94107734725846,True,False,255.42,[],"[[14, 19], [4, 20], [18, 36], [25, 27], [30, 3], [35, 10], [26, 33], [23, 35], [9, 11], [29, 30], [36, 24], [4, 1], [9, 5], [42, 35], [7, 32], [1, 28], [11, 29], [19, 27], [5, 35], [42, 13], [3, 12], [34, 19], [5, 26], [39, 5], [29, 36], [36, 2], [14, 11], [29, 14], [13, 18], [5, 8], [21, 23], [1, 9]]",data_export2/tools/e2.py; actions in data_export2/logs/e2_actions.json
reduction_layer,123,fixed_ar_policy_blocks,0,1.0,33,33,8237060.0,7.63054,0.1311,8240056.5930056395,29.112883252667444,True,False,270.56,[],"[[18, 2], [12, 5], [18, 13], [1, 9], [7, 16], [9, 15], [12, 19], [11, 4], [11, 17], [21, 7], [13, 2], [19, 16], [13, 9], [10, 14], [2, 10], [3, 10], [11, 10], [5, 17], [9, 3], [19, 9], [15, 5], [8, 13], [8, 4], [6, 16], [20, 19], [15, 11], [14, 11], [6, 9], [9, 9], [3, 18], [21, 17], [5, 5]]",data_export2/tools/e2.py; actions in data_export2/logs/e2_actions.json
reduction_layer,123,policy_ar_random_blocks,0,0.9,42,47,12796400.0,7.18766,0.1631,15001313.722354399,-29.052496812041063,True,False,295.94,[],"[[6, 37], [18, 28], [39, 25], [8, 37], [16, 16], [18, 19], [30, 29], [31, 21], [36, 1], [37, 14], [36, 18], [7, 16], [2, 35], [40, 4], [14, 26], [34, 16], [35, 20], [12, 35], [10, 27], [14, 17], [38, 5], [13, 1], [30, 8], [3, 31], [29, 30], [6, 17], [35, 34], [17, 34], [26, 33], [15, 30], [21, 15], [30, 16]]",data_export2/tools/e2.py; actions in data_export2/logs/e2_actions.json
arm_core,123,fixed_ar_random_blocks,0,1.0,36,36,10294000.0,19.4982,0.06508,13062497.759664001,-13.89883936474852,True,False,281.95,[],"[[30, 13], [6, 28], [31, 16], [25, 8], [21, 23], [32, 13], [10, 28], [20, 14], [11, 12], [7, 23], [16, 13], [34, 13], [4, 17], [23, 17], [31, 4], [19, 12], [23, 9], [28, 2], [19, 25], [30, 1], [12, 17], [20, 6], [23, 28], [23, 2]]",data_export2/tools/e2.py; actions in data_export2/logs/e2_actions.json
arm_core,123,fixed_ar_policy_blocks,0,1.0,34,34,9241200.0,19.2111,0.06048,10737233.175513599,6.376374627517676,True,False,188.08,[],"[[18, 2], [12, 5], [1, 9], [7, 16], [9, 15], [18, 13], [12, 19], [21, 7], [11, 17], [19, 16], [11, 4], [10, 14], [13, 2], [13, 9], [5, 17], [2, 10], [3, 15], [19, 9], [8, 4], [20, 19], [6, 16], [8, 18], [9, 3], [14, 15]]",data_export2/tools/e2.py; actions in data_export2/logs/e2_actions.json
arm_core,123,fixed_ar_random_blocks,2,1.0,37,37,10781100.0,19.959,0.06614,14232003.539886001,-24.096379946074283,True,False,231.74,[],"[[23, 28], [28, 30], [19, 7], [1, 23], [31, 27], [9, 26], [20, 20], [29, 2], [28, 24], [18, 5], [3, 9], [24, 28], [26, 30], [34, 20], [9, 5], [14, 18], [23, 16], [22, 11], [29, 21], [27, 13], [15, 25], [23, 7], [7, 20], [21, 9]]",data_export2/tools/e2.py; actions in data_export2/logs/e2_actions.json
arm_core,123,policy_ar_random_blocks,1,0.9,37,41,12171800.0,19.1508,0.07283,16976651.6928552,-48.02842149276189,True,False,295.89,[],"[[33, 29], [7, 4], [2, 9], [26, 21], [10, 30], [15, 2], [15, 8], [29, 6], [7, 14], [3, 24], [29, 30], [27, 8], [25, 18], [9, 6], [11, 5], [18, 1], [4, 5], [11, 29], [35, 5], [3, 5], [13, 23], [22, 16], [2, 24], [26, 12]]",data_export2/tools/e2.py; actions in data_export2/logs/e2_actions.json
arm_core,123,policy_ar_random_blocks,0,0.9,36,40,11516500.0,18.9197,0.06937,15114940.8567185,-31.795178251677473,True,False,314.74,[],"[[30, 13], [6, 28], [31, 16], [25, 8], [21, 23], [32, 13], [10, 28], [20, 14], [11, 12], [7, 23], [16, 13], [34, 13], [4, 17], [23, 17], [31, 4], [19, 12], [23, 9], [28, 2], [19, 25], [30, 1], [12, 17], [20, 6], [23, 28], [23, 2]]",data_export2/tools/e2.py; actions in data_export2/logs/e2_actions.json
softmax,123,policy_ar_random_blocks,0,0.9,36,40,7549180.0,6.20093,0.07202,3371395.683827548,5.788095200299213,True,False,252.9,"[[25, 6], [22, 32], [21, 13], [16, 30], [24, 17], [11, 3], [34, 21], [19, 27]]",[],data_export2/tools/e2.py; actions in data_export2/logs/e2_actions.json
arm_core,123,fixed_ar_random_blocks,1,1.0,37,37,10780700.0,18.4277,0.06882,13672022.440939803,-19.213608028354233,True,False,323.74,[],"[[33, 29], [7, 4], [2, 9], [26, 21], [10, 30], [15, 2], [15, 8], [29, 6], [7, 14], [3, 24], [29, 30], [27, 8], [25, 18], [9, 6], [11, 5], [18, 1], [4, 5], [11, 29], [35, 5], [3, 5], [13, 23], [22, 16], [2, 24], [26, 12]]",data_export2/tools/e2.py; actions in data_export2/logs/e2_actions.json
arm_core,123,policy_ar_random_blocks,2,0.9,36,40,11375600.0,18.8783,0.06956,14938148.388228798,-30.253631042262015,True,False,297.66,[],"[[23, 28], [28, 30], [19, 7], [1, 23], [31, 27], [9, 26], [20, 20], [29, 2], [28, 24], [18, 5], [3, 9], [24, 28], [26, 30], [34, 20], [9, 5], [14, 18], [23, 16], [22, 11], [29, 21], [27, 13], [15, 25], [23, 7], [7, 20], [21, 9]]",data_export2/tools/e2.py; actions in data_export2/logs/e2_actions.json
softmax,123,fixed_ar_random_blocks,0,1.0,38,38,7451530.0,6.3702,0.07093,3366886.54327758,5.914100795625764,True,False,230.66,"[[25, 6], [22, 32], [21, 13], [16, 30], [24, 17], [11, 3], [34, 21], [19, 27]]",[],data_export2/tools/e2.py; actions in data_export2/logs/e2_actions.json
softmax,123,fixed_ar_random_blocks,1,1.0,39,39,7503250.0,6.53149,0.07164,3510890.3038167,1.889990352645065,True,False,213.2,"[[25, 2], [10, 14], [10, 23], [31, 16], [12, 9], [33, 25], [24, 19], [37, 32]]",[],data_export2/tools/e2.py; actions in data_export2/logs/e2_actions.json
reduction_layer,123,fixed_ar_random_blocks,1,1.0,44,44,12293000.0,8.13125,0.1495,14943639.709375,-28.556341907616233,True,False,441.95,[],"[[21, 35], [33, 24], [24, 25], [32, 14], [17, 19], [17, 3], [9, 32], [13, 36], [37, 25], [39, 20], [10, 26], [1, 37], [37, 37], [37, 5], [16, 37], [13, 3], [38, 8], [9, 10], [6, 12], [16, 17], [8, 9], [41, 33], [20, 20], [26, 32], [29, 26], [34, 33], [5, 13], [39, 3], [38, 16], [4, 27], [7, 4], [31, 26]]",data_export2/tools/e2.py; actions in data_export2/logs/e2_actions.json
softmax,123,policy_ar_random_blocks,1,0.9,39,43,8303120.0,6.52826,0.07569,4102770.8618981275,-14.64980503780711,True,False,263.69,"[[25, 2], [10, 14], [10, 23], [31, 16], [12, 9], [33, 25], [24, 19], [37, 32]]",[],data_export2/tools/e2.py; actions in data_export2/logs/e2_actions.json
softmax,123,fixed_ar_random_blocks,2,1.0,43,43,9400100.0,6.40536,0.08361,5034243.76145496,-40.67933238089261,True,False,203.64,"[[27, 35], [37, 29], [38, 17], [19, 1], [10, 34], [14, 6], [41, 30], [40, 37]]",[],data_export2/tools/e2.py; actions in data_export2/logs/e2_actions.json
softmax,123,fixed_ar_policy_blocks,0,1.0,38,38,7272990.0,6.52494,0.06952,3299128.840724112,7.807554670837014,True,False,192.49,"[[18, 13], [18, 2], [1, 11], [18, 7], [12, 5], [14, 11], [13, 2], [3, 10]]",[],data_export2/tools/e2.py; actions in data_export2/logs/e2_actions.json
softmax,123,policy_ar_random_blocks,2,0.9,43,48,10531400.0,6.41984,0.08984,6074073.68336384,-69.73684054603942,True,False,223.21,"[[27, 35], [37, 29], [38, 17], [19, 1], [10, 34], [14, 6], [41, 30], [40, 37]]",[],data_export2/tools/e2.py; actions in data_export2/logs/e2_actions.json
