circuit,aspect_ratio,planned_core_w,planned_core_h,grid_w,grid_h,area_mwta,delay_ns,power_w,adp,adp_reduction_pct_vs_baseline,vtr_success,vtr_seconds,dsp_coords,bram_coords,note,cached,source
usb_uart_core,0.4,6,15,8,20,406401.0,4.39264,0.01327,23689.2495402528,-6.860996441745275,True,4.37,[],"[[2, 1], [2, 7]]",,False,"data_export/tools/c2_perar.py:run_one (per-AR tile placement), baseline from data_export3/tools/f5_build.py"
usb_uart_core,0.6,8,13,9,15,354938.0,4.40636,0.01271,19878.244338192802,10.330253650192429,True,4.37,[],"[[2, 1], [2, 7]]",,False,"data_export/tools/c2_perar.py:run_one (per-AR tile placement), baseline from data_export3/tools/f5_build.py"
usb_uart_core,0.2,4,22,6,30,480814.0,4.31144,0.0139,28814.709899024,-29.98168670381049,True,4.52,[],"[[2, 1], [2, 7]]",,False,"data_export/tools/c2_perar.py:run_one (per-AR tile placement), baseline from data_export3/tools/f5_build.py"
usb_uart_core,0.5,7,14,9,18,417666.0,4.24183,0.01378,24413.587365788404,-10.128447428981389,True,4.53,[],"[[2, 1], [2, 7]]",,False,"data_export/tools/c2_perar.py:run_one (per-AR tile placement), baseline from data_export3/tools/f5_build.py"
usb_uart_core,0.3,5,18,7,23,418449.0,4.41963,0.01317,24356.463058467896,-9.870762592197455,True,4.82,[],"[[2, 1], [2, 7]]",,False,"data_export/tools/c2_perar.py:run_one (per-AR tile placement), baseline from data_export3/tools/f5_build.py"
usb_uart_core,0.1,3,29,5,50,714810.0,4.40172,0.0152,47825.18079264,-115.73695130460383,True,4.88,[],"[[2, 1], [2, 7]]",,False,"data_export/tools/c2_perar.py:run_one (per-AR tile placement), baseline from data_export3/tools/f5_build.py"
usb_uart_core,0.7,8,12,10,14,357009.0,4.45078,0.01273,20227.5692216646,8.754466917638371,True,4.23,[],"[[2, 1], [2, 7]]",,False,"data_export/tools/c2_perar.py:run_one (per-AR tile placement), baseline from data_export3/tools/f5_build.py"
usb_uart_core,0.8,10,12,11,14,385627.0,4.21997,0.01365,22213.114166743504,-0.2022250598964311,True,4.43,[],"[[2, 1], [2, 7]]",,False,"data_export/tools/c2_perar.py:run_one (per-AR tile placement), baseline from data_export3/tools/f5_build.py"
usb_uart_core,1.0,10,10,12,12,370010.0,4.22577,0.01344,21014.476999488,5.204766066917757,True,4.28,[],"[[2, 1], [10, 1]]",,False,"data_export/tools/c2_perar.py:run_one (per-AR tile placement), baseline from data_export3/tools/f5_build.py"
usb_uart_core,0.9,10,11,12,13,391805.0,4.40646,0.0133,22962.09170199,-3.580824520927264,True,4.43,[],"[[2, 1], [10, 1]]",,False,"data_export/tools/c2_perar.py:run_one (per-AR tile placement), baseline from data_export3/tools/f5_build.py"
usb_uart_core,1.1,10,9,12,11,348545.0,4.16076,0.01329,19273.318731918,13.059042206782662,True,4.32,[],"[[2, 1], [10, 1]]",,False,"data_export/tools/c2_perar.py:run_one (per-AR tile placement), baseline from data_export3/tools/f5_build.py"
usb_uart_core,1.2,11,9,13,11,382718.0,4.18984,0.01353,21695.7228146736,2.1317009405277094,True,4.38,[],"[[2, 1], [10, 1]]",,False,"data_export/tools/c2_perar.py:run_one (per-AR tile placement), baseline from data_export3/tools/f5_build.py"
usb_uart_core,1.3,12,9,13,10,342075.0,4.24858,0.01296,18835.195725359998,15.035392743564662,True,4.32,[],"[[2, 1], [10, 1]]",,False,"data_export/tools/c2_perar.py:run_one (per-AR tile placement), baseline from data_export3/tools/f5_build.py"
usb_uart_core,1.4,11,8,14,10,357052.0,4.3096,0.01312,20188.417045503997,8.931080387401332,True,4.22,[],"[[2, 1], [10, 1]]",,False,"data_export/tools/c2_perar.py:run_one (per-AR tile placement), baseline from data_export3/tools/f5_build.py"
usb_uart_core,1.5,12,8,15,10,386212.0,4.542,0.01277,22400.81352408,-1.0489272875196007,True,4.27,[],"[[2, 1], [10, 1]]",,False,"data_export/tools/c2_perar.py:run_one (per-AR tile placement), baseline from data_export3/tools/f5_build.py"
usb_uart_core,1.6,13,8,15,9,354884.0,4.19423,0.01329,19781.7014357628,10.765753759029485,True,4.37,[],"[[2, 1], [10, 1]]",,False,"data_export/tools/c2_perar.py:run_one (per-AR tile placement), baseline from data_export3/tools/f5_build.py"
usb_uart_core,1.7,14,8,15,9,354884.0,4.19423,0.01329,19781.7014357628,10.765753759029485,True,4.37,[],"[[2, 1], [10, 1]]",,False,"data_export/tools/c2_perar.py:run_one (per-AR tile placement), baseline from data_export3/tools/f5_build.py"
usb_uart_core,1.8,13,7,16,9,381669.0,4.33439,0.01317,21787.1612503047,1.7192268210749035,True,4.48,[],"[[2, 1], [10, 1]]",,False,"data_export/tools/c2_perar.py:run_one (per-AR tile placement), baseline from data_export3/tools/f5_build.py"
usb_uart_core,1.9,13,7,17,9,391896.0,4.31193,0.01334,22542.3071111952,-1.687197642329917,True,4.27,[],"[[2, 1], [10, 1]]",,False,"data_export/tools/c2_perar.py:run_one (per-AR tile placement), baseline from data_export3/tools/f5_build.py"
usb_uart_core,2.0,14,7,17,9,391896.0,4.31193,0.01334,22542.3071111952,-1.687197642329917,True,4.27,[],"[[2, 1], [10, 1]]",,False,"data_export/tools/c2_perar.py:run_one (per-AR tile placement), baseline from data_export3/tools/f5_build.py"
uriscv_core,0.3,8,25,9,30,1312150.0,8.88665,0.01499,174792.66078452498,-2.4819372518383673,True,10.49,"[[6, 1]]","[[2, 1]]",,False,"data_export/tools/c2_perar.py:run_one (per-AR tile placement), baseline from data_export3/tools/f5_build.py"
uriscv_core,0.4,9,22,11,28,1476720.0,8.65833,0.0164,209689.23687264,-22.941999504536945,True,12.14,"[[6, 1]]","[[2, 1]]",,False,"data_export/tools/c2_perar.py:run_one (per-AR tile placement), baseline from data_export3/tools/f5_build.py"
uriscv_core,0.2,6,32,8,40,1784210.0,8.78292,0.01742,272981.39373554406,-60.0505532564225,True,14.09,"[[6, 1]]","[[2, 1]]",,False,"data_export/tools/c2_perar.py:run_one (per-AR tile placement), baseline from data_export3/tools/f5_build.py"
uriscv_core,0.1,6,55,8,80,3371330.0,9.01276,0.02345,712527.97260526,-317.7592277099583,True,14.95,"[[6, 1]]","[[2, 1]]",,False,"data_export/tools/c2_perar.py:run_one (per-AR tile placement), baseline from data_export3/tools/f5_build.py"
uriscv_core,0.6,11,18,13,22,1301840.0,8.83942,0.01534,176525.211573152,-3.4977416935624763,True,11.09,"[[6, 1]]","[[2, 1]]",,False,"data_export/tools/c2_perar.py:run_one (per-AR tile placement), baseline from data_export3/tools/f5_build.py"
uriscv_core,0.5,10,20,12,24,1383850.0,8.76555,0.01579,191535.95854282498,-12.29862853941021,True,11.59,"[[6, 1]]","[[2, 1]]",,False,"data_export/tools/c2_perar.py:run_one (per-AR tile placement), baseline from data_export3/tools/f5_build.py"
uriscv_core,0.7,12,17,14,20,1306630.0,8.70585,0.01539,175066.24844884497,-2.642343265007773,True,11.09,"[[6, 1]]","[[2, 1]]",,False,"data_export/tools/c2_perar.py:run_one (per-AR tile placement), baseline from data_export3/tools/f5_build.py"
uriscv_core,0.8,13,16,14,18,1138230.0,8.59665,0.01491,145893.827098845,14.461614308819435,True,10.29,"[[6, 1]]","[[2, 1]]",,False,"data_export/tools/c2_perar.py:run_one (per-AR tile placement), baseline from data_export3/tools/f5_build.py"
uriscv_core,0.9,14,15,15,17,1154560.0,8.80335,0.01462,148597.61824512001,12.876366087578539,True,10.49,"[[6, 1]]","[[2, 1]]",,False,"data_export/tools/c2_perar.py:run_one (per-AR tile placement), baseline from data_export3/tools/f5_build.py"
uriscv_core,1.0,14,14,16,16,1187590.0,8.88144,0.01468,154837.43695852798,9.217924669156377,True,10.59,"[[6, 1]]","[[2, 1]]",,False,"data_export/tools/c2_perar.py:run_one (per-AR tile placement), baseline from data_export3/tools/f5_build.py"
uriscv_core,1.1,15,14,17,15,1154600.0,9.26632,0.01407,150533.42552304,11.741391203066616,True,10.49,"[[6, 1]]","[[2, 1]]",,False,"data_export/tools/c2_perar.py:run_one (per-AR tile placement), baseline from data_export3/tools/f5_build.py"
uriscv_core,1.2,16,13,18,15,1228920.0,8.77398,0.01509,162708.219279144,4.603239954798729,True,11.34,"[[6, 1]]","[[2, 1]]",,False,"data_export/tools/c2_perar.py:run_one (per-AR tile placement), baseline from data_export3/tools/f5_build.py"
uriscv_core,1.3,16,12,18,14,1184640.0,9.14267,0.01434,155313.278923392,8.938935802197586,True,10.74,"[[6, 1]]","[[2, 1]]",,False,"data_export/tools/c2_perar.py:run_one (per-AR tile placement), baseline from data_export3/tools/f5_build.py"
uriscv_core,1.4,17,12,19,14,1235990.0,9.17664,0.01462,165823.479700032,2.7767449432596236,True,10.44,"[[6, 1]]","[[2, 1]]",,False,"data_export/tools/c2_perar.py:run_one (per-AR tile placement), baseline from data_export3/tools/f5_build.py"
uriscv_core,1.5,18,12,20,13,1202640.0,8.57857,0.01497,154444.463429256,9.448327298121049,True,10.59,"[[6, 1]]","[[2, 1]]",,False,"data_export/tools/c2_perar.py:run_one (per-AR tile placement), baseline from data_export3/tools/f5_build.py"
uriscv_core,1.6,18,11,20,13,1202640.0,8.57857,0.01497,154444.463429256,9.448327298121049,True,10.74,"[[6, 1]]","[[2, 1]]",,False,"data_export/tools/c2_perar.py:run_one (per-AR tile placement), baseline from data_export3/tools/f5_build.py"
uriscv_core,1.7,19,11,22,13,1408470.0,8.76658,0.01583,195460.36988305798,-14.599533365248114,True,12.15,"[[6, 1]]","[[2, 1]]",,False,"data_export/tools/c2_perar.py:run_one (per-AR tile placement), baseline from data_export3/tools/f5_build.py"
uriscv_core,1.8,20,11,22,12,1237970.0,9.0794,0.01449,162867.95961282,4.509583283066075,True,11.24,"[[6, 1]]","[[2, 1]]",,False,"data_export/tools/c2_perar.py:run_one (per-AR tile placement), baseline from data_export3/tools/f5_build.py"
uriscv_core,1.9,21,11,22,12,1237970.0,9.0794,0.01449,162867.95961282,4.509583283066075,True,11.38,"[[6, 1]]","[[2, 1]]",,False,"data_export/tools/c2_perar.py:run_one (per-AR tile placement), baseline from data_export3/tools/f5_build.py"
uriscv_core,2.0,20,10,23,12,1277220.0,8.82594,0.015,169090.006302,0.8615617041474397,True,11.54,"[[6, 1]]","[[2, 1]]",,False,"data_export/tools/c2_perar.py:run_one (per-AR tile placement), baseline from data_export3/tools/f5_build.py"
lenet,0.3,20,65,,,,,,,,False,565.08,"[[6, 1]]",[],VTR flow rc=1 or incomplete metrics (possibly the ulimit -v memory cap),False,"data_export/tools/c2_perar.py:run_one (per-AR tile placement), baseline from data_export3/tools/f5_build.py"
lenet,0.2,16,79,,,,,,,,False,565.09,"[[6, 1]]",[],VTR flow rc=1 or incomplete metrics (possibly the ulimit -v memory cap),False,"data_export/tools/c2_perar.py:run_one (per-AR tile placement), baseline from data_export3/tools/f5_build.py"
lenet,0.4,23,57,,,,,,,,False,565.09,"[[6, 1]]",[],VTR flow rc=1 or incomplete metrics (possibly the ulimit -v memory cap),False,"data_export/tools/c2_perar.py:run_one (per-AR tile placement), baseline from data_export3/tools/f5_build.py"
lenet,0.1,11,114,,,,,,,,False,565.1,"[[6, 1]]",[],VTR flow rc=1 or incomplete metrics (possibly the ulimit -v memory cap),False,"data_export/tools/c2_perar.py:run_one (per-AR tile placement), baseline from data_export3/tools/f5_build.py"
lenet,0.5,26,51,27,54,11665400.0,9.19245,0.05843,6265659.6120189,6.956283718917855,True,1098.16,"[[6, 1]]",[],,False,"data_export/tools/c2_perar.py:run_one (per-AR tile placement), baseline from data_export3/tools/f5_build.py"
lenet,0.6,28,46,30,50,12038000.0,8.99977,0.06026,6528522.0757276,3.052831886433481,True,1099.64,"[[6, 1]]",[],,False,"data_export/tools/c2_perar.py:run_one (per-AR tile placement), baseline from data_export3/tools/f5_build.py"
lenet,0.8,32,40,34,43,12184400.0,9.01486,0.06016,6608014.11666944,1.8723919388485308,True,1068.02,"[[6, 1]]",[],,False,"data_export/tools/c2_perar.py:run_one (per-AR tile placement), baseline from data_export3/tools/f5_build.py"
lenet,0.7,30,43,32,46,11408300.0,8.76251,0.05926,5923946.21628358,12.030655167576487,True,1082.92,"[[6, 1]]",[],,False,"data_export/tools/c2_perar.py:run_one (per-AR tile placement), baseline from data_export3/tools/f5_build.py"
lenet,0.9,34,38,36,40,11565600.0,9.14534,0.05836,6172815.6535814395,8.334996809347638,True,1086.55,"[[6, 1]]",[],,False,"data_export/tools/c2_perar.py:run_one (per-AR tile placement), baseline from data_export3/tools/f5_build.py"
lenet,1.0,36,36,38,38,11719900.0,8.89815,0.05911,6164311.660015349,8.46127931009212,True,1082.81,"[[6, 1]]",[],,False,"data_export/tools/c2_perar.py:run_one (per-AR tile placement), baseline from data_export3/tools/f5_build.py"
lenet,1.1,37,34,40,36,11565600.0,8.58552,0.05922,5880349.98843264,12.67804990432652,True,1084.71,"[[6, 1]]",[],,False,"data_export/tools/c2_perar.py:run_one (per-AR tile placement), baseline from data_export3/tools/f5_build.py"
lenet,1.2,40,33,42,35,11812800.0,8.57326,0.06014,6090630.73248192,9.55542545610952,True,1091.3,"[[6, 1]]",[],,False,"data_export/tools/c2_perar.py:run_one (per-AR tile placement), baseline from data_export3/tools/f5_build.py"
lenet,1.3,42,32,43,33,10989100.0,9.08671,0.05707,5698711.43061727,15.375343962027918,True,1062.79,"[[6, 1]]",[],,False,"data_export/tools/c2_perar.py:run_one (per-AR tile placement), baseline from data_export3/tools/f5_build.py"
lenet,1.4,42,30,45,32,11674000.0,8.73433,0.05922,6038341.741832401,10.33190587666821,True,1071.43,"[[6, 1]]",[],,False,"data_export/tools/c2_perar.py:run_one (per-AR tile placement), baseline from data_export3/tools/f5_build.py"
lenet,1.6,45,28,48,30,11543500.0,8.85861,0.05875,6007737.66643125,10.786369905197203,True,1094.33,"[[6, 1]]",[],,False,"data_export/tools/c2_perar.py:run_one (per-AR tile placement), baseline from data_export3/tools/f5_build.py"
lenet,1.5,44,29,46,31,11227100.0,8.8623,0.0581,5780829.635973,14.155906029910783,True,1094.78,"[[6, 1]]",[],,False,"data_export/tools/c2_perar.py:run_one (per-AR tile placement), baseline from data_export3/tools/f5_build.py"
lenet,1.7,48,28,49,29,11379900.0,8.5147,0.05863,5681037.9564939,15.637791304185086,True,1089.54,"[[6, 1]]",[],,False,"data_export/tools/c2_perar.py:run_one (per-AR tile placement), baseline from data_export3/tools/f5_build.py"
lenet,1.8,49,27,51,28,11429100.0,8.73464,0.05849,5839002.53966376,13.29205074867795,True,1094.46,"[[6, 1]]",[],,False,"data_export/tools/c2_perar.py:run_one (per-AR tile placement), baseline from data_export3/tools/f5_build.py"
lenet,1.9,49,26,53,28,11476300.0,8.75755,0.05945,5974978.914814251,11.272830418520943,True,1087.23,"[[6, 1]]",[],,False,"data_export/tools/c2_perar.py:run_one (per-AR tile placement), baseline from data_export3/tools/f5_build.py"
lenet,2.0,52,26,53,27,11562300.0,8.69558,0.05893,5924875.51008162,12.016855351780444,True,1086.85,"[[6, 1]]",[],,False,"data_export/tools/c2_perar.py:run_one (per-AR tile placement), baseline from data_export3/tools/f5_build.py"
aes_inv_cipher,0.2,13,63,14,70,4815560.0,8.33549,0.07712,3095600.8275457276,-7.979692849684255,True,43.18,[],"[[2, 1], [2, 7], [2, 13], [2, 19]]",,False,"data_export/tools/c2_perar.py:run_one (per-AR tile placement), baseline from data_export3/tools/f5_build.py"
aes_inv_cipher,0.1,9,86,10,100,5801840.0,9.7759,0.07915,4489246.1359724,-56.59235343765299,True,72.63,[],"[[2, 1], [2, 7], [2, 13], [2, 19]]",,False,"data_export/tools/c2_perar.py:run_one (per-AR tile placement), baseline from data_export3/tools/f5_build.py"
aes_inv_cipher,0.3,15,51,17,57,4826180.0,7.16413,0.08749,3025000.076988266,-5.5170215348571565,True,50.07,[],"[[2, 1], [2, 7], [2, 13], [2, 19]]",,False,"data_export/tools/c2_perar.py:run_one (per-AR tile placement), baseline from data_export3/tools/f5_build.py"
aes_inv_cipher,0.4,18,44,19,48,4559540.0,7.59903,0.08011,2775657.788633082,3.1804511726870253,True,42.56,[],"[[2, 1], [2, 7], [2, 13], [2, 19]]",,False,"data_export/tools/c2_perar.py:run_one (per-AR tile placement), baseline from data_export3/tools/f5_build.py"
aes_inv_cipher,0.5,20,39,21,42,4316860.0,6.79285,0.08649,2536213.9441869897,11.532649733938607,True,45.74,[],"[[2, 1], [2, 7], [2, 13], [2, 19]]",,False,"data_export/tools/c2_perar.py:run_one (per-AR tile placement), baseline from data_export3/tools/f5_build.py"
aes_inv_cipher,0.6,22,36,23,38,4190350.0,7.40476,0.07862,2439463.5055089197,14.907465555981439,True,41.88,[],"[[2, 1], [2, 7], [2, 13], [2, 19]]",,False,"data_export/tools/c2_perar.py:run_one (per-AR tile placement), baseline from data_export3/tools/f5_build.py"
aes_inv_cipher,0.7,23,33,25,36,4428330.0,7.15602,0.08326,2638444.294559916,7.966685500127479,True,43.73,[],"[[2, 1], [2, 7], [2, 13], [2, 19]]",,False,"data_export/tools/c2_perar.py:run_one (per-AR tile placement), baseline from data_export3/tools/f5_build.py"
aes_inv_cipher,0.8,25,31,27,34,4322350.0,7.32576,0.08029,2542342.6035134397,11.318871928427717,True,41.39,[],"[[2, 1], [2, 7], [2, 13], [2, 19]]",,False,"data_export/tools/c2_perar.py:run_one (per-AR tile placement), baseline from data_export3/tools/f5_build.py"
aes_inv_cipher,0.9,27,30,29,32,4374150.0,7.70321,0.07774,2619448.99071141,8.62927321392334,True,41.28,[],"[[2, 1], [2, 7], [2, 13], [2, 19]]",,False,"data_export/tools/c2_perar.py:run_one (per-AR tile placement), baseline from data_export3/tools/f5_build.py"
aes_inv_cipher,1.0,28,28,30,30,4435340.0,7.56628,0.07913,2655525.595644376,7.370861378309016,True,42.25,[],"[[2, 1], [2, 7], [2, 13], [2, 19]]",,False,"data_export/tools/c2_perar.py:run_one (per-AR tile placement), baseline from data_export3/tools/f5_build.py"
aes_inv_cipher,1.1,30,27,32,29,4476680.0,7.01355,0.08371,2628277.9456619406,8.321304616919885,True,41.73,[],"[[2, 1], [2, 7], [2, 13], [2, 19]]",,False,"data_export/tools/c2_perar.py:run_one (per-AR tile placement), baseline from data_export3/tools/f5_build.py"
aes_inv_cipher,1.2,31,26,33,27,4386620.0,7.29219,0.08226,2631338.350109028,8.214552632215735,True,44.43,[],"[[2, 1], [2, 7], [2, 13], [2, 19]]",,False,"data_export/tools/c2_perar.py:run_one (per-AR tile placement), baseline from data_export3/tools/f5_build.py"
aes_inv_cipher,1.3,32,25,34,26,4250060.0,7.40421,0.0802,2523760.6075585196,11.967042777166355,True,43.55,[],"[[2, 1], [2, 7], [2, 13], [2, 19]]",,False,"data_export/tools/c2_perar.py:run_one (per-AR tile placement), baseline from data_export3/tools/f5_build.py"
aes_inv_cipher,1.4,34,24,36,26,4616600.0,7.16352,0.08579,2837170.2208012803,1.0347954819224274,True,45.65,[],"[[2, 1], [2, 7], [2, 13], [2, 19]]",,False,"data_export/tools/c2_perar.py:run_one (per-AR tile placement), baseline from data_export3/tools/f5_build.py"
aes_inv_cipher,1.5,34,23,37,25,4557020.0,6.89921,0.08561,2691564.527259062,6.113763650540975,True,42.84,[],"[[2, 1], [2, 7], [2, 13], [10, 1]]",,False,"data_export/tools/c2_perar.py:run_one (per-AR tile placement), baseline from data_export3/tools/f5_build.py"
aes_inv_cipher,1.6,35,22,38,24,4284500.0,7.16966,0.08062,2476518.0747274,13.614940703524574,True,41.12,[],"[[2, 1], [2, 7], [2, 13], [10, 1]]",,False,"data_export/tools/c2_perar.py:run_one (per-AR tile placement), baseline from data_export3/tools/f5_build.py"
aes_inv_cipher,1.7,36,21,39,23,4305500.0,7.46613,0.0787,2529844.7676705,11.754817178085863,True,41.27,[],"[[2, 1], [2, 7], [2, 13], [10, 1]]",,False,"data_export/tools/c2_perar.py:run_one (per-AR tile placement), baseline from data_export3/tools/f5_build.py"
aes_inv_cipher,1.8,38,21,40,22,4312940.0,6.75467,0.08666,2524621.2740064682,11.93702130350975,True,44.88,[],"[[2, 1], [2, 7], [2, 13], [10, 1]]",,False,"data_export/tools/c2_perar.py:run_one (per-AR tile placement), baseline from data_export3/tools/f5_build.py"
aes_inv_cipher,1.9,38,20,41,22,4325200.0,7.15341,0.08294,2566157.7056200798,10.48816165474632,True,45.14,[],"[[2, 1], [2, 7], [2, 13], [10, 1]]",,False,"data_export/tools/c2_perar.py:run_one (per-AR tile placement), baseline from data_export3/tools/f5_build.py"
aes_inv_cipher,2.0,40,20,42,21,4122420.0,7.1066,0.07967,2334043.3890692405,18.58469412241758,True,41.2,[],"[[2, 1], [2, 7], [2, 13], [10, 1]]",,False,"data_export/tools/c2_perar.py:run_one (per-AR tile placement), baseline from data_export3/tools/f5_build.py"
8051,0.1,6,55,8,80,3575270.0,16.7462,0.01869,1119011.16519906,-335.2922505270958,True,16.4,"[[6, 1]]","[[2, 1]]",,False,"data_export/tools/c2_perar.py:run_one (per-AR tile placement), baseline from data_export3/tools/f5_build.py"
8051,0.3,8,26,10,33,1672070.0,14.3254,0.01252,299892.45615656005,-16.657336598840473,True,13.69,"[[6, 1]]","[[2, 1]]",,False,"data_export/tools/c2_perar.py:run_one (per-AR tile placement), baseline from data_export3/tools/f5_build.py"
8051,0.2,7,33,8,40,2004820.0,13.2001,0.01376,364142.22487232,-41.65031905505524,True,16.36,"[[6, 1]]","[[2, 1]]",,False,"data_export/tools/c2_perar.py:run_one (per-AR tile placement), baseline from data_export3/tools/f5_build.py"
8051,0.4,9,23,11,28,1540340.0,14.1987,0.01211,264855.69750738,-3.0281343192874837,True,12.63,"[[6, 1]]","[[2, 1]]",,False,"data_export/tools/c2_perar.py:run_one (per-AR tile placement), baseline from data_export3/tools/f5_build.py"
8051,0.5,10,21,12,24,1412460.0,13.5915,0.01176,225762.01305839999,12.179200883811637,True,12.53,"[[6, 1]]","[[2, 1]]",,False,"data_export/tools/c2_perar.py:run_one (per-AR tile placement), baseline from data_export3/tools/f5_build.py"
8051,0.6,11,19,13,22,1332800.0,13.7151,0.01153,210762.46527840002,18.013983514316863,True,12.28,"[[6, 1]]","[[2, 1]]",,False,"data_export/tools/c2_perar.py:run_one (per-AR tile placement), baseline from data_export3/tools/f5_build.py"
8051,0.7,12,17,14,20,1437630.0,13.3135,0.01187,227190.45874935,11.623539457985963,True,12.59,"[[6, 1]]","[[2, 1]]",,False,"data_export/tools/c2_perar.py:run_one (per-AR tile placement), baseline from data_export3/tools/f5_build.py"
8051,0.8,13,16,15,19,1356540.0,13.1649,0.01172,209304.12158711997,18.581275179638503,True,12.38,"[[6, 1]]","[[2, 1]]",,False,"data_export/tools/c2_perar.py:run_one (per-AR tile placement), baseline from data_export3/tools/f5_build.py"
8051,0.9,14,15,16,18,1427640.0,13.4469,0.01188,228064.30791407998,11.283614548059905,True,12.84,"[[6, 1]]","[[2, 1]]",,False,"data_export/tools/c2_perar.py:run_one (per-AR tile placement), baseline from data_export3/tools/f5_build.py"
8051,1.0,15,15,17,17,1379140.0,13.6677,0.01168,220164.16636704,14.35674777536056,True,13.03,"[[6, 1]]","[[2, 1]]",,False,"data_export/tools/c2_perar.py:run_one (per-AR tile placement), baseline from data_export3/tools/f5_build.py"
8051,1.1,15,14,18,16,1373440.0,12.7843,0.01197,210174.87383424,18.242554962103434,True,13.15,"[[6, 1]]","[[2, 1]]",,False,"data_export/tools/c2_perar.py:run_one (per-AR tile placement), baseline from data_export3/tools/f5_build.py"
8051,1.2,16,13,18,15,1329570.0,13.3236,0.01144,202655.69726688004,21.167493865223737,True,12.23,"[[6, 1]]","[[2, 1]]",,False,"data_export/tools/c2_perar.py:run_one (per-AR tile placement), baseline from data_export3/tools/f5_build.py"
8051,1.3,17,13,19,15,1381530.0,13.7805,0.01163,221413.96553895,13.870579351696232,True,12.55,"[[6, 1]]","[[2, 1]]",,False,"data_export/tools/c2_perar.py:run_one (per-AR tile placement), baseline from data_export3/tools/f5_build.py"
8051,1.4,17,12,19,14,1390700.0,13.7534,0.01147,219385.00826859998,14.659838122208019,True,12.18,"[[6, 1]]","[[2, 1]]",,False,"data_export/tools/c2_perar.py:run_one (per-AR tile placement), baseline from data_export3/tools/f5_build.py"
8051,1.5,18,12,21,14,1400090.0,13.1314,0.01198,220253.99907547995,14.32180310005804,True,12.64,"[[6, 1]]","[[2, 1]]",,False,"data_export/tools/c2_perar.py:run_one (per-AR tile placement), baseline from data_export3/tools/f5_build.py"
8051,1.6,19,12,21,13,1339680.0,13.4724,0.01146,206838.15737472003,19.54052844280313,True,12.54,"[[6, 1]]","[[2, 1]]",,False,"data_export/tools/c2_perar.py:run_one (per-AR tile placement), baseline from data_export3/tools/f5_build.py"
8051,1.7,19,11,22,13,1354900.0,13.2418,0.01176,210989.8622832,17.925526707932008,True,12.73,"[[6, 1]]","[[2, 1]]",,False,"data_export/tools/c2_perar.py:run_one (per-AR tile placement), baseline from data_export3/tools/f5_build.py"
8051,1.8,20,11,23,13,1477170.0,13.1836,0.01216,236808.92788992,7.881981545934787,True,12.64,"[[6, 1]]","[[2, 1]]",,False,"data_export/tools/c2_perar.py:run_one (per-AR tile placement), baseline from data_export3/tools/f5_build.py"
8051,1.9,21,11,23,12,1379320.0,13.6332,0.01156,217380.54510144005,15.439568754275934,True,11.88,"[[6, 1]]","[[2, 1]]",,False,"data_export/tools/c2_perar.py:run_one (per-AR tile placement), baseline from data_export3/tools/f5_build.py"
8051,2.0,22,11,23,12,1379320.0,13.6332,0.01156,217380.54510144005,15.439568754275934,True,11.93,"[[6, 1]]","[[2, 1]]",,False,"data_export/tools/c2_perar.py:run_one (per-AR tile placement), baseline from data_export3/tools/f5_build.py"
stereovision1,0.1,14,135,16,160,14053400.0,6.86903,0.119,11487453.918038,-170.5365171992971,True,64.67,"[[6, 1], [6, 5], [6, 9], [6, 13], [6, 17], [6, 21], [6, 25], [6, 29], [6, 33], [6, 37], [6, 41], [6, 45], [6, 49], [6, 53], [6, 57], [6, 61], [6, 65], [6, 69], [6, 73], [6, 77], [6, 81], [6, 85], [6, 89], [6, 93], [6, 97], [6, 101], [6, 105], [6, 109], [6, 113], [6, 117], [6, 121], [6, 125], [6, 129], [14, 1], [14, 5], [14, 9], [14, 13], [14, 17], [14, 21], [14, 25], [14, 29], [14, 33], [14, 37], [14, 41]]",[],,False,"data_export/tools/c2_perar.py:run_one (per-AR tile placement), baseline from data_export3/tools/f5_build.py"
stereovision1,0.2,18,88,18,90,8844020.0,6.22107,0.09785,5383635.32501199,-26.78788190069254,True,58.11,"[[6, 1], [6, 5], [6, 9], [6, 13], [6, 17], [6, 21], [6, 25], [6, 29], [6, 33], [6, 37], [6, 41], [6, 45], [6, 49], [6, 53], [6, 57], [6, 61], [6, 65], [6, 69], [6, 73], [6, 77], [6, 81], [6, 85], [14, 1], [14, 5], [14, 9], [14, 13], [14, 17], [14, 21], [14, 25], [14, 29], [14, 33], [14, 37], [14, 41], [14, 45], [14, 49], [14, 53], [14, 57], [14, 61], [14, 65], [14, 69], [14, 73], [14, 77], [14, 81], [14, 85]]",[],,False,"data_export/tools/c2_perar.py:run_one (per-AR tile placement), baseline from data_export3/tools/f5_build.py"
stereovision1,0.4,24,60,25,63,8375210.0,6.13272,0.09726,4995547.666152912,-17.6481818118067,True,63.17,"[[6, 1], [6, 5], [6, 9], [6, 13], [6, 17], [6, 21], [6, 25], [6, 29], [6, 33], [6, 37], [6, 41], [6, 45], [6, 49], [6, 53], [6, 57], [14, 1], [14, 5], [14, 9], [14, 13], [14, 17], [14, 21], [14, 25], [14, 29], [14, 33], [14, 37], [14, 41], [14, 45], [14, 49], [14, 53], [14, 57], [22, 1], [22, 5], [22, 9], [22, 13], [22, 17], [22, 21], [22, 25], [22, 29], [22, 33], [22, 37], [22, 41], [22, 45], [22, 49], [22, 53]]",[],,False,"data_export/tools/c2_perar.py:run_one (per-AR tile placement), baseline from data_export3/tools/f5_build.py"
stereovision1,0.3,22,72,24,80,11210100.0,6.46466,0.109,7899173.872194,-86.03034261399168,True,74.48,"[[6, 1], [6, 5], [6, 9], [6, 13], [6, 17], [6, 21], [6, 25], [6, 29], [6, 33], [6, 37], [6, 41], [6, 45], [6, 49], [6, 53], [6, 57], [6, 61], [6, 65], [6, 69], [14, 1], [14, 5], [14, 9], [14, 13], [14, 17], [14, 21], [14, 25], [14, 29], [14, 33], [14, 37], [14, 41], [14, 45], [14, 49], [14, 53], [14, 57], [14, 61], [14, 65], [14, 69], [22, 1], [22, 5], [22, 9], [22, 13], [22, 17], [22, 21], [22, 25], [22, 29]]",[],,False,"data_export/tools/c2_perar.py:run_one (per-AR tile placement), baseline from data_export3/tools/f5_build.py"
stereovision1,0.6,30,50,32,53,8756820.0,5.66095,0.1078,5343852.9952962,-25.850983872271787,True,62.5,"[[6, 1], [6, 5], [6, 9], [6, 13], [6, 17], [6, 21], [6, 25], [6, 29], [6, 33], [6, 37], [6, 41], [6, 45], [14, 1], [14, 5], [14, 9], [14, 13], [14, 17], [14, 21], [14, 25], [14, 29], [14, 33], [14, 37], [14, 41], [14, 45], [22, 1], [22, 5], [22, 9], [22, 13], [22, 17], [22, 21], [22, 25], [22, 29], [22, 33], [22, 37], [22, 41], [22, 45], [30, 1], [30, 5], [30, 9], [30, 13], [30, 17], [30, 21], [30, 25], [30, 29]]",[],,False,"data_export/tools/c2_perar.py:run_one (per-AR tile placement), baseline from data_export3/tools/f5_build.py"
stereovision1,0.5,30,59,32,64,12388300.0,6.0625,0.1196,8982446.6225,-111.5420738588508,True,78.4,"[[6, 1], [6, 5], [6, 9], [6, 13], [6, 17], [6, 21], [6, 25], [6, 29], [6, 33], [6, 37], [6, 41], [6, 45], [6, 49], [6, 53], [14, 1], [14, 5], [14, 9], [14, 13], [14, 17], [14, 21], [14, 25], [14, 29], [14, 33], [14, 37], [14, 41], [14, 45], [14, 49], [14, 53], [22, 1], [22, 5], [22, 9], [22, 13], [22, 17], [22, 21], [22, 25], [22, 29], [22, 33], [22, 37], [22, 41], [22, 45], [22, 49], [22, 53], [30, 1], [30, 5]]",[],,False,"data_export/tools/c2_perar.py:run_one (per-AR tile placement), baseline from data_export3/tools/f5_build.py"
stereovision1,0.7,31,44,32,46,7682190.0,5.47178,0.1013,4258171.18949766,-0.2825179073135637,True,58.64,"[[6, 1], [6, 5], [6, 9], [6, 13], [6, 17], [6, 21], [6, 25], [6, 29], [6, 33], [6, 37], [6, 41], [14, 1], [14, 5], [14, 9], [14, 13], [14, 17], [14, 21], [14, 25], [14, 29], [14, 33], [14, 37], [14, 41], [22, 1], [22, 5], [22, 9], [22, 13], [22, 17], [22, 21], [22, 25], [22, 29], [22, 33], [22, 37], [22, 41], [30, 1], [30, 5], [30, 9], [30, 13], [30, 17], [30, 21], [30, 25], [30, 29], [30, 33], [30, 37], [30, 41]]",[],,False,"data_export/tools/c2_perar.py:run_one (per-AR tile placement), baseline from data_export3/tools/f5_build.py"
stereovision1,0.8,35,44,37,46,8662270.0,5.60056,0.1077,5224910.72122824,-23.049821072951854,True,66.11,"[[6, 1], [6, 5], [6, 9], [6, 13], [6, 17], [6, 21], [6, 25], [6, 29], [6, 33], [6, 37], [6, 41], [14, 1], [14, 5], [14, 9], [14, 13], [14, 17], [14, 21], [14, 25], [14, 29], [14, 33], [14, 37], [14, 41], [22, 1], [22, 5], [22, 9], [22, 13], [22, 17], [22, 21], [22, 25], [22, 29], [22, 33], [22, 37], [22, 41], [30, 1], [30, 5], [30, 9], [30, 13], [30, 17], [30, 21], [30, 25], [30, 29], [30, 33], [30, 37], [30, 41]]",[],,False,"data_export/tools/c2_perar.py:run_one (per-AR tile placement), baseline from data_export3/tools/f5_build.py"
stereovision1,0.9,38,42,40,44,9890880.0,5.6061,0.1131,6271311.5738208,-47.693196730829264,True,78.57,"[[6, 1], [6, 5], [6, 9], [6, 13], [6, 17], [6, 21], [6, 25], [6, 29], [6, 33], [6, 37], [14, 1], [14, 5], [14, 9], [14, 13], [14, 17], [14, 21], [14, 25], [14, 29], [14, 33], [14, 37], [22, 1], [22, 5], [22, 9], [22, 13], [22, 17], [22, 21], [22, 25], [22, 29], [22, 33], [22, 37], [30, 1], [30, 5], [30, 9], [30, 13], [30, 17], [30, 21], [30, 25], [30, 29], [30, 33], [30, 37], [38, 1], [38, 5], [38, 9], [38, 13]]",[],,False,"data_export/tools/c2_perar.py:run_one (per-AR tile placement), baseline from data_export3/tools/f5_build.py"
stereovision1,1.0,38,38,40,40,8581930.0,5.45065,0.1098,5136125.2236441,-20.95886867692063,True,69.24,"[[6, 1], [6, 5], [6, 9], [6, 13], [6, 17], [6, 21], [6, 25], [6, 29], [6, 33], [14, 1], [14, 5], [14, 9], [14, 13], [14, 17], [14, 21], [14, 25], [14, 29], [14, 33], [22, 1], [22, 5], [22, 9], [22, 13], [22, 17], [22, 21], [22, 25], [22, 29], [22, 33], [30, 1], [30, 5], [30, 9], [30, 13], [30, 17], [30, 21], [30, 25], [30, 29], [30, 33], [38, 1], [38, 5], [38, 9], [38, 13], [38, 17], [38, 21], [38, 25], [38, 29]]",[],,False,"data_export/tools/c2_perar.py:run_one (per-AR tile placement), baseline from data_export3/tools/f5_build.py"
stereovision1,1.2,43,36,45,38,8850780.0,5.61495,0.1081,5372211.882104101,-26.518852881662248,True,67.62,"[[6, 1], [6, 5], [6, 9], [6, 13], [6, 17], [6, 21], [6, 25], [6, 29], [6, 33], [14, 1], [14, 5], [14, 9], [14, 13], [14, 17], [14, 21], [14, 25], [14, 29], [14, 33], [22, 1], [22, 5], [22, 9], [22, 13], [22, 17], [22, 21], [22, 25], [22, 29], [22, 33], [30, 1], [30, 5], [30, 9], [30, 13], [30, 17], [30, 21], [30, 25], [30, 29], [30, 33], [38, 1], [38, 5], [38, 9], [38, 13], [38, 17], [38, 21], [38, 25], [38, 29]]",[],,False,"data_export/tools/c2_perar.py:run_one (per-AR tile placement), baseline from data_export3/tools/f5_build.py"
stereovision1,1.1,40,36,42,38,8381420.0,5.81694,0.103,5021684.3772444,-18.263717233335772,True,74.56,"[[6, 1], [6, 5], [6, 9], [6, 13], [6, 17], [6, 21], [6, 25], [6, 29], [6, 33], [14, 1], [14, 5], [14, 9], [14, 13], [14, 17], [14, 21], [14, 25], [14, 29], [14, 33], [22, 1], [22, 5], [22, 9], [22, 13], [22, 17], [22, 21], [22, 25], [22, 29], [22, 33], [30, 1], [30, 5], [30, 9], [30, 13], [30, 17], [30, 21], [30, 25], [30, 29], [30, 33], [38, 1], [38, 5], [38, 9], [38, 13], [38, 17], [38, 21], [38, 25], [38, 29]]",[],,False,"data_export/tools/c2_perar.py:run_one (per-AR tile placement), baseline from data_export3/tools/f5_build.py"
stereovision1,1.3,46,35,48,37,9208880.0,5.46172,0.1126,5663366.09068736,-33.37571133959683,True,62.11,"[[6, 1], [6, 5], [6, 9], [6, 13], [6, 17], [6, 21], [6, 25], [6, 29], [14, 1], [14, 5], [14, 9], [14, 13], [14, 17], [14, 21], [14, 25], [14, 29], [22, 1], [22, 5], [22, 9], [22, 13], [22, 17], [22, 21], [22, 25], [22, 29], [30, 1], [30, 5], [30, 9], [30, 13], [30, 17], [30, 21], [30, 25], [30, 29], [38, 1], [38, 5], [38, 9], [38, 13], [38, 17], [38, 21], [38, 25], [38, 29], [46, 1], [46, 5], [46, 9], [46, 13]]",[],,False,"data_export/tools/c2_perar.py:run_one (per-AR tile placement), baseline from data_export3/tools/f5_build.py"
stereovision1,1.4,46,33,48,34,8417290.0,5.70597,0.1057,5076644.60619141,-19.55806400764166,True,63.95,"[[6, 1], [6, 5], [6, 9], [6, 13], [6, 17], [6, 21], [6, 25], [6, 29], [14, 1], [14, 5], [14, 9], [14, 13], [14, 17], [14, 21], [14, 25], [14, 29], [22, 1], [22, 5], [22, 9], [22, 13], [22, 17], [22, 21], [22, 25], [22, 29], [30, 1], [30, 5], [30, 9], [30, 13], [30, 17], [30, 21], [30, 25], [30, 29], [38, 1], [38, 5], [38, 9], [38, 13], [38, 17], [38, 21], [38, 25], [38, 29], [46, 1], [46, 5], [46, 9], [46, 13]]",[],,False,"data_export/tools/c2_perar.py:run_one (per-AR tile placement), baseline from data_export3/tools/f5_build.py"
stereovision1,1.5,48,32,51,34,9544100.0,5.5906,0.1141,6088061.706986,-43.37755106169834,True,63.75,"[[6, 1], [6, 5], [6, 9], [6, 13], [6, 17], [6, 21], [6, 25], [6, 29], [14, 1], [14, 5], [14, 9], [14, 13], [14, 17], [14, 21], [14, 25], [14, 29], [22, 1], [22, 5], [22, 9], [22, 13], [22, 17], [22, 21], [22, 25], [22, 29], [30, 1], [30, 5], [30, 9], [30, 13], [30, 17], [30, 21], [30, 25], [30, 29], [38, 1], [38, 5], [38, 9], [38, 13], [38, 17], [38, 21], [38, 25], [38, 29], [46, 1], [46, 5], [46, 9], [46, 13]]",[],,False,"data_export/tools/c2_perar.py:run_one (per-AR tile placement), baseline from data_export3/tools/f5_build.py"
stereovision1,1.6,51,32,54,34,10133500.0,5.58617,0.1169,6617411.3369455,-55.844056371905424,True,65.46,"[[6, 1], [6, 5], [6, 9], [6, 13], [6, 17], [6, 21], [6, 25], [6, 29], [14, 1], [14, 5], [14, 9], [14, 13], [14, 17], [14, 21], [14, 25], [14, 29], [22, 1], [22, 5], [22, 9], [22, 13], [22, 17], [22, 21], [22, 25], [22, 29], [30, 1], [30, 5], [30, 9], [30, 13], [30, 17], [30, 21], [30, 25], [30, 29], [38, 1], [38, 5], [38, 9], [38, 13], [38, 17], [38, 21], [38, 25], [38, 29], [46, 1], [46, 5], [46, 9], [46, 13]]",[],,False,"data_export/tools/c2_perar.py:run_one (per-AR tile placement), baseline from data_export3/tools/f5_build.py"
stereovision1,1.7,54,32,57,34,10266900.0,5.87716,0.1139,6872750.3750556,-61.85744581121848,True,74.8,"[[6, 1], [6, 5], [6, 9], [6, 13], [6, 17], [6, 21], [6, 25], [6, 29], [14, 1], [14, 5], [14, 9], [14, 13], [14, 17], [14, 21], [14, 25], [14, 29], [22, 1], [22, 5], [22, 9], [22, 13], [22, 17], [22, 21], [22, 25], [22, 29], [30, 1], [30, 5], [30, 9], [30, 13], [30, 17], [30, 21], [30, 25], [30, 29], [38, 1], [38, 5], [38, 9], [38, 13], [38, 17], [38, 21], [38, 25], [38, 29], [46, 1], [46, 5], [46, 9], [46, 13]]",[],,False,"data_export/tools/c2_perar.py:run_one (per-AR tile placement), baseline from data_export3/tools/f5_build.py"
stereovision1,1.8,54,30,56,31,8968590.0,5.63377,0.109,5507440.0879887,-29.703559267268133,True,72.32,"[[6, 1], [6, 5], [6, 9], [6, 13], [6, 17], [6, 21], [6, 25], [14, 1], [14, 5], [14, 9], [14, 13], [14, 17], [14, 21], [14, 25], [22, 1], [22, 5], [22, 9], [22, 13], [22, 17], [22, 21], [22, 25], [30, 1], [30, 5], [30, 9], [30, 13], [30, 17], [30, 21], [30, 25], [38, 1], [38, 5], [38, 9], [38, 13], [38, 17], [38, 21], [38, 25], [46, 1], [46, 5], [46, 9], [46, 13], [46, 17], [46, 21], [46, 25], [54, 1], [54, 5]]",[],,False,"data_export/tools/c2_perar.py:run_one (per-AR tile placement), baseline from data_export3/tools/f5_build.py"
stereovision1,1.9,55,29,57,30,9768130.0,5.73941,0.113,6335153.239372901,-49.196706731730984,True,62.46,"[[6, 1], [6, 5], [6, 9], [6, 13], [6, 17], [6, 21], [6, 25], [14, 1], [14, 5], [14, 9], [14, 13], [14, 17], [14, 21], [14, 25], [22, 1], [22, 5], [22, 9], [22, 13], [22, 17], [22, 21], [22, 25], [30, 1], [30, 5], [30, 9], [30, 13], [30, 17], [30, 21], [30, 25], [38, 1], [38, 5], [38, 9], [38, 13], [38, 17], [38, 21], [38, 25], [46, 1], [46, 5], [46, 9], [46, 13], [46, 17], [46, 21], [46, 25], [54, 1], [54, 5]]",[],,False,"data_export/tools/c2_perar.py:run_one (per-AR tile placement), baseline from data_export3/tools/f5_build.py"
stereovision1,2.0,56,28,59,30,10126800.0,5.4595,0.1166,6446495.05236,-51.818874056109685,True,61.37,"[[6, 1], [6, 5], [6, 9], [6, 13], [6, 17], [6, 21], [6, 25], [14, 1], [14, 5], [14, 9], [14, 13], [14, 17], [14, 21], [14, 25], [22, 1], [22, 5], [22, 9], [22, 13], [22, 17], [22, 21], [22, 25], [30, 1], [30, 5], [30, 9], [30, 13], [30, 17], [30, 21], [30, 25], [38, 1], [38, 5], [38, 9], [38, 13], [38, 17], [38, 21], [38, 25], [46, 1], [46, 5], [46, 9], [46, 13], [46, 17], [46, 21], [46, 25], [54, 1], [54, 5]]",[],,False,"data_export/tools/c2_perar.py:run_one (per-AR tile placement), baseline from data_export3/tools/f5_build.py"
