circuit,seed,variant,draw_index,grid_w,grid_h,area_mwta,delay_ns,power_w,adp,adp_reduction_pct,vtr_success,vtr_seconds,cached,source
usb_uart_core,,columns,0,12,12,370010.0,4.22577,0.01344,21014.476999488,5.204766066917757,True,4.28,False,reused from data_export4/g1_sweep_new_circuits.csv at AR 1.0 (unseeded; seed column empty)
uriscv_core,,columns,0,16,16,1187590.0,8.88144,0.01468,154837.43695852798,9.217924669156377,True,10.59,False,reused from data_export4/g1_sweep_new_circuits.csv at AR 1.0 (unseeded; seed column empty)
lenet,,columns,0,38,38,11719900.0,8.89815,0.05911,6164311.660015349,8.46127931009212,True,1082.81,False,reused from data_export4/g1_sweep_new_circuits.csv at AR 1.0 (unseeded; seed column empty)
aes_inv_cipher,,columns,0,30,30,4435340.0,7.56628,0.07913,2655525.595644376,7.370861378309016,True,42.25,False,reused from data_export4/g1_sweep_new_circuits.csv at AR 1.0 (unseeded; seed column empty)
8051,,columns,0,17,17,1379140.0,13.6677,0.01168,220164.16636704,14.35674777536056,True,13.03,False,reused from data_export4/g1_sweep_new_circuits.csv at AR 1.0 (unseeded; seed column empty)
stereovision1,,columns,0,40,40,8581930.0,5.45065,0.1098,5136125.2236441,-20.95886867692063,True,69.24,False,reused from data_export4/g1_sweep_new_circuits.csv at AR 1.0 (unseeded; seed column empty)
usb_uart_core,7,policy,0,12,12,370567.0,4.31259,0.01319,21078.9856732107,4.913770729921973,True,4.14,False,step 0 forced to 1.0; policy places H-blocks deterministically
usb_uart_core,7,random,0,13,13,411373.0,4.37689,0.01368,24631.3101811896,-11.110583944633365,True,4.39,False,"AR 1.0 + uniform legal placement, numpy.default_rng([7, 0, 0]), circuit_index = position in the new-six list"
usb_uart_core,7,random,1,12,12,357289.0,4.19235,0.01352,20251.344889308002,8.647216093540937,True,4.14,False,"AR 1.0 + uniform legal placement, numpy.default_rng([7, 0, 1]), circuit_index = position in the new-six list"
usb_uart_core,7,random,2,13,13,429515.0,4.11926,0.01434,25371.531970626,-14.449686682888425,True,4.34,False,"AR 1.0 + uniform legal placement, numpy.default_rng([7, 0, 2]), circuit_index = position in the new-six list"
usb_uart_core,42,policy,0,12,12,386320.0,4.73146,0.01234,22555.763119648,-1.7478970101571363,True,4.14,False,step 0 forced to 1.0; policy places H-blocks deterministically
usb_uart_core,42,random,0,13,13,429759.0,4.45484,0.01352,25884.1425297312,-16.762046770085906,True,4.24,False,"AR 1.0 + uniform legal placement, numpy.default_rng([42, 0, 0]), circuit_index = position in the new-six list"
usb_uart_core,42,random,1,12,12,370172.0,4.32957,0.01315,21075.315456426004,4.930326890643882,True,4.04,False,"AR 1.0 + uniform legal placement, numpy.default_rng([42, 0, 1]), circuit_index = position in the new-six list"
usb_uart_core,42,random,2,13,13,429762.0,4.49676,0.01332,25741.3871273184,-16.1180844308251,True,4.29,False,"AR 1.0 + uniform legal placement, numpy.default_rng([42, 0, 2]), circuit_index = position in the new-six list"
usb_uart_core,123,policy,0,12,12,370559.0,4.29452,0.01326,21101.6064663768,4.811729485689025,True,3.98,False,step 0 forced to 1.0; policy places H-blocks deterministically
usb_uart_core,123,random,0,12,12,385821.0,4.49091,0.01279,22161.071681136902,0.03253593832670328,True,4.13,False,"AR 1.0 + uniform legal placement, numpy.default_rng([123, 0, 0]), circuit_index = position in the new-six list"
usb_uart_core,123,random,1,13,13,429766.0,4.41187,0.01359,25767.614707687804,-16.236395708173415,True,4.34,False,"AR 1.0 + uniform legal placement, numpy.default_rng([123, 0, 1]), circuit_index = position in the new-six list"
usb_uart_core,123,random,2,12,12,370471.0,4.26111,0.01331,21011.401358201103,5.218640127894521,True,4.04,False,"AR 1.0 + uniform legal placement, numpy.default_rng([123, 0, 2]), circuit_index = position in the new-six list"
uriscv_core,7,policy,0,16,16,1186990.0,8.84592,0.01465,153825.27220871998,9.811362653982393,True,9.54,False,step 0 forced to 1.0; policy places H-blocks deterministically
uriscv_core,7,random,0,18,18,1466620.0,8.68566,0.01653,210568.44092187603,-23.457481869763036,True,10.76,False,"AR 1.0 + uniform legal placement, numpy.default_rng([7, 1, 0]), circuit_index = position in the new-six list"
uriscv_core,7,random,1,18,18,1338930.0,8.63769,0.01624,187819.859292408,-10.119858283876946,True,10.06,False,"AR 1.0 + uniform legal placement, numpy.default_rng([7, 1, 1]), circuit_index = position in the new-six list"
uriscv_core,7,random,2,17,17,1294810.0,8.57591,0.01543,171337.405238153,-0.45610115263923406,True,9.71,False,"AR 1.0 + uniform legal placement, numpy.default_rng([7, 1, 2]), circuit_index = position in the new-six list"
uriscv_core,42,policy,0,16,16,1187540.0,8.74332,0.01468,152423.05997750402,10.633487709166385,True,9.36,False,step 0 forced to 1.0; policy places H-blocks deterministically
uriscv_core,42,random,0,16,16,1187630.0,8.68382,0.01464,150984.737746224,11.476784264023863,True,9.37,False,"AR 1.0 + uniform legal placement, numpy.default_rng([42, 1, 0]), circuit_index = position in the new-six list"
uriscv_core,42,random,1,16,16,1160060.0,8.8527,0.01462,150142.47542844,11.970607480704201,True,9.76,False,"AR 1.0 + uniform legal placement, numpy.default_rng([42, 1, 1]), circuit_index = position in the new-six list"
uriscv_core,42,random,2,18,18,1466220.0,9.01814,0.01603,211957.913009724,-24.272137305986153,True,10.42,False,"AR 1.0 + uniform legal placement, numpy.default_rng([42, 1, 2]), circuit_index = position in the new-six list"
uriscv_core,123,policy,0,16,16,1159350.0,8.49486,0.01504,148121.67975264,13.155411549230958,True,9.61,False,step 0 forced to 1.0; policy places H-blocks deterministically
uriscv_core,123,random,0,17,17,1265350.0,8.70559,0.01532,168759.27245558,1.055472850895501,True,10.06,False,"AR 1.0 + uniform legal placement, numpy.default_rng([123, 1, 0]), circuit_index = position in the new-six list"
uriscv_core,123,random,1,18,18,1433170.0,8.8804,0.01604,204143.05080271998,-19.690238874236588,True,10.05,False,"AR 1.0 + uniform legal placement, numpy.default_rng([123, 1, 1]), circuit_index = position in the new-six list"
uriscv_core,123,random,2,17,17,1324440.0,8.6318,0.01579,180516.03582167998,-5.837584787575093,True,10.08,False,"AR 1.0 + uniform legal placement, numpy.default_rng([123, 1, 2]), circuit_index = position in the new-six list"
lenet,7,random,0,38,38,11196800.0,9.0535,0.05791,5870349.949808001,12.826548356876676,True,1082.69,False,"AR 1.0 + uniform legal placement, numpy.default_rng([7, 2, 0]), circuit_index = position in the new-six list"
lenet,7,policy,0,38,38,11026200.0,8.9235,0.05793,5699865.689901001,15.358203456484937,True,1086.88,False,step 0 forced to 1.0; policy places H-blocks deterministically
lenet,7,random,1,38,38,11196800.0,8.86818,0.05831,5789905.31751744,14.021134083943835,True,1084.03,False,"AR 1.0 + uniform legal placement, numpy.default_rng([7, 2, 1]), circuit_index = position in the new-six list"
lenet,7,random,2,41,41,13328100.0,8.57232,0.06626,7570386.432601919,-12.41863283189184,True,1100.02,False,"AR 1.0 + uniform legal placement, numpy.default_rng([7, 2, 2]), circuit_index = position in the new-six list"
lenet,42,policy,0,38,38,11390000.0,8.62874,0.05902,5800565.194372001,13.862837173632187,True,1073.5,False,step 0 forced to 1.0; policy places H-blocks deterministically
lenet,42,random,0,38,38,11026200.0,8.84939,0.05804,5663261.3588047195,15.901770009421856,True,1062.3,False,"AR 1.0 + uniform legal placement, numpy.default_rng([42, 2, 0]), circuit_index = position in the new-six list"
lenet,42,random,1,38,38,11600000.0,8.82126,0.05892,6029084.21472,10.469378190749623,True,1081.64,False,"AR 1.0 + uniform legal placement, numpy.default_rng([42, 2, 1]), circuit_index = position in the new-six list"
lenet,42,random,2,38,38,11600000.0,8.8424,0.05886,6037378.502400001,10.34620977793458,True,1095.24,False,"AR 1.0 + uniform legal placement, numpy.default_rng([42, 2, 2]), circuit_index = position in the new-six list"
lenet,123,policy,0,38,38,11390000.0,8.91736,0.05854,5945833.477616001,11.705633979116577,True,1079.78,False,step 0 forced to 1.0; policy places H-blocks deterministically
lenet,123,random,0,39,39,12019100.0,8.79518,0.06091,6438805.110903581,4.385109784944491,True,1101.05,False,"AR 1.0 + uniform legal placement, numpy.default_rng([123, 2, 0]), circuit_index = position in the new-six list"
lenet,123,random,1,38,38,11719700.0,9.02741,0.05894,6235765.76942438,7.4002009409100085,True,1071.67,False,"AR 1.0 + uniform legal placement, numpy.default_rng([123, 2, 1]), circuit_index = position in the new-six list"
aes_inv_cipher,7,policy,0,30,30,4334440.0,7.4894,0.07847,2547320.99182792,11.145217484256293,True,42.28,False,step 0 forced to 1.0; policy places H-blocks deterministically
lenet,123,random,2,42,42,14415000.0,8.93014,0.06865,8837175.010065,-31.230174519138387,True,1076.7,False,"AR 1.0 + uniform legal placement, numpy.default_rng([123, 2, 2]), circuit_index = position in the new-six list"
aes_inv_cipher,7,random,0,34,34,5508160.0,7.00314,0.09213,3553860.9112917124,-23.96456488093812,True,46.73,False,"AR 1.0 + uniform legal placement, numpy.default_rng([7, 3, 0]), circuit_index = position in the new-six list"
aes_inv_cipher,7,random,1,34,34,5637680.0,6.83607,0.09355,3605377.25225148,-25.7615403256002,True,44.18,False,"AR 1.0 + uniform legal placement, numpy.default_rng([7, 3, 1]), circuit_index = position in the new-six list"
aes_inv_cipher,7,random,2,32,32,4964580.0,7.23216,0.08503,3052971.274994784,-6.492703329003763,True,41.87,False,"AR 1.0 + uniform legal placement, numpy.default_rng([7, 3, 2]), circuit_index = position in the new-six list"
aes_inv_cipher,42,policy,0,30,30,4335110.0,6.85405,0.08379,2489657.355675945,13.1566207843461,True,42.36,False,step 0 forced to 1.0; policy places H-blocks deterministically
aes_inv_cipher,42,random,0,32,32,4851360.0,7.26923,0.08363,2949266.447723664,-2.875306894643978,True,42.96,False,"AR 1.0 + uniform legal placement, numpy.default_rng([42, 3, 0]), circuit_index = position in the new-six list"
aes_inv_cipher,42,random,1,33,33,5174840.0,7.01561,0.08912,3235471.232573888,-12.858604639379005,True,42.98,False,"AR 1.0 + uniform legal placement, numpy.default_rng([42, 3, 1]), circuit_index = position in the new-six list"
aes_inv_cipher,42,random,2,30,30,4235600.0,6.83204,0.083,2401836.455792,16.219959478039858,True,41.98,False,"AR 1.0 + uniform legal placement, numpy.default_rng([42, 3, 2]), circuit_index = position in the new-six list"
aes_inv_cipher,123,policy,0,30,30,4235050.0,7.06612,0.08131,2433231.95715286,15.124832301550759,True,42.72,False,step 0 forced to 1.0; policy places H-blocks deterministically
aes_inv_cipher,123,random,0,32,32,4964710.0,7.17114,0.08543,3041532.7210008423,-6.093707587718345,True,42.22,False,"AR 1.0 + uniform legal placement, numpy.default_rng([123, 3, 0]), circuit_index = position in the new-six list"
aes_inv_cipher,123,random,1,33,33,5418570.0,7.01863,0.09016,3428869.366392456,-19.604652418409923,True,44.26,False,"AR 1.0 + uniform legal placement, numpy.default_rng([123, 3, 1]), circuit_index = position in the new-six list"
8051,7,policy,0,19,19,1755930.0,13.6475,0.01333,319440.84881775,-24.261607315981205,True,13.71,False,step 0 forced to 1.0; policy places H-blocks deterministically
8051,7,random,0,17,17,1379170.0,13.2032,0.01181,215053.69123264,16.344708478254894,True,12.66,False,"AR 1.0 + uniform legal placement, numpy.default_rng([7, 4, 0]), circuit_index = position in the new-six list"
aes_inv_cipher,123,random,2,32,32,5080020.0,7.16688,0.08638,3144913.8610538878,-9.699813274874531,True,43.56,False,"AR 1.0 + uniform legal placement, numpy.default_rng([123, 3, 2]), circuit_index = position in the new-six list"
8051,7,random,1,19,19,1727800.0,13.7372,0.01315,312117.014204,-21.412655892926935,True,13.47,False,"AR 1.0 + uniform legal placement, numpy.default_rng([7, 4, 1]), circuit_index = position in the new-six list"
8051,42,policy,0,17,17,1379250.0,13.5651,0.01169,218715.97420575,14.92009052357297,True,12.9,False,step 0 forced to 1.0; policy places H-blocks deterministically
8051,7,random,2,19,19,1687240.0,13.7465,0.01307,303140.9357062,-17.920986165466996,True,13.97,False,"AR 1.0 + uniform legal placement, numpy.default_rng([7, 4, 2]), circuit_index = position in the new-six list"
8051,42,random,1,17,17,1379190.0,12.9903,0.01184,212126.52758688,17.483367046328528,True,12.95,False,"AR 1.0 + uniform legal placement, numpy.default_rng([42, 4, 1]), circuit_index = position in the new-six list"
8051,42,random,0,18,18,1562160.0,13.7624,0.01246,267878.42196864,-4.203965780478593,True,13.65,False,"AR 1.0 + uniform legal placement, numpy.default_rng([42, 4, 0]), circuit_index = position in the new-six list"
8051,42,random,2,17,17,1379220.0,13.6922,0.01162,219438.54169607998,14.639013766874573,True,12.76,False,"AR 1.0 + uniform legal placement, numpy.default_rng([42, 4, 2]), circuit_index = position in the new-six list"
8051,123,policy,0,19,19,1755930.0,13.2745,0.01344,313274.2070304,-21.862800704134298,True,13.42,False,step 0 forced to 1.0; policy places H-blocks deterministically
8051,123,random,0,17,17,1403960.0,13.7406,0.01175,226672.220118,11.825132853267492,True,12.67,False,"AR 1.0 + uniform legal placement, numpy.default_rng([123, 4, 0]), circuit_index = position in the new-six list"
8051,123,random,1,19,19,1865750.0,13.6852,0.01354,345719.01212599996,-34.48374021501431,True,12.77,False,"AR 1.0 + uniform legal placement, numpy.default_rng([123, 4, 1]), circuit_index = position in the new-six list"
8051,123,random,2,17,17,1404660.0,13.4848,0.0118,223510.3981824,13.055072847537724,True,12.92,False,"AR 1.0 + uniform legal placement, numpy.default_rng([123, 4, 2]), circuit_index = position in the new-six list"
stereovision1,7,policy,0,33,33,8914260.0,5.85059,0.1063,5543936.227944421,-30.56306553082189,True,61.98,False,step 0 forced to 1.0; policy places H-blocks deterministically
stereovision1,7,random,0,40,40,10655100.0,6.30367,0.1143,7677100.571003101,-80.80038148458961,True,76.26,False,"AR 1.0 + uniform legal placement, numpy.default_rng([7, 5, 0]), circuit_index = position in the new-six list"
stereovision1,7,random,1,40,40,10141200.0,6.18806,0.1132,7103792.880950401,-67.29863715925333,True,98.69,False,"AR 1.0 + uniform legal placement, numpy.default_rng([7, 5, 1]), circuit_index = position in the new-six list"
stereovision1,7,random,2,40,40,10654800.0,6.16482,0.117,7685136.123912,-80.98962363635405,True,74.26,False,"AR 1.0 + uniform legal placement, numpy.default_rng([7, 5, 2]), circuit_index = position in the new-six list"
stereovision1,42,random,0,40,40,10842900.0,6.25186,0.1143,7748201.8663542,-82.47486017672527,True,65.03,False,"AR 1.0 + uniform legal placement, numpy.default_rng([42, 5, 0]), circuit_index = position in the new-six list"
stereovision1,42,policy,0,33,33,9821590.0,5.84063,0.1122,6436271.45323074,-51.57810208684599,True,73.72,False,step 0 forced to 1.0; policy places H-blocks deterministically
stereovision1,42,random,1,40,40,10655100.0,6.4724,0.1118,7710182.941032001,-81.57949139285775,True,63.9,False,"AR 1.0 + uniform legal placement, numpy.default_rng([42, 5, 1]), circuit_index = position in the new-six list"
stereovision1,42,random,2,40,40,10345200.0,6.17367,0.1107,7070171.092858801,-66.50682362796843,True,58.87,False,"AR 1.0 + uniform legal placement, numpy.default_rng([42, 5, 2]), circuit_index = position in the new-six list"
stereovision1,123,random,0,40,40,10492900.0,6.30286,0.1138,7526194.8291772,-77.24645960509899,True,63.9,False,"AR 1.0 + uniform legal placement, numpy.default_rng([123, 5, 0]), circuit_index = position in the new-six list"
stereovision1,123,policy,0,33,33,9671490.0,5.82292,0.1117,6290532.11192436,-48.145852077639276,True,68.81,False,step 0 forced to 1.0; policy places H-blocks deterministically
stereovision1,123,random,2,40,40,10141200.0,6.28521,0.1133,7221693.4681716,-70.07526760061602,True,89.45,False,"AR 1.0 + uniform legal placement, numpy.default_rng([123, 5, 2]), circuit_index = position in the new-six list"
stereovision1,123,random,1,40,40,10141200.0,7.23583,0.1031,7565477.917107599,-78.17160018623649,True,100.85,False,"AR 1.0 + uniform legal placement, numpy.default_rng([123, 5, 1]), circuit_index = position in the new-six list"
