circuit,aspect_ratio,planned_core_w,planned_core_h,grid_w,grid_h,area_mwta,delay_ns,power_w,adp,adp_reduction_pct_vs_baseline,vtr_success,vtr_seconds,dsp_coords,bram_coords,note
fifo,0.3,2,6,4,13,68601.3,2.06275,0.01048,1482.9968349059998,29.9398434233068,True,0.64,[],"[[2, 1]]",
fifo,0.4,2,6,4,10,49754.3,2.10196,0.009933,1038.808520535324,50.924313600088745,True,0.64,[],"[[2, 1]]",
fifo,0.5,3,6,4,8,41804.3,1.90864,0.0106,845.7672070112001,60.04402601817216,True,0.63,[],"[[2, 1]]",
fifo,0.9,5,6,7,8,94358.0,1.93167,0.0116,2114.3148071759997,0.11494093811694053,True,0.62,[],"[[2, 1]]",
fifo,0.6,4,6,5,8,47741.5,2.06477,0.01012,997.5811955846002,52.871986564251884,True,0.63,[],"[[2, 1]]",
fifo,0.8,5,6,6,8,76844.4,1.9916,0.01088,1665.1111805952,21.33634591506287,True,0.63,[],"[[2, 1]]",
fifo,0.2,2,8,4,20,112475.0,2.0264,0.01147,2614.2348298,-23.5024223875988,True,0.7,[],"[[2, 1]]",
fifo,1.0,6,6,8,8,99501.1,1.93255,0.01197,2301.7214841358505,-8.738578383222094,True,0.67,[],"[[2, 1]]",
fifo,0.7,4,6,6,9,79472.1,2.07126,0.01075,1769.5293548445002,16.403392947687117,True,0.72,[],"[[2, 1]]",
fifo,0.1,2,15,4,40,238140.0,2.00695,0.01376,6576.38660448,-210.6835189219678,True,0.84,[],"[[2, 1]]",
fifo,1.1,7,6,9,8,115160.0,1.97816,0.01197,2726.8247200319997,-28.821425876305895,True,0.63,[],"[[2, 1]]",
fifo,1.2,7,6,10,8,130709.0,1.94977,0.01251,3188.2046114943,-50.61806540806548,True,0.63,[],"[[2, 1]]",
fifo,1.5,9,6,12,8,181296.0,1.97452,0.01296,4639.3246098432,-119.1722874420854,True,0.67,[],"[[2, 1]]",
fifo,1.7,10,6,13,8,177364.0,1.97374,0.01328,4648.935195660801,-119.62631345975896,True,0.67,[],"[[2, 1]]",
fifo,1.4,8,6,11,8,194819.0,1.93045,0.01307,4915.4745848485,-132.21824278881246,True,0.73,[],"[[2, 1]]",
fifo,1.3,8,6,10,8,130709.0,1.94977,0.01251,3188.2046114943,-50.61806540806548,True,0.74,[],"[[2, 1]]",
fifo,1.6,10,6,12,8,181296.0,1.97452,0.01296,4639.3246098432,-119.1722874420854,True,0.72,[],"[[2, 1]]",
fifo,1.8,11,6,14,8,192913.0,1.99188,0.01348,5179.8186860112,-144.70646169910967,True,0.71,[],"[[2, 1]]",
fifo,1.9,11,6,15,8,208463.0,1.97374,0.01387,5706.8359336694,-169.6039598059696,True,0.71,[],"[[2, 1]]",
fifo,2.0,12,6,15,8,208463.0,1.97374,0.01387,5706.8359336694,-169.6039598059696,True,0.82,[],"[[2, 1]]",
ch_intrinsics,0.1,3,26,4,40,291193.0,2.05664,0.01089,6521.7941778528,19.8912483348316,True,1.08,[],"[[2, 1]]",
ch_intrinsics,0.5,6,13,8,16,274377.0,1.95671,0.01148,6163.339001811601,24.294238661955475,True,1.07,[],"[[2, 1]]",
ch_intrinsics,0.2,4,19,6,30,443813.0,1.95182,0.0134,11607.657401444001,-42.57962131714778,True,1.22,[],"[[2, 1]]",
ch_intrinsics,0.3,5,16,7,23,376228.0,2.01517,0.01235,9363.317727686,-15.011862403823994,True,1.17,[],"[[2, 1]]",
ch_intrinsics,0.6,7,11,9,15,306321.0,2.01973,0.01133,7009.709132028901,13.898072709855988,True,1.12,[],"[[2, 1]]",
ch_intrinsics,0.4,6,14,7,18,288097.0,2.02062,0.01101,6409.301507141401,21.27302260988822,True,1.17,[],"[[2, 1]]",
ch_intrinsics,0.9,9,10,11,12,301370.0,1.953,0.01162,6839.2485882,15.991880180915247,True,1.17,[],"[[2, 1]]",
ch_intrinsics,0.8,8,10,10,13,259554.0,1.9914,0.01131,5845.865700636,28.193838856417702,True,1.32,[],"[[2, 1]]",
ch_intrinsics,1.0,9,9,11,11,272682.0,1.91409,0.01142,5960.5306967196,26.785381391270764,True,1.12,[],"[[2, 1]]",
ch_intrinsics,0.7,8,11,9,13,250644.0,2.00313,0.01102,5532.8391232344,32.03881888335844,True,1.37,[],"[[2, 1]]",
ch_intrinsics,1.1,10,9,12,11,289525.0,1.98134,0.01193,6843.6142395550005,15.938255845231355,True,1.18,[],"[[2, 1]]",
ch_intrinsics,1.2,10,8,12,10,259118.0,2.02948,0.0111,5837.210264904,28.300155635619852,True,1.12,[],"[[2, 1]]",
ch_intrinsics,1.5,12,8,13,9,272435.0,2.01147,0.01095,6000.543382477501,26.2938960393225,True,1.08,[],"[[2, 1]]",
ch_intrinsics,1.3,10,8,13,10,283853.0,1.89779,0.01203,6480.481419986101,20.398702782226664,True,1.12,[],"[[2, 1]]",
ch_intrinsics,1.4,11,8,13,9,272435.0,2.01147,0.01095,6000.543382477501,26.2938960393225,True,1.13,[],"[[2, 1]]",
ch_intrinsics,1.6,11,7,14,9,272468.0,1.98222,0.01162,6275.863450315201,22.912074052706384,True,1.12,[],"[[2, 1]]",
ch_intrinsics,1.7,12,7,15,9,378770.0,1.95965,0.01203,8929.347264915,-9.681299818730881,True,1.27,[],"[[2, 1]]",
ch_intrinsics,1.9,13,7,15,8,277665.0,1.95538,0.01113,6042.928741100999,25.773266581290937,True,1.22,[],"[[2, 1]]",
ch_intrinsics,1.8,13,7,15,8,277665.0,1.95538,0.01113,6042.928741100999,25.773266581290937,True,1.27,[],"[[2, 1]]",
ch_intrinsics,2.0,14,7,15,8,277665.0,1.95538,0.01113,6042.928741100999,25.773266581290937,True,1.27,[],"[[2, 1]]",
spree,0.5,9,18,10,20,759553.0,10.3629,0.01005,79105.276426185,-5.093971138914228,True,4.83,"[[6, 1]]","[[2, 1], [2, 7], [2, 13]]",
spree,0.9,11,12,13,14,667531.0,10.7014,0.009387,67056.1869767958,10.913641956602937,True,4.73,"[[6, 1]]","[[2, 1], [2, 7], [10, 1]]",
spree,0.7,10,14,12,17,813077.0,10.4542,0.01003,85255.697821202,-13.265008998610266,True,4.98,"[[6, 1]]","[[2, 1], [2, 7], [10, 1]]",
spree,0.6,10,16,12,20,1006560.0,10.4631,0.01084,114164.03922624001,-51.67069487128223,True,5.53,"[[6, 1]]","[[2, 1], [2, 7], [10, 1]]",
spree,0.4,7,18,8,20,688252.0,10.7558,0.009211,68186.27763619761,9.41227920927275,True,5.88,"[[6, 1]]","[[2, 1], [2, 7], [2, 13]]",
spree,1.0,12,12,14,14,752637.0,10.1721,0.009966,76298.6877168582,-1.365325388058117,True,5.63,"[[6, 1]]","[[2, 1], [2, 7], [10, 1]]",
spree,0.3,6,19,8,27,924992.0,10.4345,0.01042,100572.05843008001,-33.61329968797581,True,6.29,"[[6, 1]]","[[2, 1], [2, 7], [2, 13]]",
spree,0.2,6,28,8,40,1377400.0,10.4647,0.01237,178302.14213860003,-136.88028190389971,True,7.03,"[[6, 1]]","[[2, 1], [2, 7], [2, 13]]",
spree,0.1,6,55,8,80,2901320.0,10.49,0.01853,563957.711204,-649.2364365877186,True,7.18,"[[6, 1]]","[[2, 1], [2, 7], [2, 13]]",
spree,0.8,10,12,12,15,729128.0,10.4076,0.00965,73228.76032752001,2.7131744924741836,True,6.89,"[[6, 1]]","[[2, 1], [2, 7], [10, 1]]",
spree,1.1,13,12,15,14,843773.0,10.3231,0.01029,89629.532949327,-19.075793354448532,True,5.18,"[[6, 1]]","[[2, 1], [2, 7], [10, 1]]",
spree,1.4,17,12,19,14,1023820.0,10.5626,0.01116,120686.48463312,-60.33597891191656,True,5.94,"[[6, 1]]","[[2, 1], [2, 7], [10, 1]]",
spree,1.5,18,12,21,14,1142730.0,10.4283,0.01184,141094.09810656,-87.44816710322019,True,5.78,"[[6, 1]]","[[2, 1], [2, 7], [10, 1]]",
spree,1.6,18,11,20,13,1068730.0,10.4053,0.01137,126439.58777853001,-67.97916636082333,True,6.13,"[[6, 1]]","[[2, 1], [10, 1], [18, 1]]",
spree,1.2,14,12,17,14,971645.0,10.4708,0.01081,109979.86403746,-46.111880005877765,True,7.29,"[[6, 1]]","[[2, 1], [2, 7], [10, 1]]",
spree,1.3,16,12,18,14,964427.0,10.5893,0.01087,111011.03625405699,-47.48182633646692,True,7.23,"[[6, 1]]","[[2, 1], [2, 7], [10, 1]]",
spree,1.7,19,11,20,12,907753.0,10.0952,0.011,100803.4289416,-33.92068305048472,True,6.74,"[[6, 1]]","[[2, 1], [10, 1], [18, 1]]",
spree,2.0,18,9,20,10,786251.0,10.2809,0.01019,82369.51896112101,-9.430625105063903,True,5.93,"[[6, 1]]","[[2, 1], [10, 1], [18, 1]]",
spree,1.9,19,10,20,11,820441.0,10.4754,0.01034,88866.588715476,-18.06219675362309,True,6.43,"[[6, 1]]","[[2, 1], [10, 1], [18, 1]]",
spree,1.8,18,10,20,11,820441.0,10.4754,0.01034,88866.588715476,-18.06219675362309,True,6.53,"[[6, 1]]","[[2, 1], [10, 1], [18, 1]]",
boundtop,0.1,3,26,4,40,377528.0,2.92062,0.01148,12658.029698092801,38.10654071668619,True,5.98,[],"[[2, 1]]",
boundtop,0.3,4,13,7,23,392778.0,2.58473,0.01394,14152.2376143636,30.800372297722372,True,5.72,[],"[[2, 1]]",
boundtop,0.2,4,18,5,25,326775.0,2.62892,0.01183,10162.74288939,50.307644378017216,True,6.03,[],"[[2, 1]]",
boundtop,0.5,6,11,10,20,475620.0,2.70149,0.01502,19298.937760476,5.634759359965636,True,6.03,[],"[[2, 1]]",
boundtop,0.4,5,12,9,23,510478.0,2.81391,0.01483,21302.3925793734,-4.161453179974004,True,6.43,[],"[[2, 1]]",
boundtop,0.6,6,10,11,18,557520.0,2.49659,0.01665,23175.11596572,-13.318433486254765,True,6.28,[],"[[2, 1]]",
boundtop,0.7,6,9,12,17,513253.0,2.69942,0.0154,21336.475364204,-4.328106403697482,True,6.18,[],"[[2, 1]]",
boundtop,0.8,7,9,13,16,525646.0,2.71538,0.01575,22480.42600881,-9.921635912852453,True,6.03,[],"[[2, 1]]",
boundtop,0.9,7,8,14,16,546584.0,2.55533,0.0171,23883.612625512,-16.782741140060246,True,6.23,[],"[[2, 1]]",
boundtop,1.0,8,8,15,15,574252.0,2.67845,0.01652,25409.499050488,-24.243806690368057,True,7.03,[],"[[2, 1]]",
boundtop,1.1,8,7,15,14,575629.0,2.56272,0.0165,24340.403189520002,-19.016291609505824,True,6.13,[],"[[2, 1]]",
boundtop,1.3,9,7,17,13,561874.0,2.77309,0.01582,24649.5718398412,-20.528021138250352,True,6.12,[],"[[2, 1]]",
boundtop,1.2,8,7,16,13,502999.0,2.59019,0.01606,20923.979455748606,-2.311141731986819,True,6.88,[],"[[2, 1]]",
boundtop,1.4,10,7,17,12,578382.0,2.64377,0.01601,24481.0347720414,-19.703932208741225,True,5.97,[],"[[2, 1]]",
boundtop,1.5,9,6,18,12,571035.0,2.55621,0.01687,24624.8923158945,-20.40734666149851,True,6.18,[],"[[2, 1]]",
boundtop,1.6,10,6,18,11,516977.0,2.81157,0.01477,21468.4464428553,-4.973400085091662,True,6.53,[],"[[2, 1]]",
boundtop,1.8,11,6,19,11,548348.0,2.57132,0.01628,22954.444759980797,-12.23942635693218,True,6.12,[],"[[2, 1]]",
boundtop,1.9,11,6,19,10,469963.0,2.53326,0.01556,18524.778583552797,9.420134385821319,True,5.92,[],"[[2, 1]]",
boundtop,1.7,10,6,18,11,516977.0,2.81157,0.01477,21468.4464428553,-4.973400085091662,True,6.58,[],"[[2, 1]]",
mmc_core,0.1,4,35,5,50,746930.0,4.64981,0.01094,37995.52346130201,-32.15610632537025,True,4.27,[],"[[2, 1]]",
mmc_core,0.2,5,27,7,35,722666.0,4.70576,0.0111,37747.689593376,-31.294090066165005,True,4.22,[],"[[2, 1]]",
boundtop,2.0,12,6,19,10,469963.0,2.53326,0.01556,18524.778583552797,9.420134385821319,True,7.63,[],"[[2, 1]]",
mmc_core,0.5,8,17,10,20,537635.0,4.56306,0.01057,25930.966265967,9.806860840987822,True,3.67,[],"[[2, 1]]",
mmc_core,0.4,8,19,9,23,552190.0,4.62883,0.01041,26607.893768457,7.452370236726242,True,4.17,[],"[[2, 1]]",
mmc_core,0.3,7,22,8,27,593190.0,4.54849,0.01079,29112.701669649,-1.2598576564281427,True,4.67,[],"[[2, 1]]",
mmc_core,0.6,9,15,11,18,494698.0,4.95171,0.009801,24008.539730117584,16.493448694769757,True,4.12,[],"[[2, 1]]",
mmc_core,0.7,10,14,12,17,555466.0,4.62903,0.01066,27409.7251732668,4.663438627533097,True,4.52,[],"[[2, 1]]",
mmc_core,0.9,12,13,14,16,596963.0,4.59722,0.01128,30956.496339460802,-7.672947995188005,True,4.67,[],"[[2, 1]]",
mmc_core,0.8,11,14,13,16,549387.0,4.79285,0.01037,27305.552738191498,5.0257714012875105,True,4.97,[],"[[2, 1]]",
mmc_core,1.0,12,12,14,14,514775.0,4.70523,0.01039,25165.9802940675,12.467636591129379,True,4.32,[],"[[2, 1]]",
mmc_core,1.1,13,12,15,14,531832.0,4.53596,0.01083,26125.9527905376,9.128658318013978,True,4.52,[],"[[2, 1]]",
mmc_core,1.2,13,11,16,13,549387.0,4.81808,0.01039,27502.2314712144,4.341683035462348,True,4.22,[],"[[2, 1]]",
mmc_core,1.3,14,11,16,12,501811.0,4.67896,0.01027,24113.4834366712,16.128433283004124,True,4.17,[],"[[2, 1]]",
mmc_core,1.4,14,10,17,12,536423.0,4.6915,0.01049,26399.433012204998,8.177438859506648,True,4.57,[],"[[2, 1]]",
mmc_core,1.5,15,10,17,11,485606.0,4.77459,0.009891,22932.97143428214,20.234492510349696,True,4.22,[],"[[2, 1]]",
mmc_core,1.6,16,10,17,11,485606.0,4.77459,0.009891,22932.97143428214,20.234492510349696,True,4.47,[],"[[2, 1]]",
mmc_core,1.9,17,9,19,10,508529.0,4.60428,0.01026,24022.8656162712,16.443620368660483,True,3.67,[],"[[2, 1]]",
mmc_core,1.8,16,9,19,11,567892.0,4.93758,0.01015,28460.723640803997,1.0078536382879641,True,3.97,[],"[[2, 1]]",
mmc_core,1.7,15,9,18,11,516977.0,4.84208,0.01004,25132.5696812864,12.583845451880876,True,4.92,[],"[[2, 1]]",
mmc_core,2.0,18,9,19,10,508529.0,4.60428,0.01026,24022.8656162712,16.443620368660483,True,4.07,[],"[[2, 1]]",
diffeq1,0.3,6,20,8,27,842529.0,21.5686,0.007918,143887.2498940692,-20.28310746763465,True,4.23,"[[6, 1], [6, 5], [6, 9], [6, 13], [6, 17]]",[],
diffeq1,0.2,6,28,8,40,1322650.0,21.8355,0.009492,274135.8329199,-129.16491819886403,True,4.82,"[[6, 1], [6, 5], [6, 9], [6, 13], [6, 17]]",[],
diffeq1,0.1,6,55,8,80,2535670.0,21.8667,0.01417,785680.23762813,-556.7924574790029,True,5.28,"[[6, 1], [6, 5], [6, 9], [6, 13], [6, 17]]",[],
diffeq1,0.5,10,20,11,22,821174.0,21.9583,0.008179,147480.3340765118,-23.286760196943057,True,4.62,"[[6, 1], [6, 5], [6, 9], [6, 13], [6, 17]]",[],
diffeq1,0.4,8,20,9,23,788696.0,21.9858,0.007688,133310.7850291584,-11.44167043335742,True,5.08,"[[6, 1], [6, 5], [6, 9], [6, 13], [6, 17]]",[],
diffeq1,0.6,12,20,13,22,827133.0,22.2736,0.008691,160116.2883562608,-33.84983543610514,True,4.42,"[[6, 1], [6, 5], [6, 9], [6, 13], [6, 17]]",[],
diffeq1,1.0,14,14,16,16,770676.0,22.2326,0.008196,140431.33962336963,-17.394125804595777,True,4.32,"[[6, 1], [6, 5], [6, 9], [14, 1], [14, 5]]",[],
diffeq1,0.8,14,17,16,20,940756.0,22.3083,0.009254,194210.6171101992,-62.35112246859762,True,5.17,"[[6, 1], [6, 5], [6, 9], [6, 13], [14, 1]]",[],
diffeq1,0.7,14,20,16,23,1144820.0,22.2682,0.01,254930.80724,-113.11040211439673,True,5.42,"[[6, 1], [6, 5], [6, 9], [6, 13], [6, 17]]",[],
diffeq1,0.9,14,15,16,18,971762.0,22.0562,0.008919,191164.2896806236,-59.804533178281694,True,5.48,"[[6, 1], [6, 5], [6, 9], [14, 1], [14, 5]]",[],
diffeq1,1.1,14,13,16,15,684932.0,22.3063,0.007908,120820.78589501281,-1.000606967142532,True,4.12,"[[6, 1], [6, 5], [6, 9], [14, 1], [14, 5]]",[],
diffeq1,1.2,14,12,17,14,739214.0,22.1934,0.007975,130835.23410110999,-9.372223984563187,True,4.12,"[[6, 1], [6, 5], [6, 9], [14, 1], [14, 5]]",[],
diffeq1,1.3,16,12,18,14,722273.0,22.5886,0.008046,131271.5833532388,-9.736991842909708,True,4.42,"[[6, 1], [6, 5], [6, 9], [14, 1], [14, 5]]",[],
diffeq1,1.4,17,12,19,14,802373.0,21.9891,0.008446,149016.6642942978,-24.571061431609625,True,4.37,"[[6, 1], [6, 5], [6, 9], [14, 1], [14, 5]]",[],
diffeq1,1.5,18,12,21,14,854977.0,22.0739,0.008773,165569.99356903188,-38.40888156901466,True,4.92,"[[6, 1], [6, 5], [6, 9], [14, 1], [14, 5]]",[],
diffeq1,1.6,19,12,22,14,979857.0,22.4267,0.009009,197972.4054679371,-65.49580411090714,True,5.02,"[[6, 1], [6, 5], [6, 9], [14, 1], [14, 5]]",[],
diffeq1,1.7,20,12,23,14,987087.0,22.3794,0.009188,202966.7312540664,-69.67083022130701,True,4.57,"[[6, 1], [6, 5], [6, 9], [14, 1], [14, 5]]",[],
diffeq1,1.8,22,12,25,14,1031820.0,21.9629,0.009601,217575.55274827802,-81.88313149926879,True,4.57,"[[6, 1], [6, 5], [6, 9], [14, 1], [14, 5]]",[],
diffeq1,1.9,23,12,26,14,1075950.0,22.4782,0.009707,234767.86504803004,-96.25511198739854,True,4.82,"[[6, 1], [6, 5], [6, 9], [14, 1], [14, 5]]",[],
diffeq1,2.0,22,11,24,12,931389.0,21.7058,0.008859,179098.3575925758,-49.71797021240174,True,4.57,"[[6, 1], [6, 5], [14, 1], [14, 5], [22, 1]]",[],
diffeq2,0.5,10,20,11,22,767287.0,18.5018,0.008129,115400.8335223414,-24.579958411665114,True,3.62,"[[6, 1], [6, 5], [6, 9], [6, 13], [6, 17]]",[],
diffeq2,0.6,12,20,13,22,733802.0,18.3008,0.008561,114967.06993573759,-24.111692733418202,True,3.47,"[[6, 1], [6, 5], [6, 9], [6, 13], [6, 17]]",[],
diffeq2,0.2,6,28,8,40,1111050.0,18.2204,0.009308,188429.06160936,-103.41694199547125,True,5.53,"[[6, 1], [6, 5], [6, 9], [6, 13], [6, 17]]",[],
diffeq2,0.4,8,20,9,23,593157.0,18.6171,0.00738,81496.33030308601,12.0213508865496,True,4.77,"[[6, 1], [6, 5], [6, 9], [6, 13], [6, 17]]",[],
diffeq2,0.1,6,55,8,80,2279890.0,18.5068,0.01396,589020.8167979199,-535.8722603687573,True,6.33,"[[6, 1], [6, 5], [6, 9], [6, 13], [6, 17]]",[],
diffeq2,0.3,6,20,8,27,731122.0,18.7012,0.007555,103298.447829052,-11.51493400644682,True,5.28,"[[6, 1], [6, 5], [6, 9], [6, 13], [6, 17]]",[],
diffeq2,0.8,14,17,16,20,834801.0,18.2975,0.00906,138389.42795535,-49.397094050918504,True,4.63,"[[6, 1], [6, 5], [6, 9], [6, 13], [14, 1]]",[],
diffeq2,0.7,14,20,16,23,971311.0,18.7195,0.00985,179097.19420532498,-93.3428063275275,True,5.08,"[[6, 1], [6, 5], [6, 9], [6, 13], [6, 17]]",[],
diffeq2,0.9,14,15,16,18,805653.0,18.3057,0.008603,126877.4063764263,-36.96939205118509,True,4.73,"[[6, 1], [6, 5], [6, 9], [14, 1], [14, 5]]",[],
diffeq2,1.0,14,14,16,16,707060.0,18.0095,0.008181,104175.19382967001,-12.461417467274154,True,4.83,"[[6, 1], [6, 5], [6, 9], [14, 1], [14, 5]]",[],
diffeq2,1.2,14,12,17,14,628845.0,18.2535,0.007735,88787.14277501249,4.150618181971636,True,3.98,"[[6, 1], [6, 5], [6, 9], [14, 1], [14, 5]]",[],
diffeq2,1.3,16,12,18,14,756202.0,17.8015,0.008291,111609.544425773,-20.487105495783435,True,4.32,"[[6, 1], [6, 5], [6, 9], [14, 1], [14, 5]]",[],
diffeq2,1.5,18,12,21,14,894824.0,18.1674,0.008857,143984.93238652323,-55.43767181843432,True,4.17,"[[6, 1], [6, 5], [6, 9], [14, 1], [14, 5]]",[],
diffeq2,1.4,17,12,19,14,711032.0,18.2377,0.00819,106204.548229416,-14.6521892234759,True,4.62,"[[6, 1], [6, 5], [6, 9], [14, 1], [14, 5]]",[],
diffeq2,1.1,14,13,16,15,635299.0,17.6958,0.00796,89487.307391832,3.3947616063966617,True,5.33,"[[6, 1], [6, 5], [6, 9], [14, 1], [14, 5]]",[],
diffeq2,1.8,22,12,25,14,915625.0,18.1597,0.009364,155699.67882625002,-68.08422366488891,True,4.57,"[[6, 1], [6, 5], [6, 9], [14, 1], [14, 5]]",[],
diffeq2,1.6,19,12,22,14,834291.0,18.2914,0.008842,134932.01821381078,-45.66467766651125,True,6.12,"[[6, 1], [6, 5], [6, 9], [14, 1], [14, 5]]",[],
diffeq2,1.7,20,12,23,14,836977.0,17.721,0.009142,135594.778610214,-46.38015484376083,True,4.79,"[[6, 1], [6, 5], [6, 9], [14, 1], [14, 5]]",[],
diffeq2,2.0,22,11,24,12,829414.0,18.4219,0.008605,131479.08010159302,-41.93708859034689,True,4.87,"[[6, 1], [6, 5], [14, 1], [14, 5], [22, 1]]",[],
diffeq2,1.9,23,12,26,14,1125630.0,18.0866,0.009945,202468.46050431003,-118.57305202581207,True,5.47,"[[6, 1], [6, 5], [6, 9], [14, 1], [14, 5]]",[],
raygentop,0.2,6,28,8,40,1404620.0,5.84093,0.0244,200184.60515704,-12.948331016800656,True,9.53,"[[6, 1], [6, 5], [6, 9], [6, 13], [6, 17], [6, 21]]","[[2, 1]]",
raygentop,0.3,7,24,9,30,1191140.0,5.22003,0.02523,156874.754257866,11.487990506578754,True,9.43,"[[6, 1], [6, 5], [6, 9], [6, 13], [6, 17], [6, 21]]","[[2, 1]]",
raygentop,0.4,10,24,11,28,1179390.0,5.29177,0.02595,161955.523096785,8.621314719058098,True,10.09,"[[6, 1], [6, 5], [6, 9], [6, 13], [6, 17], [6, 21]]","[[2, 1]]",
raygentop,0.1,6,55,8,80,2763670.0,6.20388,0.0307,526366.14511572,-196.98676153407933,True,10.99,"[[6, 1], [6, 5], [6, 9], [6, 13], [6, 17], [6, 21]]","[[2, 1]]",
raygentop,0.9,14,15,18,20,1230710.0,5.69696,0.02609,182924.96418934397,-3.2100814659864465,True,9.03,"[[6, 1], [6, 5], [6, 9], [14, 1], [14, 5], [14, 9]]","[[2, 1]]",
raygentop,0.7,14,20,16,23,1304750.0,5.12828,0.02879,192637.4406707,-8.690063344455645,True,10.24,"[[6, 1], [6, 5], [6, 9], [6, 13], [6, 17], [14, 1]]","[[2, 1]]",
raygentop,0.5,12,24,13,26,1276380.0,5.22787,0.02748,183367.134567288,-3.459563218964749,True,12.14,"[[6, 1], [6, 5], [6, 9], [6, 13], [6, 17], [6, 21]]","[[2, 1]]",
raygentop,0.8,14,17,17,21,1465570.0,5.37149,0.02758,217117.885048694,-22.502440839093403,True,10.74,"[[6, 1], [6, 5], [6, 9], [6, 13], [14, 1], [14, 5]]","[[2, 1]]",
raygentop,0.6,14,23,16,27,1550560.0,5.52989,0.02918,250201.757636512,-41.169052037467615,True,11.94,"[[6, 1], [6, 5], [6, 9], [6, 13], [6, 17], [14, 1]]","[[2, 1]]",
raygentop,1.0,14,14,19,19,1280900.0,5.84024,0.02577,192779.27323032,-8.770088233883845,True,11.74,"[[6, 1], [6, 5], [6, 9], [14, 1], [14, 5], [14, 9]]","[[2, 1]]",
raygentop,1.1,14,13,20,18,1381420.0,5.57607,0.02685,206822.72053088996,-16.693694212862344,True,10.23,"[[6, 1], [6, 5], [6, 9], [14, 1], [14, 5], [14, 9]]","[[2, 1]]",
raygentop,1.2,14,12,21,18,1404520.0,5.47265,0.02758,211992.19110524,-19.61041737024628,True,10.33,"[[6, 1], [6, 5], [6, 9], [14, 1], [14, 5], [14, 9]]","[[2, 1]]",
raygentop,1.3,16,12,22,17,1438830.0,5.29124,0.0285,216976.0532022,-22.422416352025778,True,9.73,"[[6, 1], [6, 5], [6, 9], [14, 1], [14, 5], [14, 9]]","[[2, 1]]",
raygentop,1.4,17,12,22,16,1296640.0,5.19738,0.02778,187213.05371289598,-5.629511044778885,True,9.98,"[[6, 1], [6, 5], [6, 9], [14, 1], [14, 5], [14, 9]]","[[2, 1]]",
raygentop,1.5,18,12,23,15,1407430.0,5.56669,0.02671,209265.54499395704,-18.071986743669058,True,9.79,"[[6, 1], [6, 5], [6, 9], [14, 1], [14, 5], [14, 9]]","[[2, 1]]",
raygentop,1.8,22,12,25,14,1375480.0,5.33435,0.02733,200528.18319953998,-13.142184917024153,True,9.83,"[[6, 1], [6, 5], [6, 9], [14, 1], [14, 5], [14, 9]]","[[2, 1]]",
raygentop,1.7,20,12,24,14,1316070.0,5.36133,0.02679,189027.174503349,-6.65307584579746,True,10.08,"[[6, 1], [6, 5], [6, 9], [14, 1], [14, 5], [14, 9]]","[[2, 1]]",
raygentop,1.9,23,12,26,14,1387830.0,5.66847,0.02632,207056.08999303202,-16.82536613258143,True,9.33,"[[6, 1], [6, 5], [6, 9], [14, 1], [14, 5], [14, 9]]","[[2, 1]]",
raygentop,1.6,19,12,24,15,1325870.0,5.39326,0.02725,194858.25458645,-9.943092892287627,True,11.04,"[[6, 1], [6, 5], [6, 9], [14, 1], [14, 5], [14, 9]]","[[2, 1]]",
raygentop,2.0,22,11,25,13,1264700.0,5.27045,0.02683,178836.38762545,-0.9032212618066129,True,10.84,"[[6, 1], [6, 5], [14, 1], [14, 5], [22, 1], [22, 5]]","[[2, 1]]",
mkSMAdapter4B,0.4,10,24,12,30,1166250.0,5.29989,0.03007,185862.57114487502,-2.6682781271740823,True,9.03,[],"[[2, 1], [2, 7], [2, 13], [2, 19], [10, 1]]",
mkSMAdapter4B,0.2,6,31,8,40,1302140.0,5.38842,0.02951,207056.242726788,-14.37541074190455,True,9.73,[],"[[2, 1], [2, 7], [2, 13], [2, 19], [2, 25]]",
mkSMAdapter4B,0.3,9,30,10,33,1251740.0,5.33316,0.02954,197201.055290736,-8.931522182484287,True,9.98,[],"[[2, 1], [2, 7], [2, 13], [2, 19], [2, 25]]",
mkSMAdapter4B,0.5,10,19,12,24,944515.0,5.05329,0.02948,140705.33386423797,22.27604373400059,True,8.93,[],"[[2, 1], [2, 7], [2, 13], [10, 1], [10, 7]]",
mkSMAdapter4B,0.6,11,18,13,22,977581.0,5.21351,0.02901,147853.1875431831,18.327654206179737,True,8.58,[],"[[2, 1], [2, 7], [2, 13], [10, 1], [10, 7]]",
mkSMAdapter4B,0.7,13,18,14,20,867555.0,5.19657,0.02846,128306.51074952101,29.125006449571504,True,8.98,[],"[[2, 1], [2, 7], [2, 13], [10, 1], [10, 7]]",
mkSMAdapter4B,0.1,5,46,6,60,1543610.0,5.4394,0.03034,254744.11317955996,-40.71762432896135,True,12.59,[],"[[2, 1], [2, 7], [2, 13], [2, 19], [2, 25]]",
mkSMAdapter4B,0.8,14,18,16,20,1009220.0,5.39272,0.02892,157395.390203328,13.056654721867321,True,9.48,[],"[[2, 1], [2, 7], [2, 13], [10, 1], [10, 7]]",
mkSMAdapter4B,0.9,16,18,18,20,1150890.0,5.3894,0.0299,185457.9363234,-2.444762654772946,True,10.03,[],"[[2, 1], [2, 7], [2, 13], [10, 1], [10, 7]]",
mkSMAdapter4B,1.0,18,18,20,20,1187150.0,5.23093,0.03171,196915.883004645,-8.773996396618928,True,11.14,[],"[[2, 1], [2, 7], [2, 13], [10, 1], [10, 7]]",
mkSMAdapter4B,1.1,18,16,20,18,1056600.0,5.32403,0.0303,170448.71396939998,5.846153615356163,True,9.63,[],"[[2, 1], [2, 7], [10, 1], [10, 7], [18, 1]]",
mkSMAdapter4B,1.3,18,14,20,15,1035580.0,5.3894,0.02868,160067.52115536,11.5806013019369,True,9.13,[],"[[2, 1], [2, 7], [10, 1], [10, 7], [18, 1]]",
mkSMAdapter4B,1.4,18,13,20,14,894139.0,5.23063,0.02847,133151.6356024179,26.44861699206014,True,8.38,[],"[[2, 1], [2, 7], [10, 1], [10, 7], [18, 1]]",
mkSMAdapter4B,1.2,18,15,20,17,1149030.0,5.38829,0.0298,184500.94438926,-1.9161316697686372,True,10.79,[],"[[2, 1], [2, 7], [10, 1], [10, 7], [18, 1]]",
mkSMAdapter4B,1.5,18,12,21,14,974710.0,5.09851,0.02979,148043.451039759,18.22255490908308,True,9.13,[],"[[2, 1], [2, 7], [10, 1], [10, 7], [18, 1]]",
mkSMAdapter4B,1.8,22,12,25,14,1142410.0,5.09017,0.03122,181546.20784483402,-0.28397027510466183,True,8.63,[],"[[2, 1], [2, 7], [10, 1], [10, 7], [18, 1]]",
mkSMAdapter4B,1.7,20,12,23,14,1011830.0,5.10617,0.03018,155927.26341139796,13.867630535186606,True,9.28,[],"[[2, 1], [2, 7], [10, 1], [10, 7], [18, 1]]",
mkSMAdapter4B,1.6,19,12,22,14,1025760.0,5.39763,0.02868,158791.78017158402,12.285305478435427,True,9.93,[],"[[2, 1], [2, 7], [10, 1], [10, 7], [18, 1]]",
mkSMAdapter4B,1.9,23,12,26,14,1230430.0,5.2428,0.03103,200171.37747612,-10.572292900213208,True,9.33,[],"[[2, 1], [2, 7], [10, 1], [10, 7], [18, 1]]",
mkSMAdapter4B,2.0,24,12,27,14,1241560.0,5.22479,0.03119,202326.10759615595,-11.762540242053833,True,8.78,[],"[[2, 1], [2, 7], [10, 1], [10, 7], [18, 1]]",
or1200,0.2,8,38,9,45,2695030.0,14.1637,0.0195,744346.1300145,33.23994916118983,True,25.17,"[[6, 1]]","[[2, 1], [2, 7]]",
or1200,0.1,6,55,8,80,4518700.0,14.5686,0.02538,1670794.1509716,-49.85273377840742,True,28.12,"[[6, 1]]","[[2, 1], [2, 7]]",
or1200,0.4,11,27,15,38,3197060.0,13.9809,0.02234,998548.3192803599,10.440675551216112,True,26.87,"[[6, 1]]","[[2, 1], [2, 7]]",
or1200,0.7,14,20,22,31,3736380.0,13.847,0.02494,1290337.0872684,-15.72972045083723,True,25.82,"[[6, 1]]","[[2, 1], [2, 7]]",
or1200,0.3,9,29,13,43,3292140.0,14.0968,0.0224,1039553.5170048,6.762938844657618,True,28.03,"[[6, 1]]","[[2, 1], [2, 7]]",
or1200,0.5,12,23,18,36,3598020.0,13.9661,0.0241,1211032.4016402,-8.61692086633297,True,27.78,"[[6, 1]]","[[2, 1], [2, 7]]",
or1200,0.9,16,18,25,28,3846530.0,13.8285,0.02546,1354261.7030733,-21.463088878376972,True,28.57,"[[6, 1]]","[[2, 1], [2, 7]]",
or1200,0.6,13,21,20,33,3601750.0,14.0472,0.0242,1224386.96292,-9.814685124141482,True,32.84,"[[6, 1]]","[[2, 1], [2, 7]]",
or1200,1.0,17,17,27,27,4016090.0,13.7632,0.02617,1446527.1195689598,-29.73833025807523,True,31.24,"[[6, 1]]","[[2, 1], [2, 7]]",
or1200,0.8,15,19,24,30,3802890.0,13.8298,0.02564,1348489.85624808,-20.945414678233014,True,35.64,"[[6, 1]]","[[2, 1], [2, 7]]",
or1200,1.1,18,16,28,25,3930710.0,13.6858,0.02586,1391136.3963394803,-24.770362602051435,True,25.91,"[[6, 1]]","[[2, 1], [2, 7]]",
or1200,1.3,20,15,30,23,3785360.0,13.7159,0.02531,1314085.56255944,-17.85970991923572,True,24.68,"[[6, 1]]","[[2, 1], [2, 7]]",
or1200,1.4,20,14,31,22,3818310.0,13.7349,0.02535,1329458.0875816501,-19.238464386574233,True,24.83,"[[6, 1]]","[[2, 1], [2, 7]]",
or1200,1.2,18,15,29,24,3905720.0,14.3374,0.02514,1407786.44998992,-26.263698005233582,True,26.53,"[[6, 1]]","[[2, 1], [2, 7]]",
or1200,1.5,21,14,32,21,3755830.0,14.0102,0.02483,1306552.84864078,-17.18410438588773,True,28.23,"[[6, 1]]","[[2, 1], [2, 7]]",
or1200,1.6,21,13,33,21,3975200.0,13.5815,0.02585,1395620.27198,-25.172519278422094,True,28.23,"[[6, 1]]","[[2, 1], [2, 7]]",
mkPktMerge,0.1,9,90,10,100,2461200.0,5.73094,0.07531,1062246.7613536802,-41.56444190791613,True,6.63,[],"[[2, 1], [2, 7], [2, 13], [2, 19], [2, 25], [2, 31], [2, 37], [2, 43], [2, 49], [2, 55], [2, 61], [2, 67], [2, 73], [2, 79], [2, 85]]",
mkPktMerge,0.2,10,48,12,60,1775820.0,5.00363,0.07615,676634.34515559,9.82569499613045,True,5.27,[],"[[2, 1], [2, 7], [2, 13], [2, 19], [2, 25], [2, 31], [2, 37], [2, 43], [10, 1], [10, 7], [10, 13], [10, 19], [10, 25], [10, 31], [10, 37]]",
mkPktMerge,0.3,14,48,15,50,1894360.0,4.31839,0.08893,727499.448985972,3.0469593027779984,True,5.83,[],"[[2, 1], [2, 7], [2, 13], [2, 19], [2, 25], [2, 31], [2, 37], [2, 43], [10, 1], [10, 7], [10, 13], [10, 19], [10, 25], [10, 31], [10, 37]]",
mkPktMerge,0.4,18,44,20,50,2963220.0,4.0505,0.1041,1249462.603701,-66.51448854721525,True,7.13,[],"[[2, 1], [2, 7], [2, 13], [2, 19], [2, 25], [2, 31], [2, 37], [10, 1], [10, 7], [10, 13], [10, 19], [10, 25], [10, 31], [10, 37], [18, 1]]",
mkPktMerge,0.5,18,35,20,40,2059190.0,4.26426,0.09246,811884.006457524,-8.198876616630665,True,5.53,[],"[[2, 1], [2, 7], [2, 13], [2, 19], [2, 25], [10, 1], [10, 7], [10, 13], [10, 19], [10, 25], [18, 1], [18, 7], [18, 13], [18, 19], [18, 25]]",
mkPktMerge,0.6,18,30,20,33,1672060.0,4.46954,0.0841,628507.81430684,16.239464120627677,True,5.53,[],"[[2, 1], [2, 7], [2, 13], [2, 19], [2, 25], [10, 1], [10, 7], [10, 13], [10, 19], [10, 25], [18, 1], [18, 7], [18, 13], [18, 19], [18, 25]]",
mkPktMerge,0.7,21,30,23,33,1955450.0,4.12209,0.09425,759705.978929625,-1.245169045491722,True,5.47,[],"[[2, 1], [2, 7], [2, 13], [2, 19], [2, 25], [10, 1], [10, 7], [10, 13], [10, 19], [10, 25], [18, 1], [18, 7], [18, 13], [18, 19], [18, 25]]",
or1200,1.8,22,12,34,19,3593470.0,14.3831,0.02416,1248715.3587051202,-11.99668738619351,True,29.63,"[[6, 1]]","[[2, 1], [2, 7]]",
mkPktMerge,0.9,26,29,28,31,2175730.0,4.28419,0.09394,875637.3521752779,-16.695213941109714,True,6.43,[],"[[2, 1], [2, 7], [2, 13], [2, 19], [10, 1], [10, 7], [10, 13], [10, 19], [18, 1], [18, 7], [18, 13], [18, 19], [26, 1], [26, 7], [26, 13]]",
or1200,2.0,24,12,35,18,3580680.0,14.0146,0.0239,1199344.9704792,-7.568680716997787,True,27.63,"[[6, 1]]","[[2, 1], [2, 7]]",
mkPktMerge,0.8,24,30,26,33,2063490.0,3.98103,0.1003,823946.00414841,-9.806365604621393,True,7.93,[],"[[2, 1], [2, 7], [2, 13], [2, 19], [2, 25], [10, 1], [10, 7], [10, 13], [10, 19], [10, 25], [18, 1], [18, 7], [18, 13], [18, 19], [18, 25]]",
mkPktMerge,1.1,26,24,29,26,2033360.0,4.37581,0.08934,794911.3179097441,-5.9369453315859255,True,5.58,[],"[[2, 1], [2, 7], [2, 13], [2, 19], [10, 1], [10, 7], [10, 13], [10, 19], [18, 1], [18, 7], [18, 13], [18, 19], [26, 1], [26, 7], [26, 13]]",
mkPktMerge,1.0,26,26,28,28,2028020.0,4.24581,0.09246,796134.9291446519,-6.100014637027938,True,5.93,[],"[[2, 1], [2, 7], [2, 13], [2, 19], [10, 1], [10, 7], [10, 13], [10, 19], [18, 1], [18, 7], [18, 13], [18, 19], [26, 1], [26, 7], [26, 13]]",
or1200,1.7,22,13,34,20,3892080.0,13.7358,0.02537,1356301.3196116798,-21.646021116892488,True,35.85,"[[6, 1]]","[[2, 1], [2, 7]]",
mkPktMerge,1.2,29,24,31,26,2186030.0,4.54085,0.08834,876901.20831467,-16.863646640115483,True,6.38,[],"[[2, 1], [2, 7], [2, 13], [2, 19], [10, 1], [10, 7], [10, 13], [10, 19], [18, 1], [18, 7], [18, 13], [18, 19], [26, 1], [26, 7], [26, 13]]",
mkPktMerge,1.3,31,24,34,26,2415190.0,4.70184,0.08808,1000222.118520768,-33.29848689009185,True,6.48,[],"[[2, 1], [2, 7], [2, 13], [2, 19], [10, 1], [10, 7], [10, 13], [10, 19], [18, 1], [18, 7], [18, 13], [18, 19], [26, 1], [26, 7], [26, 13]]",
or1200,1.9,23,12,35,18,3580680.0,14.0146,0.0239,1199344.9704792,-7.568680716997787,True,32.74,"[[6, 1]]","[[2, 1], [2, 7]]",
mkPktMerge,1.4,34,24,36,26,2567970.0,4.11988,0.1005,1063262.6884818,-41.699833383930724,True,6.58,[],"[[2, 1], [2, 7], [2, 13], [2, 19], [10, 1], [10, 7], [10, 13], [10, 19], [18, 1], [18, 7], [18, 13], [18, 19], [26, 1], [26, 7], [26, 13]]",
mkPktMerge,1.6,34,21,36,23,2061990.0,4.55414,0.08806,826935.4556651161,-10.204766476217324,True,5.53,[],"[[2, 1], [2, 7], [2, 13], [10, 1], [10, 7], [10, 13], [18, 1], [18, 7], [18, 13], [26, 1], [26, 7], [26, 13], [34, 1], [34, 7], [34, 13]]",
mkPktMerge,1.7,34,20,36,21,1941270.0,4.25731,0.09105,752490.7541258851,-0.2836040779695383,True,5.52,[],"[[2, 1], [2, 7], [2, 13], [10, 1], [10, 7], [10, 13], [18, 1], [18, 7], [18, 13], [26, 1], [26, 7], [26, 13], [34, 1], [34, 7], [34, 13]]",
mkPktMerge,1.5,34,23,36,24,2249130.0,5.12171,0.08034,925467.922132182,-23.33607845823274,True,6.48,[],"[[2, 1], [2, 7], [2, 13], [10, 1], [10, 7], [10, 13], [18, 1], [18, 7], [18, 13], [26, 1], [26, 7], [26, 13], [34, 1], [34, 7], [34, 13]]",
custom_macbuf,0.2,6,28,8,40,886759.0,13.6772,0.008464,102654.60996878718,-130.66787617512594,True,2.73,"[[6, 1], [6, 5], [6, 9]]","[[2, 1]]",
custom_macbuf,0.3,6,19,8,27,559760.0,13.4886,0.006919,52241.070474383996,-17.38719555902283,True,2.07,"[[6, 1], [6, 5], [6, 9]]","[[2, 1]]",
mkPktMerge,1.8,34,19,36,20,2010240.0,4.49168,0.08646,780678.0162846718,-4.04008908841635,True,5.27,[],"[[2, 1], [2, 7], [2, 13], [10, 1], [10, 7], [10, 13], [18, 1], [18, 7], [18, 13], [26, 1], [26, 7], [26, 13], [34, 1], [34, 7], [34, 13]]",
custom_macbuf,0.1,6,55,8,80,1747130.0,13.7348,0.01303,312674.14904572,-602.5878517990644,True,3.62,"[[6, 1], [6, 5], [6, 9]]","[[2, 1]]",
mkPktMerge,1.9,34,18,38,20,2132250.0,4.41971,0.08945,842970.238618875,-12.341704128134214,True,5.42,[],"[[2, 1], [2, 7], [2, 13], [10, 1], [10, 7], [10, 13], [18, 1], [18, 7], [18, 13], [26, 1], [26, 7], [26, 13], [34, 1], [34, 7], [34, 13]]",
custom_macbuf,0.5,6,12,8,16,313186.0,13.6276,0.005582,23823.8282645552,46.46716918200951,True,1.62,"[[6, 1], [6, 5], [6, 9]]","[[2, 1]]",
custom_macbuf,0.4,6,14,8,20,402817.0,13.5296,0.006054,32994.0147548928,25.86149504327217,True,2.22,"[[6, 1], [6, 5], [6, 9]]","[[2, 1]]",
custom_macbuf,0.6,7,12,9,15,297919.0,14.0336,0.005514,23053.3506962976,48.198454551118544,True,2.12,"[[6, 1], [6, 5], [6, 9]]","[[2, 1]]",
custom_macbuf,0.7,8,12,10,14,312678.0,13.8049,0.005683,24530.604271662596,44.879023062311916,True,1.97,"[[6, 1], [6, 5], [6, 9]]","[[2, 1]]",
mkPktMerge,2.0,36,18,39,20,2192780.0,4.26094,0.09307,869581.304508524,-15.888131218617607,True,5.98,[],"[[2, 1], [2, 7], [2, 13], [10, 1], [10, 7], [10, 13], [18, 1], [18, 7], [18, 13], [26, 1], [26, 7], [26, 13], [34, 1], [34, 7], [34, 13]]",
custom_macbuf,0.8,10,12,11,14,350243.0,13.7912,0.005983,28899.512958152798,35.061958945832664,True,1.77,"[[6, 1], [6, 5], [6, 9]]","[[2, 1]]",
custom_macbuf,0.9,11,12,13,14,425479.0,14.1379,0.006341,38143.521752548106,14.290403955796748,True,1.97,"[[6, 1], [6, 5], [6, 9]]","[[2, 1]]",
custom_macbuf,1.1,13,12,15,14,500498.0,13.755,0.006894,47460.70883106,-6.645584754112495,True,2.12,"[[6, 1], [6, 5], [6, 9]]","[[2, 1]]",
custom_macbuf,1.2,14,12,17,14,575733.0,14.1224,0.007225,58744.53667122,-32.00067210778194,True,2.02,"[[6, 1], [6, 5], [6, 9]]","[[2, 1]]",
custom_macbuf,1.0,12,12,14,14,505734.0,13.9859,0.006684,47276.9021866104,-6.232565910487672,True,2.37,"[[6, 1], [6, 5], [6, 9]]","[[2, 1]]",
custom_macbuf,1.4,14,10,16,11,407642.0,13.6037,0.006473,35895.629724264196,19.341482326197298,True,2.12,"[[6, 1], [6, 5], [14, 1]]","[[2, 1]]",
custom_macbuf,1.5,14,9,16,11,407642.0,13.6037,0.006473,35895.629724264196,19.341482326197298,True,1.97,"[[6, 1], [6, 5], [14, 1]]","[[2, 1]]",
custom_macbuf,1.3,14,11,16,12,510366.0,14.1042,0.00666,47940.70555375201,-7.724151265914067,True,2.57,"[[6, 1], [6, 5], [14, 1]]","[[2, 1]]",
custom_macbuf,1.6,14,9,16,10,411929.0,13.7262,0.006239,35276.6775805122,20.732285686092432,True,2.17,"[[6, 1], [6, 5], [14, 1]]","[[2, 1]]",
custom_macbuf,1.8,14,8,18,10,415584.0,13.9931,0.00635,36927.20878704,17.023494350892808,True,2.07,"[[6, 1], [6, 5], [14, 1]]","[[2, 1]]",
custom_macbuf,1.7,14,8,17,10,407543.0,13.3804,0.006416,34987.0148997952,21.38316610333332,True,2.28,"[[6, 1], [6, 5], [14, 1]]","[[2, 1]]",
custom_macbuf,1.9,15,8,19,10,461231.0,14.1874,0.006482,42416.060444690804,4.689886002513739,True,2.52,"[[6, 1], [6, 5], [14, 1]]","[[2, 1]]",
custom_macbuf,2.0,16,8,19,10,461231.0,14.1874,0.006482,42416.060444690804,4.689886002513739,True,2.67,"[[6, 1], [6, 5], [14, 1]]","[[2, 1]]",
mkDelayWorker32B,0.1,13,132,14,140,4786340.0,8.03645,0.1375,5288962.537787501,37.59810486773739,True,23.06,[],"[[2, 1], [2, 7], [2, 13], [2, 19], [2, 25], [2, 31], [2, 37], [2, 43], [2, 49], [2, 55], [2, 61], [2, 67], [2, 73], [2, 79], [2, 85], [2, 91], [2, 97], [2, 103], [2, 109], [2, 115], [2, 121], [2, 127], [10, 1], [10, 7], [10, 13], [10, 19], [10, 25], [10, 31], [10, 37], [10, 43], [10, 49], [10, 55], [10, 61], [10, 67], [10, 73], [10, 79], [10, 85], [10, 91], [10, 97], [10, 103], [10, 109], [10, 115], [10, 121]]",
mkDelayWorker32B,0.2,18,90,20,100,5718770.0,7.21893,0.1551,6403055.389027109,24.45346548450213,True,25.82,[],"[[2, 1], [2, 7], [2, 13], [2, 19], [2, 25], [2, 31], [2, 37], [2, 43], [2, 49], [2, 55], [2, 61], [2, 67], [2, 73], [2, 79], [2, 85], [10, 1], [10, 7], [10, 13], [10, 19], [10, 25], [10, 31], [10, 37], [10, 43], [10, 49], [10, 55], [10, 61], [10, 67], [10, 73], [10, 79], [10, 85], [18, 1], [18, 7], [18, 13], [18, 19], [18, 25], [18, 31], [18, 37], [18, 43], [18, 49], [18, 55], [18, 61], [18, 67], [18, 73]]",
mkDelayWorker32B,0.4,26,66,28,70,5895350.0,6.97939,0.1644,6764393.6599206,20.19021106996034,True,29.2,[],"[[2, 1], [2, 7], [2, 13], [2, 19], [2, 25], [2, 31], [2, 37], [2, 43], [2, 49], [2, 55], [2, 61], [10, 1], [10, 7], [10, 13], [10, 19], [10, 25], [10, 31], [10, 37], [10, 43], [10, 49], [10, 55], [10, 61], [18, 1], [18, 7], [18, 13], [18, 19], [18, 25], [18, 31], [18, 37], [18, 43], [18, 49], [18, 55], [18, 61], [26, 1], [26, 7], [26, 13], [26, 19], [26, 25], [26, 31], [26, 37], [26, 43], [26, 49], [26, 55]]",
mkDelayWorker32B,0.7,38,54,39,56,5417330.0,7.09735,0.1661,6386326.923240549,24.65083651148113,True,30.95,[],"[[2, 1], [2, 7], [2, 13], [2, 19], [2, 25], [2, 31], [2, 37], [2, 43], [2, 49], [10, 1], [10, 7], [10, 13], [10, 19], [10, 25], [10, 31], [10, 37], [10, 43], [10, 49], [18, 1], [18, 7], [18, 13], [18, 19], [18, 25], [18, 31], [18, 37], [18, 43], [18, 49], [26, 1], [26, 7], [26, 13], [26, 19], [26, 25], [26, 31], [26, 37], [26, 43], [26, 49], [34, 1], [34, 7], [34, 13], [34, 19], [34, 25], [34, 31], [34, 37]]",
mkDelayWorker32B,0.9,43,48,45,50,6348410.0,7.39512,0.1649,7741602.14489208,8.660603710128909,True,30.39,[],"[[2, 1], [2, 7], [2, 13], [2, 19], [2, 25], [2, 31], [2, 37], [2, 43], [10, 1], [10, 7], [10, 13], [10, 19], [10, 25], [10, 31], [10, 37], [10, 43], [18, 1], [18, 7], [18, 13], [18, 19], [18, 25], [18, 31], [18, 37], [18, 43], [26, 1], [26, 7], [26, 13], [26, 19], [26, 25], [26, 31], [26, 37], [26, 43], [34, 1], [34, 7], [34, 13], [34, 19], [34, 25], [34, 31], [34, 37], [34, 43], [42, 1], [42, 7], [42, 13]]",
mkDelayWorker32B,0.6,34,56,36,60,6342760.0,7.59696,0.1582,7622976.79231872,10.060206516619399,True,32.24,[],"[[2, 1], [2, 7], [2, 13], [2, 19], [2, 25], [2, 31], [2, 37], [2, 43], [2, 49], [10, 1], [10, 7], [10, 13], [10, 19], [10, 25], [10, 31], [10, 37], [10, 43], [10, 49], [18, 1], [18, 7], [18, 13], [18, 19], [18, 25], [18, 31], [18, 37], [18, 43], [18, 49], [26, 1], [26, 7], [26, 13], [26, 19], [26, 25], [26, 31], [26, 37], [26, 43], [26, 49], [34, 1], [34, 7], [34, 13], [34, 19], [34, 25], [34, 31], [34, 37]]",
mkDelayWorker32B,0.8,42,52,44,55,6048740.0,8.11882,0.1538,7552907.491909839,10.886920093217185,True,32.05,[],"[[2, 1], [2, 7], [2, 13], [2, 19], [2, 25], [2, 31], [2, 37], [2, 43], [10, 1], [10, 7], [10, 13], [10, 19], [10, 25], [10, 31], [10, 37], [10, 43], [18, 1], [18, 7], [18, 13], [18, 19], [18, 25], [18, 31], [18, 37], [18, 43], [26, 1], [26, 7], [26, 13], [26, 19], [26, 25], [26, 31], [26, 37], [26, 43], [34, 1], [34, 7], [34, 13], [34, 19], [34, 25], [34, 31], [34, 37], [34, 43], [42, 1], [42, 7], [42, 13]]",
mkDelayWorker32B,0.3,26,85,28,93,6474300.0,7.41841,0.1684,8088085.5977292,4.5726140648003035,True,35.79,[],"[[2, 1], [2, 7], [2, 13], [2, 19], [2, 25], [2, 31], [2, 37], [2, 43], [2, 49], [2, 55], [2, 61], [2, 67], [2, 73], [2, 79], [10, 1], [10, 7], [10, 13], [10, 19], [10, 25], [10, 31], [10, 37], [10, 43], [10, 49], [10, 55], [10, 61], [10, 67], [10, 73], [10, 79], [18, 1], [18, 7], [18, 13], [18, 19], [18, 25], [18, 31], [18, 37], [18, 43], [18, 49], [18, 55], [18, 61], [18, 67], [18, 73], [18, 79], [26, 1]]",
mkDelayWorker32B,1.0,48,48,50,50,7102470.0,6.93198,0.1798,8852305.56230988,-4.444045392896367,True,35.1,[],"[[2, 1], [2, 7], [2, 13], [2, 19], [2, 25], [2, 31], [2, 37], [2, 43], [10, 1], [10, 7], [10, 13], [10, 19], [10, 25], [10, 31], [10, 37], [10, 43], [18, 1], [18, 7], [18, 13], [18, 19], [18, 25], [18, 31], [18, 37], [18, 43], [26, 1], [26, 7], [26, 13], [26, 19], [26, 25], [26, 31], [26, 37], [26, 43], [34, 1], [34, 7], [34, 13], [34, 19], [34, 25], [34, 31], [34, 37], [34, 43], [42, 1], [42, 7], [42, 13]]",
mkDelayWorker32B,0.5,33,66,34,68,5742790.0,7.32051,0.1643,6907196.9116424695,18.505344997488223,True,37.79,[],"[[2, 1], [2, 7], [2, 13], [2, 19], [2, 25], [2, 31], [2, 37], [2, 43], [2, 49], [2, 55], [2, 61], [10, 1], [10, 7], [10, 13], [10, 19], [10, 25], [10, 31], [10, 37], [10, 43], [10, 49], [10, 55], [10, 61], [18, 1], [18, 7], [18, 13], [18, 19], [18, 25], [18, 31], [18, 37], [18, 43], [18, 49], [18, 55], [18, 61], [26, 1], [26, 7], [26, 13], [26, 19], [26, 25], [26, 31], [26, 37], [26, 43], [26, 49], [26, 55]]",
mkDelayWorker32B,1.1,50,45,52,47,6114680.0,7.50164,0.166,7614441.260483201,10.160913102966482,True,32.64,[],"[[2, 1], [2, 7], [2, 13], [2, 19], [2, 25], [2, 31], [2, 37], [10, 1], [10, 7], [10, 13], [10, 19], [10, 25], [10, 31], [10, 37], [18, 1], [18, 7], [18, 13], [18, 19], [18, 25], [18, 31], [18, 37], [26, 1], [26, 7], [26, 13], [26, 19], [26, 25], [26, 31], [26, 37], [34, 1], [34, 7], [34, 13], [34, 19], [34, 25], [34, 31], [34, 37], [42, 1], [42, 7], [42, 13], [42, 19], [42, 25], [42, 31], [42, 37], [50, 1]]",
lightweight_cipher,0.1,3,26,4,40,527701.0,3.87896,0.01941,39730.932087333604,-11.701104017693352,True,3.32,[],"[[2, 1], [2, 7], [2, 13]]",
mkDelayWorker32B,1.3,55,42,57,44,7452520.0,7.40244,0.1709,9428011.61422992,-11.236520934602812,True,30.28,[],"[[2, 1], [2, 7], [2, 13], [2, 19], [2, 25], [2, 31], [2, 37], [10, 1], [10, 7], [10, 13], [10, 19], [10, 25], [10, 31], [10, 37], [18, 1], [18, 7], [18, 13], [18, 19], [18, 25], [18, 31], [18, 37], [26, 1], [26, 7], [26, 13], [26, 19], [26, 25], [26, 31], [26, 37], [34, 1], [34, 7], [34, 13], [34, 19], [34, 25], [34, 31], [34, 37], [42, 1], [42, 7], [42, 13], [42, 19], [42, 25], [42, 31], [42, 37], [50, 1]]",
mkDelayWorker32B,1.6,58,36,60,38,6428450.0,7.90757,0.1559,7924929.923337351,6.497608467935703,True,28.93,[],"[[2, 1], [2, 7], [2, 13], [2, 19], [2, 25], [2, 31], [10, 1], [10, 7], [10, 13], [10, 19], [10, 25], [10, 31], [18, 1], [18, 7], [18, 13], [18, 19], [18, 25], [18, 31], [26, 1], [26, 7], [26, 13], [26, 19], [26, 25], [26, 31], [34, 1], [34, 7], [34, 13], [34, 19], [34, 25], [34, 31], [42, 1], [42, 7], [42, 13], [42, 19], [42, 25], [42, 31], [50, 1], [50, 7], [50, 13], [50, 19], [50, 25], [50, 31], [58, 1]]",
lightweight_cipher,0.2,4,18,5,25,358782.0,3.80081,0.01886,25718.669345101196,27.693522180677142,True,3.08,[],"[[2, 1], [2, 7], [2, 13]]",
lightweight_cipher,0.3,5,18,6,20,324142.0,3.29827,0.02151,22996.5095166534,35.346709311597024,True,2.37,[],"[[2, 1], [2, 7], [2, 13]]",
mkDelayWorker32B,1.5,58,39,60,40,6493350.0,6.97385,0.1752,7933695.286842,6.394190209571164,True,29.97,[],"[[2, 1], [2, 7], [2, 13], [2, 19], [2, 25], [2, 31], [10, 1], [10, 7], [10, 13], [10, 19], [10, 25], [10, 31], [18, 1], [18, 7], [18, 13], [18, 19], [18, 25], [18, 31], [26, 1], [26, 7], [26, 13], [26, 19], [26, 25], [26, 31], [34, 1], [34, 7], [34, 13], [34, 19], [34, 25], [34, 31], [42, 1], [42, 7], [42, 13], [42, 19], [42, 25], [42, 31], [50, 1], [50, 7], [50, 13], [50, 19], [50, 25], [50, 31], [58, 1]]",
mkDelayWorker32B,1.7,61,36,64,38,6883500.0,7.52225,0.1653,8559136.1217375,-0.9850818332424447,True,29.89,[],"[[2, 1], [2, 7], [2, 13], [2, 19], [2, 25], [2, 31], [10, 1], [10, 7], [10, 13], [10, 19], [10, 25], [10, 31], [18, 1], [18, 7], [18, 13], [18, 19], [18, 25], [18, 31], [26, 1], [26, 7], [26, 13], [26, 19], [26, 25], [26, 31], [34, 1], [34, 7], [34, 13], [34, 19], [34, 25], [34, 31], [42, 1], [42, 7], [42, 13], [42, 19], [42, 25], [42, 31], [50, 1], [50, 7], [50, 13], [50, 19], [50, 25], [50, 31], [58, 1]]",
mkDelayWorker32B,1.4,59,42,61,44,8006560.0,8.56909,0.1558,10689271.79729632,-26.117516047707166,True,31.1,[],"[[2, 1], [2, 7], [2, 13], [2, 19], [2, 25], [2, 31], [2, 37], [10, 1], [10, 7], [10, 13], [10, 19], [10, 25], [10, 31], [10, 37], [18, 1], [18, 7], [18, 13], [18, 19], [18, 25], [18, 31], [18, 37], [26, 1], [26, 7], [26, 13], [26, 19], [26, 25], [26, 31], [26, 37], [34, 1], [34, 7], [34, 13], [34, 19], [34, 25], [34, 31], [34, 37], [42, 1], [42, 7], [42, 13], [42, 19], [42, 25], [42, 31], [42, 37], [50, 1]]",
lightweight_cipher,0.4,7,18,8,20,400558.0,3.42245,0.0223,30570.84091433,14.051936325737916,True,2.47,[],"[[2, 1], [2, 7], [2, 13]]",
lightweight_cipher,0.5,9,18,10,20,507503.0,3.43506,0.02376,41420.8853430768,-16.452305021230615,True,2.82,[],"[[2, 1], [2, 7], [2, 13]]",
lightweight_cipher,0.7,10,14,12,17,543466.0,3.44376,0.02404,44992.4579907264,-26.493564736580783,True,2.57,[],"[[2, 1], [2, 7], [10, 1]]",
lightweight_cipher,0.6,10,16,12,20,601205.0,3.47595,0.02482,51867.806460194995,-45.8231896459052,True,3.58,[],"[[2, 1], [2, 7], [10, 1]]",
mkDelayWorker32B,2.0,66,33,68,34,5742390.0,8.17476,0.1507,7074258.87351348,16.53426220936436,True,27.69,[],"[[2, 1], [2, 7], [2, 13], [2, 19], [2, 25], [10, 1], [10, 7], [10, 13], [10, 19], [10, 25], [18, 1], [18, 7], [18, 13], [18, 19], [18, 25], [26, 1], [26, 7], [26, 13], [26, 19], [26, 25], [34, 1], [34, 7], [34, 13], [34, 19], [34, 25], [42, 1], [42, 7], [42, 13], [42, 19], [42, 25], [50, 1], [50, 7], [50, 13], [50, 19], [50, 25], [58, 1], [58, 7], [58, 13], [58, 19], [58, 25], [66, 1], [66, 7], [66, 13]]",
lightweight_cipher,0.8,10,12,12,15,455220.0,3.59406,0.02218,36288.431689175995,-2.0227230974998385,True,3.22,[],"[[2, 1], [2, 7], [10, 1]]",
lightweight_cipher,0.9,11,12,13,14,442405.0,3.71144,0.02168,35597.684414176,-0.08072906008054884,True,3.18,[],"[[2, 1], [2, 7], [10, 1]]",
mkDelayWorker32B,1.2,50,42,53,44,6898480.0,7.8655,0.159,8627339.11596,-1.7897757713770692,True,40.7,[],"[[2, 1], [2, 7], [2, 13], [2, 19], [2, 25], [2, 31], [2, 37], [10, 1], [10, 7], [10, 13], [10, 19], [10, 25], [10, 31], [10, 37], [18, 1], [18, 7], [18, 13], [18, 19], [18, 25], [18, 31], [18, 37], [26, 1], [26, 7], [26, 13], [26, 19], [26, 25], [26, 31], [26, 37], [34, 1], [34, 7], [34, 13], [34, 19], [34, 25], [34, 31], [34, 37], [42, 1], [42, 7], [42, 13], [42, 19], [42, 25], [42, 31], [42, 37], [50, 1]]",
mkDelayWorker32B,1.9,66,35,68,36,6619080.0,7.84157,0.1598,8294255.86906488,2.1401113651950334,True,29.84,[],"[[2, 1], [2, 7], [2, 13], [2, 19], [2, 25], [10, 1], [10, 7], [10, 13], [10, 19], [10, 25], [18, 1], [18, 7], [18, 13], [18, 19], [18, 25], [26, 1], [26, 7], [26, 13], [26, 19], [26, 25], [34, 1], [34, 7], [34, 13], [34, 19], [34, 25], [42, 1], [42, 7], [42, 13], [42, 19], [42, 25], [50, 1], [50, 7], [50, 13], [50, 19], [50, 25], [58, 1], [58, 7], [58, 13], [58, 19], [58, 25], [66, 1], [66, 7], [66, 13]]",
lightweight_cipher,1.0,12,12,14,14,481570.0,3.70191,0.02214,39469.615603218,-10.966428583712265,True,3.18,[],"[[2, 1], [2, 7], [10, 1]]",
mkDelayWorker32B,1.8,65,36,68,38,7338150.0,7.49757,0.1699,9347608.03090545,-10.287878183018762,True,31.55,[],"[[2, 1], [2, 7], [2, 13], [2, 19], [2, 25], [2, 31], [10, 1], [10, 7], [10, 13], [10, 19], [10, 25], [10, 31], [18, 1], [18, 7], [18, 13], [18, 19], [18, 25], [18, 31], [26, 1], [26, 7], [26, 13], [26, 19], [26, 25], [26, 31], [34, 1], [34, 7], [34, 13], [34, 19], [34, 25], [34, 31], [42, 1], [42, 7], [42, 13], [42, 19], [42, 25], [42, 31], [50, 1], [50, 7], [50, 13], [50, 19], [50, 25], [50, 31], [58, 1]]",
lightweight_cipher,1.1,13,12,15,14,498347.0,3.59635,0.02311,41418.4406950295,-16.445432041628283,True,3.33,[],"[[2, 1], [2, 7], [10, 1]]",
lightweight_cipher,1.2,14,12,17,14,599504.0,3.62808,0.02381,51787.90412593921,-45.59854908297194,True,3.27,[],"[[2, 1], [2, 7], [10, 1]]",
lightweight_cipher,1.3,16,12,18,14,638669.0,3.62919,0.02425,56207.8903416675,-58.02507204887124,True,2.97,[],"[[2, 1], [2, 7], [10, 1]]",
lightweight_cipher,1.6,18,11,20,13,658969.0,3.57361,0.02486,58542.7694531174,-64.58944295070445,True,2.97,[],"[[2, 1], [10, 1], [18, 1]]",
lightweight_cipher,1.7,19,11,20,12,552545.0,3.48702,0.02452,47243.553623868,-32.822383474550655,True,2.77,[],"[[2, 1], [10, 1], [18, 1]]",
lightweight_cipher,1.4,17,12,19,14,677943.0,3.43329,0.02579,60028.1572505013,-68.76552058456113,True,3.28,[],"[[2, 1], [2, 7], [10, 1]]",
lightweight_cipher,1.5,18,12,21,14,756592.0,3.72508,0.02492,70233.6739258112,-97.45771127360167,True,3.43,[],"[[2, 1], [2, 7], [10, 1]]",
lightweight_cipher,1.8,18,10,20,11,519909.0,3.39128,0.02438,42985.767502017596,-20.8518762275403,True,2.94,[],"[[2, 1], [10, 1], [18, 1]]",
lightweight_cipher,1.9,19,10,20,11,519909.0,3.39128,0.02438,42985.767502017596,-20.8518762275403,True,2.87,[],"[[2, 1], [10, 1], [18, 1]]",
lightweight_cipher,2.0,18,9,20,10,485471.0,3.59642,0.02261,39476.101648470205,-10.984663706255764,True,3.13,[],"[[2, 1], [10, 1], [18, 1]]",
reduction_layer,0.3,20,66,21,70,9214050.0,7.57497,0.1374,9589991.3299359,17.49973712703505,True,89.23,[],"[[2, 1], [2, 7], [2, 13], [2, 19], [2, 25], [2, 31], [2, 37], [2, 43], [2, 49], [2, 55], [2, 61], [10, 1], [10, 7], [10, 13], [10, 19], [10, 25], [10, 31], [10, 37], [10, 43], [10, 49], [10, 55], [10, 61], [18, 1], [18, 7], [18, 13], [18, 19], [18, 25], [18, 31], [18, 37], [18, 43], [18, 49], [18, 55]]",
reduction_layer,0.5,26,51,28,56,9235830.0,7.09956,0.1438,9429013.343964241,18.884589907659112,True,116.73,[],"[[2, 1], [2, 7], [2, 13], [2, 19], [2, 25], [2, 31], [2, 37], [2, 43], [10, 1], [10, 7], [10, 13], [10, 19], [10, 25], [10, 31], [10, 37], [10, 43], [18, 1], [18, 7], [18, 13], [18, 19], [18, 25], [18, 31], [18, 37], [18, 43], [26, 1], [26, 7], [26, 13], [26, 19], [26, 25], [26, 31], [26, 37], [26, 43]]",
reduction_layer,0.2,18,88,20,100,13554400.0,7.40522,0.1623,16290588.857006399,-40.14380376581681,True,143.42,[],"[[2, 1], [2, 7], [2, 13], [2, 19], [2, 25], [2, 31], [2, 37], [2, 43], [2, 49], [2, 55], [2, 61], [2, 67], [2, 73], [2, 79], [10, 1], [10, 7], [10, 13], [10, 19], [10, 25], [10, 31], [10, 37], [10, 43], [10, 49], [10, 55], [10, 61], [10, 67], [10, 73], [10, 79], [18, 1], [18, 7], [18, 13], [18, 19]]",
reduction_layer,0.9,38,42,40,44,10011000.0,7.62722,0.1439,10987642.706538001,5.47609685381644,True,171.16,[],"[[2, 1], [2, 7], [2, 13], [2, 19], [2, 25], [2, 31], [2, 37], [10, 1], [10, 7], [10, 13], [10, 19], [10, 25], [10, 31], [10, 37], [18, 1], [18, 7], [18, 13], [18, 19], [18, 25], [18, 31], [18, 37], [26, 1], [26, 7], [26, 13], [26, 19], [26, 25], [26, 31], [26, 37], [34, 1], [34, 7], [34, 13], [34, 19]]",
reduction_layer,0.6,29,48,30,50,8419140.0,7.16512,0.1399,8439348.36071232,27.39842672621625,True,173.36,[],"[[2, 1], [2, 7], [2, 13], [2, 19], [2, 25], [2, 31], [2, 37], [2, 43], [10, 1], [10, 7], [10, 13], [10, 19], [10, 25], [10, 31], [10, 37], [10, 43], [18, 1], [18, 7], [18, 13], [18, 19], [18, 25], [18, 31], [18, 37], [18, 43], [26, 1], [26, 7], [26, 13], [26, 19], [26, 25], [26, 31], [26, 37], [26, 43]]",
reduction_layer,0.1,10,96,12,120,10764400.0,8.53375,0.1322,12143984.3417,-4.471616922944267,True,200.33,[],"[[2, 1], [2, 7], [2, 13], [2, 19], [2, 25], [2, 31], [2, 37], [2, 43], [2, 49], [2, 55], [2, 61], [2, 67], [2, 73], [2, 79], [2, 85], [2, 91], [10, 1], [10, 7], [10, 13], [10, 19], [10, 25], [10, 31], [10, 37], [10, 43], [10, 49], [10, 55], [10, 61], [10, 67], [10, 73], [10, 79], [10, 85], [10, 91]]",
reduction_layer,0.8,34,42,36,45,9961610.0,6.98061,0.153,10639331.5004613,8.472529809206746,True,208.64,[],"[[2, 1], [2, 7], [2, 13], [2, 19], [2, 25], [2, 31], [2, 37], [10, 1], [10, 7], [10, 13], [10, 19], [10, 25], [10, 31], [10, 37], [18, 1], [18, 7], [18, 13], [18, 19], [18, 25], [18, 31], [18, 37], [26, 1], [26, 7], [26, 13], [26, 19], [26, 25], [26, 31], [26, 37], [34, 1], [34, 7], [34, 13], [34, 19]]",
reduction_layer,0.4,26,64,28,70,11690300.0,7.61593,0.1515,13488424.7315685,-16.037496574466754,True,220.25,[],"[[2, 1], [2, 7], [2, 13], [2, 19], [2, 25], [2, 31], [2, 37], [2, 43], [2, 49], [2, 55], [10, 1], [10, 7], [10, 13], [10, 19], [10, 25], [10, 31], [10, 37], [10, 43], [10, 49], [10, 55], [18, 1], [18, 7], [18, 13], [18, 19], [18, 25], [18, 31], [18, 37], [18, 43], [18, 49], [18, 55], [26, 1], [26, 7]]",
reduction_layer,0.7,34,48,35,50,10423300.0,7.36153,0.1484,11386945.0503116,2.0410000749194377,True,235.97,[],"[[2, 1], [2, 7], [2, 13], [2, 19], [2, 25], [2, 31], [2, 37], [2, 43], [10, 1], [10, 7], [10, 13], [10, 19], [10, 25], [10, 31], [10, 37], [10, 43], [18, 1], [18, 7], [18, 13], [18, 19], [18, 25], [18, 31], [18, 37], [18, 43], [26, 1], [26, 7], [26, 13], [26, 19], [26, 25], [26, 31], [26, 37], [26, 43]]",
reduction_layer,1.0,42,42,44,44,11616900.0,6.67123,0.1658,12849336.1542846,-10.539579651388225,True,239.41,[],"[[2, 1], [2, 7], [2, 13], [2, 19], [2, 25], [2, 31], [2, 37], [10, 1], [10, 7], [10, 13], [10, 19], [10, 25], [10, 31], [10, 37], [18, 1], [18, 7], [18, 13], [18, 19], [18, 25], [18, 31], [18, 37], [26, 1], [26, 7], [26, 13], [26, 19], [26, 25], [26, 31], [26, 37], [34, 1], [34, 7], [34, 13], [34, 19]]",
reduction_layer,1.5,50,33,52,35,11723900.0,6.85416,0.164,13178627.773536002,-13.372391925712412,True,115.03,[],"[[2, 1], [2, 7], [2, 13], [2, 19], [2, 25], [10, 1], [10, 7], [10, 13], [10, 19], [10, 25], [18, 1], [18, 7], [18, 13], [18, 19], [18, 25], [26, 1], [26, 7], [26, 13], [26, 19], [26, 25], [34, 1], [34, 7], [34, 13], [34, 19], [34, 25], [42, 1], [42, 7], [42, 13], [42, 19], [42, 25], [50, 1], [50, 7]]",
reduction_layer,1.2,43,36,45,38,9706670.0,7.25839,0.148,10427309.876272399,10.296498061997053,True,203.09,[],"[[2, 1], [2, 7], [2, 13], [2, 19], [2, 25], [2, 31], [10, 1], [10, 7], [10, 13], [10, 19], [10, 25], [10, 31], [18, 1], [18, 7], [18, 13], [18, 19], [18, 25], [18, 31], [26, 1], [26, 7], [26, 13], [26, 19], [26, 25], [26, 31], [34, 1], [34, 7], [34, 13], [34, 19], [34, 25], [34, 31], [42, 1], [42, 7]]",
reduction_layer,1.1,42,38,44,40,10887900.0,7.0948,0.1559,12042881.028228002,-3.6018507623920186,True,254.44,[],"[[2, 1], [2, 7], [2, 13], [2, 19], [2, 25], [2, 31], [10, 1], [10, 7], [10, 13], [10, 19], [10, 25], [10, 31], [18, 1], [18, 7], [18, 13], [18, 19], [18, 25], [18, 31], [26, 1], [26, 7], [26, 13], [26, 19], [26, 25], [26, 31], [34, 1], [34, 7], [34, 13], [34, 19], [34, 25], [34, 31], [42, 1], [42, 7]]",
reduction_layer,1.3,47,36,49,38,11338200.0,7.51619,0.1515,12910839.916887,-11.06868092038889,True,237.87,[],"[[2, 1], [2, 7], [2, 13], [2, 19], [2, 25], [2, 31], [10, 1], [10, 7], [10, 13], [10, 19], [10, 25], [10, 31], [18, 1], [18, 7], [18, 13], [18, 19], [18, 25], [18, 31], [26, 1], [26, 7], [26, 13], [26, 19], [26, 25], [26, 31], [34, 1], [34, 7], [34, 13], [34, 19], [34, 25], [34, 31], [42, 1], [42, 7]]",
reduction_layer,1.4,50,36,53,38,12102600.0,7.56524,0.1542,14118409.1528208,-21.457092752509883,True,212.7,[],"[[2, 1], [2, 7], [2, 13], [2, 19], [2, 25], [2, 31], [10, 1], [10, 7], [10, 13], [10, 19], [10, 25], [10, 31], [18, 1], [18, 7], [18, 13], [18, 19], [18, 25], [18, 31], [26, 1], [26, 7], [26, 13], [26, 19], [26, 25], [26, 31], [34, 1], [34, 7], [34, 13], [34, 19], [34, 25], [34, 31], [42, 1], [42, 7]]",
reduction_layer,1.6,50,31,52,33,10793800.0,7.59047,0.1485,12166607.240270998,-4.666235980964646,True,214.21,[],"[[2, 1], [2, 7], [2, 13], [2, 19], [2, 25], [10, 1], [10, 7], [10, 13], [10, 19], [10, 25], [18, 1], [18, 7], [18, 13], [18, 19], [18, 25], [26, 1], [26, 7], [26, 13], [26, 19], [26, 25], [34, 1], [34, 7], [34, 13], [34, 19], [34, 25], [42, 1], [42, 7], [42, 13], [42, 19], [42, 25], [50, 1], [50, 7]]",
reduction_layer,1.8,54,30,57,32,10874200.0,6.78644,0.1605,11844435.488604002,-1.8946741214870877,True,228.57,[],"[[2, 1], [2, 7], [2, 13], [2, 19], [2, 25], [10, 1], [10, 7], [10, 13], [10, 19], [10, 25], [18, 1], [18, 7], [18, 13], [18, 19], [18, 25], [26, 1], [26, 7], [26, 13], [26, 19], [26, 25], [34, 1], [34, 7], [34, 13], [34, 19], [34, 25], [42, 1], [42, 7], [42, 13], [42, 19], [42, 25], [50, 1], [50, 7]]",
reduction_layer,1.7,51,30,54,32,10031100.0,7.19643,0.1508,10885966.8331284,6.35078860227983,True,249.17,[],"[[2, 1], [2, 7], [2, 13], [2, 19], [2, 25], [10, 1], [10, 7], [10, 13], [10, 19], [10, 25], [18, 1], [18, 7], [18, 13], [18, 19], [18, 25], [26, 1], [26, 7], [26, 13], [26, 19], [26, 25], [34, 1], [34, 7], [34, 13], [34, 19], [34, 25], [42, 1], [42, 7], [42, 13], [42, 19], [42, 25], [50, 1], [50, 7]]",
arm_core,0.3,18,59,20,67,10819700.0,19.3195,0.06547,13685272.2810005,-19.32914040450837,True,122.51,[],"[[2, 1], [2, 7], [2, 13], [2, 19], [2, 25], [2, 31], [2, 37], [2, 43], [2, 49], [10, 1], [10, 7], [10, 13], [10, 19], [10, 25], [10, 31], [10, 37], [10, 43], [10, 49], [18, 1], [18, 7], [18, 13], [18, 19], [18, 25], [18, 31]]",
arm_core,0.1,10,102,12,120,12768800.0,23.3196,0.06659,19828058.7116832,-72.89135015896825,True,195.59,[],"[[2, 1], [2, 7], [2, 13], [2, 19], [2, 25], [2, 31], [2, 37], [2, 43], [2, 49], [2, 55], [2, 61], [2, 67], [2, 73], [2, 79], [2, 85], [2, 91], [2, 97], [10, 1], [10, 7], [10, 13], [10, 19], [10, 25], [10, 31], [10, 37]]",
arm_core,0.2,15,73,16,80,11325300.0,20.7257,0.06488,15228943.091224799,-32.78922414046234,True,165.72,[],"[[2, 1], [2, 7], [2, 13], [2, 19], [2, 25], [2, 31], [2, 37], [2, 43], [2, 49], [2, 55], [2, 61], [2, 67], [10, 1], [10, 7], [10, 13], [10, 19], [10, 25], [10, 31], [10, 37], [10, 43], [10, 49], [10, 55], [10, 61], [10, 67]]",
arm_core,0.6,26,43,28,47,9557560.0,19.1364,0.06305,11531674.2091512,-0.5507776935695955,True,107.04,[],"[[2, 1], [2, 7], [2, 13], [2, 19], [2, 25], [2, 31], [2, 37], [10, 1], [10, 7], [10, 13], [10, 19], [10, 25], [10, 31], [10, 37], [18, 1], [18, 7], [18, 13], [18, 19], [18, 25], [18, 31], [18, 37], [26, 1], [26, 7], [26, 13]]",
arm_core,0.5,24,48,25,50,9628810.0,19.2306,0.06194,11469293.13471684,-0.006844051847601095,True,136.97,[],"[[2, 1], [2, 7], [2, 13], [2, 19], [2, 25], [2, 31], [2, 37], [2, 43], [10, 1], [10, 7], [10, 13], [10, 19], [10, 25], [10, 31], [10, 37], [10, 43], [18, 1], [18, 7], [18, 13], [18, 19], [18, 25], [18, 31], [18, 37], [18, 43]]",
reduction_layer,2.0,58,29,60,30,10457500.0,7.05824,0.156,11514600.9888,0.9428084165273539,True,294.94,[],"[[2, 1], [2, 7], [2, 13], [2, 19], [10, 1], [10, 7], [10, 13], [10, 19], [18, 1], [18, 7], [18, 13], [18, 19], [26, 1], [26, 7], [26, 13], [26, 19], [34, 1], [34, 7], [34, 13], [34, 19], [42, 1], [42, 7], [42, 13], [42, 19], [50, 1], [50, 7], [50, 13], [50, 19], [58, 1], [58, 7], [58, 13], [58, 19]]",
reduction_layer,1.9,57,30,60,32,10945800.0,7.08912,0.1569,12174826.473302402,-4.736943957893491,True,307.64,[],"[[2, 1], [2, 7], [2, 13], [2, 19], [2, 25], [10, 1], [10, 7], [10, 13], [10, 19], [10, 25], [18, 1], [18, 7], [18, 13], [18, 19], [18, 25], [26, 1], [26, 7], [26, 13], [26, 19], [26, 25], [34, 1], [34, 7], [34, 13], [34, 19], [34, 25], [42, 1], [42, 7], [42, 13], [42, 19], [42, 25], [50, 1], [50, 7]]",
arm_core,0.4,20,51,22,55,9481890.0,20.2212,0.0608,11657499.7993344,-1.6479176853179769,True,174.43,[],"[[2, 1], [2, 7], [2, 13], [2, 19], [2, 25], [2, 31], [2, 37], [2, 43], [10, 1], [10, 7], [10, 13], [10, 19], [10, 25], [10, 31], [10, 37], [10, 43], [18, 1], [18, 7], [18, 13], [18, 19], [18, 25], [18, 31], [18, 37], [18, 43]]",
arm_core,0.8,29,36,31,39,8748080.0,19.5695,0.05972,10223798.3391632,10.853285018294592,True,114.25,[],"[[2, 1], [2, 7], [2, 13], [2, 19], [2, 25], [2, 31], [10, 1], [10, 7], [10, 13], [10, 19], [10, 25], [10, 31], [18, 1], [18, 7], [18, 13], [18, 19], [18, 25], [18, 31], [26, 1], [26, 7], [26, 13], [26, 19], [26, 25], [26, 31]]",
arm_core,0.7,27,38,29,41,9159300.0,19.5673,0.06037,10819678.6786293,5.657488600626401,True,142.69,[],"[[2, 1], [2, 7], [2, 13], [2, 19], [2, 25], [2, 31], [10, 1], [10, 7], [10, 13], [10, 19], [10, 25], [10, 31], [18, 1], [18, 7], [18, 13], [18, 19], [18, 25], [18, 31], [26, 1], [26, 7], [26, 13], [26, 19], [26, 25], [26, 31]]",
arm_core,0.9,32,36,34,38,9396210.0,19.5072,0.06229,11417367.544980481,0.4459226787668307,True,133.62,[],"[[2, 1], [2, 7], [2, 13], [2, 19], [2, 25], [2, 31], [10, 1], [10, 7], [10, 13], [10, 19], [10, 25], [10, 31], [18, 1], [18, 7], [18, 13], [18, 19], [18, 25], [18, 31], [26, 1], [26, 7], [26, 13], [26, 19], [26, 25], [26, 31]]",
arm_core,1.1,34,31,36,33,9372710.0,18.8173,0.06238,11001904.201181538,4.068567714038728,True,130.66,[],"[[2, 1], [2, 7], [2, 13], [2, 19], [2, 25], [10, 1], [10, 7], [10, 13], [10, 19], [10, 25], [18, 1], [18, 7], [18, 13], [18, 19], [18, 25], [26, 1], [26, 7], [26, 13], [26, 19], [26, 25], [34, 1], [34, 7], [34, 13], [34, 19]]",
arm_core,1.2,36,30,38,32,8803600.0,18.9887,0.06051,10115391.308053201,11.798543363948447,True,111.06,[],"[[2, 1], [2, 7], [2, 13], [2, 19], [2, 25], [10, 1], [10, 7], [10, 13], [10, 19], [10, 25], [18, 1], [18, 7], [18, 13], [18, 19], [18, 25], [26, 1], [26, 7], [26, 13], [26, 19], [26, 25], [34, 1], [34, 7], [34, 13], [34, 19]]",
arm_core,1.0,34,34,36,36,9876390.0,19.5419,0.06326,12209396.71237566,-6.460199302582269,True,159.75,[],"[[2, 1], [2, 7], [2, 13], [2, 19], [2, 25], [10, 1], [10, 7], [10, 13], [10, 19], [10, 25], [18, 1], [18, 7], [18, 13], [18, 19], [18, 25], [26, 1], [26, 7], [26, 13], [26, 19], [26, 25], [34, 1], [34, 7], [34, 13], [34, 19]]",
arm_core,1.3,39,30,41,32,10004100.0,19.6376,0.06319,12414087.129770398,-8.245003510728319,True,149.05,[],"[[2, 1], [2, 7], [2, 13], [2, 19], [2, 25], [10, 1], [10, 7], [10, 13], [10, 19], [10, 25], [18, 1], [18, 7], [18, 13], [18, 19], [18, 25], [26, 1], [26, 7], [26, 13], [26, 19], [26, 25], [34, 1], [34, 7], [34, 13], [34, 19]]",
arm_core,1.5,42,28,44,29,9870910.0,18.3657,0.06386,11576934.93031782,-0.9454299036245682,True,130.8,[],"[[2, 1], [2, 7], [2, 13], [2, 19], [10, 1], [10, 7], [10, 13], [10, 19], [18, 1], [18, 7], [18, 13], [18, 19], [26, 1], [26, 7], [26, 13], [26, 19], [34, 1], [34, 7], [34, 13], [34, 19], [42, 1], [42, 7], [42, 13], [42, 19]]",
arm_core,1.8,43,24,46,26,9551820.0,19.9424,0.06151,11716807.09498368,-2.165049421116172,True,111.16,[],"[[2, 1], [2, 7], [2, 13], [2, 19], [10, 1], [10, 7], [10, 13], [10, 19], [18, 1], [18, 7], [18, 13], [18, 19], [26, 1], [26, 7], [26, 13], [26, 19], [34, 1], [34, 7], [34, 13], [34, 19], [42, 1], [42, 7], [42, 13], [42, 19]]",
arm_core,1.6,42,26,44,28,9607560.0,19.6774,0.06163,11651262.50450472,-1.5935314067556956,True,153.63,[],"[[2, 1], [2, 7], [2, 13], [2, 19], [10, 1], [10, 7], [10, 13], [10, 19], [18, 1], [18, 7], [18, 13], [18, 19], [26, 1], [26, 7], [26, 13], [26, 19], [34, 1], [34, 7], [34, 13], [34, 19], [42, 1], [42, 7], [42, 13], [42, 19]]",
arm_core,1.7,42,25,45,26,9195360.0,19.4174,0.06085,10864766.4816144,5.264344155819893,True,138.58,[],"[[2, 1], [2, 7], [2, 13], [2, 19], [10, 1], [10, 7], [10, 13], [10, 19], [18, 1], [18, 7], [18, 13], [18, 19], [26, 1], [26, 7], [26, 13], [26, 19], [34, 1], [34, 7], [34, 13], [34, 19], [42, 1], [42, 7], [42, 13], [42, 19]]",
arm_core,1.4,42,30,45,32,10339100.0,18.701,0.06597,12755399.055327,-11.221083039889086,True,185.41,[],"[[2, 1], [2, 7], [2, 13], [2, 19], [2, 25], [10, 1], [10, 7], [10, 13], [10, 19], [10, 25], [18, 1], [18, 7], [18, 13], [18, 19], [18, 25], [26, 1], [26, 7], [26, 13], [26, 19], [26, 25], [34, 1], [34, 7], [34, 13], [34, 19]]",
arm_core,1.9,46,24,49,26,9661230.0,19.6774,0.062,11786689.006524,-2.7743868360178396,True,164.96,[],"[[2, 1], [2, 7], [2, 13], [2, 19], [10, 1], [10, 7], [10, 13], [10, 19], [18, 1], [18, 7], [18, 13], [18, 19], [26, 1], [26, 7], [26, 13], [26, 19], [34, 1], [34, 7], [34, 13], [34, 19], [42, 1], [42, 7], [42, 13], [42, 19]]",
arm_core,2.0,48,24,51,26,10500900.0,20.1116,0.06374,13461244.2540456,-17.375721332228725,True,173.3,[],"[[2, 1], [2, 7], [2, 13], [2, 19], [10, 1], [10, 7], [10, 13], [10, 19], [18, 1], [18, 7], [18, 13], [18, 19], [26, 1], [26, 7], [26, 13], [26, 19], [34, 1], [34, 7], [34, 13], [34, 19], [42, 1], [42, 7], [42, 13], [42, 19]]",
softmax,0.2,16,79,18,90,9447230.0,6.74125,0.0744,4738248.759269999,-32.40790547576663,True,223.02,"[[6, 1], [6, 5], [6, 9], [6, 13], [6, 17], [6, 21], [6, 25], [6, 29]]",[],
softmax,0.4,23,57,24,60,7490960.0,6.24273,0.06934,3242618.583580272,9.386704514262634,True,194.15,"[[6, 1], [6, 5], [6, 9], [6, 13], [6, 17], [6, 21], [6, 25], [6, 29]]",[],
softmax,0.1,12,115,13,130,13229400.0,7.8764,0.07994,8329751.6900304,-132.77059319698427,True,243.09,"[[6, 1], [6, 5], [6, 9], [6, 13], [6, 17], [6, 21], [6, 25], [6, 29]]",[],
softmax,0.3,20,65,21,70,8241400.0,6.37826,0.07093,3728491.6240065205,-4.190765745001178,True,205.75,"[[6, 1], [6, 5], [6, 9], [6, 13], [6, 17], [6, 21], [6, 25], [6, 29]]",[],
softmax,0.5,26,51,27,54,7314050.0,6.13752,0.07183,3224457.9054454803,9.894195251033864,True,198.85,"[[6, 1], [6, 5], [6, 9], [6, 13], [6, 17], [6, 21], [6, 25], [6, 29]]",[],
softmax,0.6,28,46,30,50,7734110.0,6.24715,0.07331,3542056.6109533156,1.019064054970161,True,195.42,"[[6, 1], [6, 5], [6, 9], [6, 13], [6, 17], [6, 21], [6, 25], [6, 29]]",[],
softmax,0.7,30,43,32,46,7592810.0,6.32444,0.07228,3470905.207858192,3.0073531326712604,True,193.8,"[[6, 1], [6, 5], [6, 9], [6, 13], [6, 17], [6, 21], [6, 25], [6, 29]]",[],
softmax,0.8,32,40,34,43,7544400.0,6.39707,0.07148,3449771.68482384,3.597918479167233,True,192.68,"[[6, 1], [6, 5], [6, 9], [6, 13], [6, 17], [6, 21], [6, 25], [6, 29]]",[],
softmax,0.9,34,38,36,40,7687930.0,6.27094,0.07241,3490925.762881622,2.447889100326288,True,210.52,"[[6, 1], [6, 5], [6, 9], [6, 13], [6, 17], [6, 21], [6, 25], [6, 29]]",[],
softmax,1.0,36,36,38,38,7710950.0,6.21792,0.07223,3463144.65227952,3.2242178355828335,True,229.89,"[[6, 1], [6, 5], [6, 9], [6, 13], [6, 17], [6, 21], [6, 25], [6, 29]]",[],
softmax,1.1,38,35,40,36,7429280.0,6.28099,0.07106,3315889.3644944318,7.339190522001834,True,196.55,"[[6, 1], [6, 5], [6, 9], [6, 13], [6, 17], [6, 21], [6, 25], [6, 29]]",[],
softmax,1.2,40,33,42,35,7588870.0,6.25158,0.07211,3421073.4769218056,4.399875023087034,True,201.16,"[[6, 1], [6, 5], [6, 9], [6, 13], [6, 17], [6, 21], [6, 25], [6, 29]]",[],
softmax,1.4,42,30,45,32,7244440.0,6.2301,0.07054,3183723.1313277604,11.032507398618687,True,200.32,"[[6, 1], [6, 5], [6, 9], [6, 13], [6, 17], [6, 21], [6, 25], [14, 1]]",[],
softmax,1.3,42,32,44,34,7726200.0,6.08128,0.07428,3490059.58161408,2.4720940868570693,True,214.56,"[[6, 1], [6, 5], [6, 9], [6, 13], [6, 17], [6, 21], [6, 25], [6, 29]]",[],
softmax,1.6,45,28,48,30,7414870.0,6.41984,0.07003,3333587.5998266237,6.844622509639018,True,190.31,"[[6, 1], [6, 5], [6, 9], [6, 13], [6, 17], [6, 21], [6, 25], [14, 1]]",[],
softmax,1.5,44,29,46,31,7344250.0,6.14033,0.07105,3204079.226707625,10.46366686494268,True,205.67,"[[6, 1], [6, 5], [6, 9], [6, 13], [6, 17], [6, 21], [6, 25], [14, 1]]",[],
softmax,1.7,48,28,51,30,7893660.0,6.44086,0.0726,3691126.2195957596,-3.146608887342643,True,211.76,"[[6, 1], [6, 5], [6, 9], [6, 13], [6, 17], [6, 21], [6, 25], [14, 1]]",[],
softmax,1.8,49,27,51,28,7756210.0,6.46068,0.07083,3549318.9819789245,0.8161208611567338,True,205.64,"[[6, 1], [6, 5], [6, 9], [6, 13], [6, 17], [6, 21], [14, 1], [14, 5]]",[],
softmax,1.9,49,26,53,28,7637980.0,6.64775,0.0708,3594897.0133860004,-0.4575336008452574,True,165.14,"[[6, 1], [6, 5], [6, 9], [6, 13], [6, 17], [6, 21], [14, 1], [14, 5]]",[],
softmax,2.0,52,26,53,27,7469430.0,6.48812,0.06955,3370570.9208347797,5.81114277461086,True,153.68,"[[6, 1], [6, 5], [6, 9], [6, 13], [6, 17], [6, 21], [14, 1], [14, 5]]",[],
