circuit,aspect_ratio,grid_w,grid_h,area_mwta,delay_ns,power_w,adp,adp_reduction_pct_vs_baseline,vtr_success,vtr_seconds,dsp_coords,bram_coords
fifo,0.5,4,8,41804.3,1.90864,0.0106,845.7672070112001,60.04402601817216,True,0.64,[],"[[2, 1]]"
fifo,0.7,6,9,79472.1,2.07126,0.01075,1769.5293548445002,16.403392947687117,True,0.67,[],"[[2, 1]]"
fifo,0.8,6,8,76844.4,1.9916,0.01088,1665.1111805952,21.33634591506287,True,0.63,[],"[[2, 1]]"
fifo,0.2,4,20,112475.0,2.0264,0.01147,2614.2348298,-23.5024223875988,True,0.74,[],"[[2, 1]]"
fifo,0.6,5,8,47741.5,2.06477,0.01012,997.5811955846002,52.871986564251884,True,0.71,[],"[[2, 1]]"
fifo,1.1,9,8,115160.0,1.97816,0.01197,2726.8247200319997,-28.821425876305895,True,0.69,[],"[[2, 1]]"
fifo,0.3,4,13,68601.3,2.06275,0.01048,1482.9968349059998,29.9398434233068,True,0.76,[],"[[2, 1]]"
fifo,0.4,4,10,49754.3,2.10196,0.009933,1038.808520535324,50.924313600088745,True,0.73,[],"[[2, 1]]"
fifo,0.1,4,40,238140.0,2.00695,0.01376,6576.38660448,-210.6835189219678,True,0.87,[],"[[2, 1]]"
fifo,0.9,7,8,94358.0,1.93167,0.0116,2114.3148071759997,0.11494093811694053,True,0.85,[],"[[2, 1]]"
fifo,1.0,8,8,99501.1,1.93255,0.01197,2301.7214841358505,-8.738578383222094,True,0.83,[],"[[2, 1]]"
fifo,1.5,12,8,181296.0,1.97452,0.01296,4639.3246098432,-119.1722874420854,True,0.82,[],"[[2, 1]]"
fifo,1.6,12,8,181296.0,1.97452,0.01296,4639.3246098432,-119.1722874420854,True,0.87,[],"[[2, 1]]"
fifo,1.2,10,8,130709.0,1.94977,0.01251,3188.2046114943,-50.61806540806548,True,0.92,[],"[[2, 1]]"
fifo,1.3,10,8,130709.0,1.94977,0.01251,3188.2046114943,-50.61806540806548,True,1.03,[],"[[2, 1]]"
fifo,1.4,11,8,194819.0,1.93045,0.01307,4915.4745848485,-132.21824278881246,True,1.13,[],"[[2, 1]]"
fifo,1.8,14,8,192913.0,1.99188,0.01348,5179.8186860112,-144.70646169910967,True,0.83,[],"[[2, 1]]"
fifo,2.0,15,8,208463.0,1.97374,0.01387,5706.8359336694,-169.6039598059696,True,0.82,[],"[[2, 1]]"
fifo,1.7,13,8,177364.0,1.97374,0.01328,4648.935195660801,-119.62631345975896,True,0.93,[],"[[2, 1]]"
fifo,1.9,15,8,208463.0,1.97374,0.01387,5706.8359336694,-169.6039598059696,True,0.88,[],"[[2, 1]]"
ch_intrinsics,0.3,7,23,376228.0,2.01517,0.01235,9363.317727686,-15.011862403823994,True,1.22,[],"[[2, 1]]"
ch_intrinsics,0.4,7,18,288097.0,2.02062,0.01101,6409.301507141401,21.27302260988822,True,1.33,[],"[[2, 1]]"
ch_intrinsics,0.7,9,13,250644.0,2.00313,0.01102,5532.8391232344,32.03881888335844,True,1.28,[],"[[2, 1]]"
ch_intrinsics,0.2,6,30,443813.0,1.95182,0.0134,11607.657401444001,-42.57962131714778,True,1.43,[],"[[2, 1]]"
ch_intrinsics,0.1,4,40,291193.0,2.05664,0.01089,6521.7941778528,19.8912483348316,True,1.54,[],"[[2, 1]]"
ch_intrinsics,0.9,11,12,301370.0,1.953,0.01162,6839.2485882,15.991880180915247,True,1.33,[],"[[2, 1]]"
ch_intrinsics,0.6,9,15,306321.0,2.01973,0.01133,7009.709132028901,13.898072709855988,True,1.43,[],"[[2, 1]]"
ch_intrinsics,1.2,12,10,259118.0,2.02948,0.0111,5837.210264904,28.300155635619852,True,1.23,[],"[[2, 1]]"
ch_intrinsics,0.5,8,16,274377.0,1.95671,0.01148,6163.339001811601,24.294238661955475,True,1.72,[],"[[2, 1]]"
ch_intrinsics,1.4,13,9,272435.0,2.01147,0.01095,6000.543382477501,26.2938960393225,True,1.12,[],"[[2, 1]]"
ch_intrinsics,0.8,10,13,259554.0,1.9914,0.01131,5845.865700636,28.193838856417702,True,1.83,[],"[[2, 1]]"
ch_intrinsics,1.3,13,10,283853.0,1.89779,0.01203,6480.481419986101,20.398702782226664,True,1.28,[],"[[2, 1]]"
ch_intrinsics,1.5,13,9,272435.0,2.01147,0.01095,6000.543382477501,26.2938960393225,True,1.23,[],"[[2, 1]]"
ch_intrinsics,1.0,11,11,272682.0,1.91409,0.01142,5960.5306967196,26.785381391270764,True,1.83,[],"[[2, 1]]"
ch_intrinsics,1.1,12,11,289525.0,1.98134,0.01193,6843.6142395550005,15.938255845231355,True,1.83,[],"[[2, 1]]"
ch_intrinsics,1.6,14,9,272468.0,1.98222,0.01162,6275.863450315201,22.912074052706384,True,1.42,[],"[[2, 1]]"
ch_intrinsics,1.7,15,9,378770.0,1.95965,0.01203,8929.347264915,-9.681299818730881,True,1.22,[],"[[2, 1]]"
ch_intrinsics,1.8,15,8,277665.0,1.95538,0.01113,6042.928741100999,25.773266581290937,True,1.33,[],"[[2, 1]]"
ch_intrinsics,1.9,15,8,277665.0,1.95538,0.01113,6042.928741100999,25.773266581290937,True,1.28,[],"[[2, 1]]"
ch_intrinsics,2.0,15,8,277665.0,1.95538,0.01113,6042.928741100999,25.773266581290937,True,1.38,[],"[[2, 1]]"
spree,0.9,13,14,667531.0,10.7014,0.009387,67056.1869767958,10.913641956602937,True,5.12,"[[6, 1]]","[[2, 1], [2, 7], [10, 1]]"
spree,0.7,12,17,813077.0,10.4542,0.01003,85255.697821202,-13.265008998610266,True,5.47,"[[6, 1]]","[[2, 1], [2, 7], [10, 1]]"
spree,1.1,15,14,843773.0,10.3231,0.01029,89629.532949327,-19.075793354448532,True,5.88,"[[6, 1]]","[[2, 1], [2, 7], [10, 1]]"
spree,0.6,12,20,1006560.0,10.4631,0.01084,114164.03922624001,-51.67069487128223,True,6.72,"[[6, 1]]","[[2, 1], [2, 7], [10, 1]]"
spree,1.6,22,14,1291330.0,10.5256,0.01219,165686.76095512,-120.12033154533941,True,5.82,"[[6, 1]]","[[2, 1], [2, 7], [10, 1]]"
spree,0.3,12,40,2116660.0,10.5609,0.01545,345366.74447730003,-358.8311212123347,True,7.14,"[[6, 1]]","[[2, 1], [2, 7], [10, 1]]"
spree,1.0,14,14,752637.0,10.1721,0.009966,76298.6877168582,-1.365325388058117,True,6.77,"[[6, 1]]","[[2, 1], [2, 7], [10, 1]]"
spree,0.5,12,24,1108110.0,10.8711,0.01126,135642.17823246,-80.2051115728475,True,8.54,"[[6, 1]]","[[2, 1], [2, 7], [10, 1]]"
spree,0.8,12,15,729128.0,10.4076,0.00965,73228.76032752001,2.7131744924741836,True,8.94,"[[6, 1]]","[[2, 1], [2, 7], [10, 1]]"
spree,1.3,18,14,964427.0,10.5893,0.01087,111011.03625405699,-47.48182633646692,True,8.53,"[[6, 1]]","[[2, 1], [2, 7], [10, 1]]"
spree,0.2,12,60,3016020.0,10.5575,0.01978,629827.464147,-736.7465778509074,True,9.54,"[[6, 1]]","[[2, 1], [2, 7], [10, 1]]"
spree,1.2,17,14,971645.0,10.4708,0.01081,109979.86403746,-46.111880005877765,True,8.98,"[[6, 1]]","[[2, 1], [2, 7], [10, 1]]"
spree,0.4,12,30,1513270.0,10.3092,0.01323,206395.97880132002,-174.20387133814313,True,10.44,"[[6, 1]]","[[2, 1], [2, 7], [10, 1]]"
spree,1.5,21,14,1142730.0,10.4283,0.01184,141094.09810656,-87.44816710322019,True,9.89,"[[6, 1]]","[[2, 1], [2, 7], [10, 1]]"
spree,1.4,19,14,1023820.0,10.5626,0.01116,120686.48463312,-60.33597891191656,True,10.04,"[[6, 1]]","[[2, 1], [2, 7], [10, 1]]"
spree,1.8,25,14,1335010.0,10.887,0.01254,182259.54352980002,-142.13782029301026,True,7.58,"[[6, 1]]","[[2, 1], [2, 7], [10, 1]]"
spree,1.7,23,14,1261420.0,10.8862,0.01196,164235.56203184,-118.19236586908866,True,8.08,"[[6, 1]]","[[2, 1], [2, 7], [10, 1]]"
spree,1.9,26,14,1392350.0,10.5083,0.0131,191669.13271550002,-154.63877015358946,True,7.48,"[[6, 1]]","[[2, 1], [2, 7], [10, 1]]"
boundtop,0.1,4,40,377528.0,2.92062,0.01148,12658.029698092801,38.10654071668619,True,7.03,[],"[[2, 1]]"
spree,0.1,12,120,6360780.0,10.613,0.03417,2306712.7596438,-2964.5440499026645,True,14.66,"[[6, 1]]","[[2, 1], [2, 7], [10, 1]]"
boundtop,0.2,5,25,326775.0,2.62892,0.01183,10162.74288939,50.307644378017216,True,7.73,[],"[[2, 1]]"
boundtop,0.3,7,23,392778.0,2.58473,0.01394,14152.2376143636,30.800372297722372,True,7.99,[],"[[2, 1]]"
boundtop,0.6,11,18,557520.0,2.49659,0.01665,23175.11596572,-13.318433486254765,True,6.78,[],"[[2, 1]]"
boundtop,0.5,10,20,475620.0,2.70149,0.01502,19298.937760476,5.634759359965636,True,7.13,[],"[[2, 1]]"
boundtop,0.8,13,16,525646.0,2.71538,0.01575,22480.42600881,-9.921635912852453,True,7.83,[],"[[2, 1]]"
boundtop,0.4,9,23,510478.0,2.81391,0.01483,21302.3925793734,-4.161453179974004,True,9.23,[],"[[2, 1]]"
spree,2.0,27,14,1449860.0,10.6015,0.01325,203661.65296749998,-170.5712292029246,True,11.15,"[[6, 1]]","[[2, 1], [2, 7], [10, 1]]"
boundtop,1.0,15,15,574252.0,2.67845,0.01652,25409.499050488,-24.243806690368057,True,7.89,[],"[[2, 1]]"
boundtop,0.7,12,17,513253.0,2.69942,0.0154,21336.475364204,-4.328106403697482,True,9.88,[],"[[2, 1]]"
boundtop,1.1,15,14,575629.0,2.56272,0.0165,24340.403189520002,-19.016291609505824,True,9.43,[],"[[2, 1]]"
boundtop,1.2,16,13,502999.0,2.59019,0.01606,20923.979455748606,-2.311141731986819,True,7.39,[],"[[2, 1]]"
boundtop,1.4,17,12,578382.0,2.64377,0.01601,24481.0347720414,-19.703932208741225,True,7.34,[],"[[2, 1]]"
boundtop,0.9,14,16,546584.0,2.55533,0.0171,23883.612625512,-16.782741140060246,True,11.2,[],"[[2, 1]]"
mmc_core,0.2,7,35,722666.0,4.70576,0.0111,37747.689593376,-31.294090066165005,True,4.53,[],"[[2, 1]]"
boundtop,1.3,17,13,561874.0,2.77309,0.01582,24649.5718398412,-20.528021138250352,True,8.95,[],"[[2, 1]]"
mmc_core,0.3,8,27,593190.0,4.54849,0.01079,29112.701669649,-1.2598576564281427,True,4.68,[],"[[2, 1]]"
mmc_core,0.4,9,23,552190.0,4.62883,0.01041,26607.893768457,7.452370236726242,True,4.13,[],"[[2, 1]]"
boundtop,1.9,19,10,469963.0,2.53326,0.01556,18524.778583552797,9.420134385821319,True,6.94,[],"[[2, 1]]"
boundtop,1.5,18,12,571035.0,2.55621,0.01687,24624.8923158945,-20.40734666149851,True,9.09,[],"[[2, 1]]"
boundtop,1.8,19,11,548348.0,2.57132,0.01628,22954.444759980797,-12.23942635693218,True,7.94,[],"[[2, 1]]"
mmc_core,0.1,5,50,746930.0,4.64981,0.01094,37995.52346130201,-32.15610632537025,True,5.99,[],"[[2, 1]]"
boundtop,1.7,18,11,516977.0,2.81157,0.01477,21468.4464428553,-4.973400085091662,True,10.5,[],"[[2, 1]]"
mmc_core,0.7,12,17,555466.0,4.62903,0.01066,27409.7251732668,4.663438627533097,True,4.63,[],"[[2, 1]]"
boundtop,1.6,18,11,516977.0,2.81157,0.01477,21468.4464428553,-4.973400085091662,True,10.94,[],"[[2, 1]]"
mmc_core,0.6,11,18,494698.0,4.95171,0.009801,24008.539730117584,16.493448694769757,True,5.03,[],"[[2, 1]]"
mmc_core,0.5,10,20,537635.0,4.56306,0.01057,25930.966265967,9.806860840987822,True,6.28,[],"[[2, 1]]"
mmc_core,0.8,13,16,549387.0,4.79285,0.01037,27305.552738191498,5.0257714012875105,True,5.53,[],"[[2, 1]]"
boundtop,2.0,19,10,469963.0,2.53326,0.01556,18524.778583552797,9.420134385821319,True,10.69,[],"[[2, 1]]"
mmc_core,1.0,14,14,514775.0,4.70523,0.01039,25165.9802940675,12.467636591129379,True,4.73,[],"[[2, 1]]"
mmc_core,1.2,16,13,549387.0,4.81808,0.01039,27502.2314712144,4.341683035462348,True,4.52,[],"[[2, 1]]"
mmc_core,0.9,14,16,596963.0,4.59722,0.01128,30956.496339460802,-7.672947995188005,True,5.77,[],"[[2, 1]]"
mmc_core,1.3,16,12,501811.0,4.67896,0.01027,24113.4834366712,16.128433283004124,True,4.52,[],"[[2, 1]]"
mmc_core,1.6,17,11,485606.0,4.77459,0.009891,22932.97143428214,20.234492510349696,True,4.52,[],"[[2, 1]]"
mmc_core,1.1,15,14,531832.0,4.53596,0.01083,26125.9527905376,9.128658318013978,True,6.12,[],"[[2, 1]]"
mmc_core,1.7,18,11,516977.0,4.84208,0.01004,25132.5696812864,12.583845451880876,True,5.47,[],"[[2, 1]]"
mmc_core,1.5,17,11,485606.0,4.77459,0.009891,22932.97143428214,20.234492510349696,True,5.83,[],"[[2, 1]]"
mmc_core,1.9,19,10,508529.0,4.60428,0.01026,24022.8656162712,16.443620368660483,True,4.43,[],"[[2, 1]]"
mmc_core,1.8,19,11,567892.0,4.93758,0.01015,28460.723640803997,1.0078536382879641,True,4.72,[],"[[2, 1]]"
mmc_core,1.4,17,12,536423.0,4.6915,0.01049,26399.433012204998,8.177438859506648,True,7.33,[],"[[2, 1]]"
mmc_core,2.0,19,10,508529.0,4.60428,0.01026,24022.8656162712,16.443620368660483,True,5.67,[],"[[2, 1]]"
diffeq1,0.8,16,20,1056060.0,22.2057,0.009347,219192.30526307397,-83.23466206663275,True,4.62,"[[6, 1], [6, 5], [6, 9], [14, 1], [14, 5]]",[]
diffeq1,0.5,16,32,1625460.0,22.1119,0.01221,438851.92957254,-266.8599813118566,True,5.57,"[[6, 1], [6, 5], [6, 9], [14, 1], [14, 5]]",[]
diffeq1,0.9,16,18,971762.0,22.0562,0.008919,191164.2896806236,-59.804533178281694,True,5.27,"[[6, 1], [6, 5], [6, 9], [14, 1], [14, 5]]",[]
diffeq1,1.0,16,16,770676.0,22.2326,0.008196,140431.33962336963,-17.394125804595777,True,4.42,"[[6, 1], [6, 5], [6, 9], [14, 1], [14, 5]]",[]
diffeq1,0.3,16,53,2629010.0,21.963,0.01713,989102.4157719,-726.8440203032358,True,6.67,"[[6, 1], [6, 5], [6, 9], [14, 1], [14, 5]]",[]
diffeq1,1.1,16,15,684932.0,22.3063,0.007908,120820.78589501281,-1.000606967142532,True,5.62,"[[6, 1], [6, 5], [6, 9], [14, 1], [14, 5]]",[]
diffeq1,1.4,19,14,802373.0,21.9891,0.008446,149016.6642942978,-24.571061431609625,True,4.57,"[[6, 1], [6, 5], [6, 9], [14, 1], [14, 5]]",[]
diffeq1,0.2,16,80,4189960.0,22.1218,0.02349,2177275.34793672,-1720.101814825907,True,8.98,"[[6, 1], [6, 5], [6, 9], [14, 1], [14, 5]]",[]
diffeq1,0.6,16,27,1457700.0,22.0529,0.011,353611.63563,-195.60302529656258,True,7.63,"[[6, 1], [6, 5], [6, 9], [14, 1], [14, 5]]",[]
diffeq1,0.7,16,23,1315400.0,21.9955,0.01029,297719.342403,-148.87964488735165,True,7.88,"[[6, 1], [6, 5], [6, 9], [14, 1], [14, 5]]",[]
diffeq1,1.5,21,14,854977.0,22.0739,0.008773,165569.99356903188,-38.40888156901466,True,5.12,"[[6, 1], [6, 5], [6, 9], [14, 1], [14, 5]]",[]
diffeq1,1.2,17,14,739214.0,22.1934,0.007975,130835.23410110999,-9.372223984563187,True,7.27,"[[6, 1], [6, 5], [6, 9], [14, 1], [14, 5]]",[]
diffeq1,1.6,22,14,979857.0,22.4267,0.009009,197972.4054679371,-65.49580411090714,True,5.27,"[[6, 1], [6, 5], [6, 9], [14, 1], [14, 5]]",[]
diffeq1,0.4,16,40,2052800.0,21.8198,0.01412,632458.5984128001,-428.7062308698144,True,9.29,"[[6, 1], [6, 5], [6, 9], [14, 1], [14, 5]]",[]
diffeq1,1.3,18,14,722273.0,22.5886,0.008046,131271.5833532388,-9.736991842909708,True,6.67,"[[6, 1], [6, 5], [6, 9], [14, 1], [14, 5]]",[]
diffeq1,1.7,23,14,987087.0,22.3794,0.009188,202966.7312540664,-69.67083022130701,True,4.57,"[[6, 1], [6, 5], [6, 9], [14, 1], [14, 5]]",[]
diffeq1,1.8,25,14,1031820.0,21.9629,0.009601,217575.55274827802,-81.88313149926879,True,5.12,"[[6, 1], [6, 5], [6, 9], [14, 1], [14, 5]]",[]
diffeq1,1.9,26,14,1075950.0,22.4782,0.009707,234767.86504803004,-96.25511198739854,True,5.37,"[[6, 1], [6, 5], [6, 9], [14, 1], [14, 5]]",[]
diffeq1,2.0,27,14,1171800.0,21.9815,0.01012,260670.16760400002,-117.90824278455159,True,5.97,"[[6, 1], [6, 5], [6, 9], [14, 1], [14, 5]]",[]
diffeq2,0.9,16,18,805653.0,18.3057,0.008603,126877.4063764263,-36.96939205118509,True,4.53,"[[6, 1], [6, 5], [6, 9], [14, 1], [14, 5]]",[]
diffeq2,1.0,16,16,707060.0,18.0095,0.008181,104175.19382967001,-12.461417467274154,True,4.87,"[[6, 1], [6, 5], [6, 9], [14, 1], [14, 5]]",[]
diffeq2,1.3,18,14,756202.0,17.8015,0.008291,111609.544425773,-20.487105495783435,True,4.22,"[[6, 1], [6, 5], [6, 9], [14, 1], [14, 5]]",[]
diffeq2,0.7,16,23,1015850.0,19.142,0.009526,185236.88706819998,-99.97085794700982,True,6.58,"[[6, 1], [6, 5], [6, 9], [14, 1], [14, 5]]",[]
diffeq2,0.5,16,32,1443950.0,18.293,0.01194,315385.27755899995,-240.47141223070162,True,7.22,"[[6, 1], [6, 5], [6, 9], [14, 1], [14, 5]]",[]
diffeq2,0.4,16,40,1963930.0,17.6296,0.0143,495113.19469040004,-434.4951099651747,True,7.72,"[[6, 1], [6, 5], [6, 9], [14, 1], [14, 5]]",[]
diffeq2,0.8,16,20,873148.0,18.016,0.009114,143369.001629952,-54.77274916843237,True,6.62,"[[6, 1], [6, 5], [6, 9], [14, 1], [14, 5]]",[]
diffeq2,0.2,16,80,4010660.0,18.1918,0.02393,1745959.71139084,-1784.8355041682069,True,8.78,"[[6, 1], [6, 5], [6, 9], [14, 1], [14, 5]]",[]
diffeq2,1.2,17,14,628845.0,18.2535,0.007735,88787.14277501249,4.150618181971636,True,6.98,"[[6, 1], [6, 5], [6, 9], [14, 1], [14, 5]]",[]
diffeq2,1.5,21,14,894824.0,18.1674,0.008857,143984.93238652323,-55.43767181843432,True,4.97,"[[6, 1], [6, 5], [6, 9], [14, 1], [14, 5]]",[]
diffeq2,1.4,19,14,711032.0,18.2377,0.00819,106204.548229416,-14.6521892234759,True,5.78,"[[6, 1], [6, 5], [6, 9], [14, 1], [14, 5]]",[]
diffeq2,0.6,16,27,1298940.0,17.6883,0.01112,255493.56927024003,-175.81584346158357,True,8.99,"[[6, 1], [6, 5], [6, 9], [14, 1], [14, 5]]",[]
diffeq2,1.1,16,15,635299.0,17.6958,0.00796,89487.307391832,3.3947616063966617,True,9.24,"[[6, 1], [6, 5], [6, 9], [14, 1], [14, 5]]",[]
diffeq2,1.7,23,14,836977.0,17.721,0.009142,135594.778610214,-46.38015484376083,True,5.18,"[[6, 1], [6, 5], [6, 9], [14, 1], [14, 5]]",[]
diffeq2,0.3,16,53,2629010.0,18.4364,0.01718,832705.66578152,-798.9401033410741,True,12.18,"[[6, 1], [6, 5], [6, 9], [14, 1], [14, 5]]",[]
diffeq2,1.6,22,14,834291.0,18.2914,0.008842,134932.01821381078,-45.66467766651125,True,6.44,"[[6, 1], [6, 5], [6, 9], [14, 1], [14, 5]]",[]
diffeq2,1.9,26,14,1125630.0,18.0866,0.009945,202468.46050431003,-118.57305202581207,True,5.47,"[[6, 1], [6, 5], [6, 9], [14, 1], [14, 5]]",[]
diffeq2,2.0,27,14,1076720.0,18.3486,0.009946,196496.20547203202,-112.12575644886104,True,6.12,"[[6, 1], [6, 5], [6, 9], [14, 1], [14, 5]]",[]
diffeq2,1.8,25,14,915625.0,18.1597,0.009364,155699.67882625002,-68.08422366488891,True,6.34,"[[6, 1], [6, 5], [6, 9], [14, 1], [14, 5]]",[]
diffeq1,0.1,16,160,8464910.0,22.1435,0.04235,7938199.80967475,-6535.969076548607,True,23.46,"[[6, 1], [6, 5], [6, 9], [14, 1], [14, 5]]",[]
diffeq2,0.1,16,160,8464910.0,18.011,0.04387,6688485.742218699,-7120.496162545522,True,18.85,"[[6, 1], [6, 5], [6, 9], [14, 1], [14, 5]]",[]
raygentop,0.7,16,23,1360860.0,5.8192,0.02604,206213.79397248,-16.35012514355127,True,12.79,"[[6, 1], [6, 5], [6, 9], [6, 13], [14, 1], [14, 5]]","[[2, 1]]"
raygentop,0.3,16,53,3148000.0,5.37417,0.0413,698708.7397080001,-294.226049275675,True,14.89,"[[6, 1], [6, 5], [6, 9], [6, 13], [14, 1], [14, 5]]","[[2, 1]]"
raygentop,0.9,18,20,1276640.0,5.37978,0.02766,189970.051102272,-7.185066495725842,True,12.09,"[[6, 1], [6, 5], [6, 9], [6, 13], [14, 1], [14, 5]]","[[2, 1]]"
raygentop,0.5,16,32,2009450.0,5.39601,0.03193,346217.382563385,-95.34307095624483,True,14.85,"[[6, 1], [6, 5], [6, 9], [6, 13], [14, 1], [14, 5]]","[[2, 1]]"
raygentop,1.0,19,19,1335970.0,5.56696,0.02668,198426.93858601598,-11.956618864283,True,12.19,"[[6, 1], [6, 5], [6, 9], [6, 13], [14, 1], [14, 5]]","[[2, 1]]"
raygentop,1.3,23,18,1550320.0,5.63289,0.02812,245565.83053737596,-38.55336524101189,True,11.19,"[[6, 1], [6, 5], [6, 9], [6, 13], [14, 1], [14, 5]]","[[2, 1]]"
raygentop,0.2,16,80,5019240.0,5.82061,0.05064,1479449.551483296,-734.7363051844352,True,17.49,"[[6, 1], [6, 5], [6, 9], [6, 13], [14, 1], [14, 5]]","[[2, 1]]"
raygentop,0.1,16,160,9076050.0,11.3748,0.05733,5918649.0754482,-3239.4252990712303,True,20.25,"[[6, 1], [6, 5], [6, 9], [6, 13], [14, 1], [14, 5]]","[[2, 1]]"
raygentop,1.4,25,18,1566980.0,5.13358,0.0313,251783.99799692002,-42.06178506174445,True,14.14,"[[6, 1], [6, 5], [6, 9], [6, 13], [14, 1], [14, 5]]","[[2, 1]]"
raygentop,0.8,17,21,1465570.0,5.37149,0.02758,217117.885048694,-22.502440839093403,True,17.05,"[[6, 1], [6, 5], [6, 9], [6, 13], [14, 1], [14, 5]]","[[2, 1]]"
raygentop,1.2,21,18,1404500.0,5.40155,0.02799,212345.49053025,-19.80975627731545,True,16.0,"[[6, 1], [6, 5], [6, 9], [6, 13], [14, 1], [14, 5]]","[[2, 1]]"
raygentop,0.6,16,27,1734360.0,5.55479,0.02896,279000.801724224,-57.41807359451785,True,21.0,"[[6, 1], [6, 5], [6, 9], [6, 13], [14, 1], [14, 5]]","[[2, 1]]"
raygentop,1.1,20,18,1276650.0,5.39933,0.02731,188249.32234129502,-6.214195426332209,True,17.85,"[[6, 1], [6, 5], [6, 9], [6, 13], [14, 1], [14, 5]]","[[2, 1]]"
raygentop,0.4,16,40,2627810.0,5.52547,0.03553,515891.52544447104,-191.07676256600078,True,22.01,"[[6, 1], [6, 5], [6, 9], [6, 13], [14, 1], [14, 5]]","[[2, 1]]"
raygentop,1.7,30,18,2135950.0,5.2712,0.03373,379766.73245720007,-114.27231416269639,True,12.79,"[[6, 1], [6, 5], [6, 9], [6, 13], [14, 1], [14, 5]]","[[2, 1]]"
raygentop,1.5,27,18,1765350.0,5.55479,0.03054,299479.77599931,-68.97273816771225,True,21.0,"[[6, 1], [6, 5], [6, 9], [6, 13], [14, 1], [14, 5]]","[[2, 1]]"
raygentop,1.6,28,18,1768710.0,5.70471,0.03036,306331.72066767607,-72.83874831321917,True,17.9,"[[6, 1], [6, 5], [6, 9], [6, 13], [14, 1], [14, 5]]","[[2, 1]]"
mkSMAdapter4B,0.3,12,40,1583460.0,5.2417,0.03316,275228.73887112003,-52.03308841017659,True,11.54,[],"[[2, 1], [2, 7], [2, 13], [10, 1], [10, 7]]"
mkSMAdapter4B,0.2,12,60,2496610.0,5.57927,0.03801,529451.2210513471,-192.46256996682297,True,13.2,[],"[[2, 1], [2, 7], [2, 13], [10, 1], [10, 7]]"
raygentop,1.8,32,18,2286970.0,5.51745,0.03338,421196.93887257006,-137.64810105013788,True,14.9,"[[6, 1], [6, 5], [6, 9], [6, 13], [14, 1], [14, 5]]","[[2, 1]]"
mkSMAdapter4B,0.1,12,120,4925730.0,5.86985,0.05368,1552065.74219004,-757.3426930945573,True,14.79,[],"[[2, 1], [2, 7], [2, 13], [10, 1], [10, 7]]"
raygentop,1.9,34,18,2172040.0,5.41815,0.03437,404481.23213861993,-128.2167505430154,True,15.35,"[[6, 1], [6, 5], [6, 9], [6, 13], [14, 1], [14, 5]]","[[2, 1]]"
mkSMAdapter4B,0.7,14,20,867555.0,5.19657,0.02846,128306.51074952101,29.125006449571504,True,11.08,[],"[[2, 1], [2, 7], [2, 13], [10, 1], [10, 7]]"
mkSMAdapter4B,0.6,13,22,977581.0,5.21351,0.02901,147853.1875431831,18.327654206179737,True,12.13,[],"[[2, 1], [2, 7], [2, 13], [10, 1], [10, 7]]"
raygentop,2.0,35,18,2425140.0,5.84688,0.03297,467498.19950870395,-163.7722383619091,True,18.45,"[[6, 1], [6, 5], [6, 9], [6, 13], [14, 1], [14, 5]]","[[2, 1]]"
mkSMAdapter4B,0.8,16,20,1009220.0,5.39272,0.02892,157395.390203328,13.056654721867321,True,12.68,[],"[[2, 1], [2, 7], [2, 13], [10, 1], [10, 7]]"
mkSMAdapter4B,0.5,12,24,944515.0,5.05329,0.02948,140705.33386423797,22.27604373400059,True,16.34,[],"[[2, 1], [2, 7], [2, 13], [10, 1], [10, 7]]"
mkSMAdapter4B,0.9,18,20,1150890.0,5.3894,0.0299,185457.9363234,-2.444762654772946,True,13.75,[],"[[2, 1], [2, 7], [2, 13], [10, 1], [10, 7]]"
mkSMAdapter4B,0.4,12,30,1300940.0,5.53821,0.02905,209301.73255047,-15.615792666729114,True,16.69,[],"[[2, 1], [2, 7], [2, 13], [10, 1], [10, 7]]"
mkSMAdapter4B,1.0,20,20,1187150.0,5.23093,0.03171,196915.883004645,-8.773996396618928,True,15.69,[],"[[2, 1], [2, 7], [2, 13], [10, 1], [10, 7]]"
mkSMAdapter4B,1.2,24,20,1447500.0,5.64754,0.03185,260367.83067750005,-43.82409912176467,True,11.58,[],"[[2, 1], [2, 7], [2, 13], [10, 1], [10, 7]]"
mkSMAdapter4B,1.1,22,20,1377270.0,5.25759,0.03271,236857.06723290303,-30.837032465775167,True,12.33,[],"[[2, 1], [2, 7], [2, 13], [10, 1], [10, 7]]"
mkSMAdapter4B,1.5,30,20,1838060.0,5.45638,0.03579,358943.41531801206,-98.27608199319576,True,12.38,[],"[[2, 1], [2, 7], [2, 13], [10, 1], [10, 7]]"
mkSMAdapter4B,1.7,34,20,2521060.0,5.38829,0.03918,532229.0495383319,-193.99700945044037,True,12.49,[],"[[2, 1], [2, 7], [2, 13], [10, 1], [10, 7]]"
mkSMAdapter4B,1.6,32,20,2056460.0,5.15366,0.03876,410789.93914593605,-126.915486341817,True,13.84,[],"[[2, 1], [2, 7], [2, 13], [10, 1], [10, 7]]"
mkSMAdapter4B,1.3,26,20,1717500.0,5.16919,0.03551,315260.75662575004,-74.1462998411143,True,17.0,[],"[[2, 1], [2, 7], [2, 13], [10, 1], [10, 7]]"
mkSMAdapter4B,1.9,38,20,2567320.0,5.19104,0.04175,556404.7889344,-207.3514009288133,True,13.84,[],"[[2, 1], [2, 7], [2, 13], [10, 1], [10, 7]]"
mkSMAdapter4B,1.8,36,20,2328130.0,5.2428,0.0404,493119.1665456,-172.39317431631233,True,14.69,[],"[[2, 1], [2, 7], [2, 13], [10, 1], [10, 7]]"
mkSMAdapter4B,2.0,39,20,2423810.0,5.3097,0.04112,529202.22671184,-192.32502844922138,True,13.69,[],"[[2, 1], [2, 7], [2, 13], [10, 1], [10, 7]]"
mkSMAdapter4B,1.4,28,20,1707820.0,5.59656,0.03413,326211.71059569606,-80.19547682720003,True,19.3,[],"[[2, 1], [2, 7], [2, 13], [10, 1], [10, 7]]"
or1200,0.2,9,45,2695030.0,14.1637,0.0195,744346.1300145,33.23994916118983,True,25.91,"[[6, 1]]","[[2, 1], [2, 7]]"
or1200,0.1,8,80,4518700.0,14.5686,0.02538,1670794.1509716,-49.85273377840742,True,30.83,"[[6, 1]]","[[2, 1], [2, 7]]"
or1200,0.3,13,43,3292140.0,14.0968,0.0224,1039553.5170048,6.762938844657618,True,30.77,"[[6, 1]]","[[2, 1], [2, 7]]"
or1200,0.5,18,36,3598020.0,13.9661,0.0241,1211032.4016402,-8.61692086633297,True,34.19,"[[6, 1]]","[[2, 1], [2, 7]]"
or1200,1.0,27,27,4016090.0,13.7632,0.02617,1446527.1195689598,-29.73833025807523,True,28.66,"[[6, 1]]","[[2, 1], [2, 7]]"
or1200,1.3,30,23,3785360.0,13.7159,0.02531,1314085.56255944,-17.85970991923572,True,26.86,"[[6, 1]]","[[2, 1], [2, 7]]"
or1200,1.2,29,24,3905720.0,14.3374,0.02514,1407786.44998992,-26.263698005233582,True,29.22,"[[6, 1]]","[[2, 1], [2, 7]]"
or1200,1.5,32,21,3755830.0,14.0102,0.02483,1306552.84864078,-17.18410438588773,True,29.52,"[[6, 1]]","[[2, 1], [2, 7]]"
or1200,1.1,28,25,3930710.0,13.6858,0.02586,1391136.3963394803,-24.770362602051435,True,32.47,"[[6, 1]]","[[2, 1], [2, 7]]"
or1200,0.6,20,33,3601750.0,14.0472,0.0242,1224386.96292,-9.814685124141482,True,44.4,"[[6, 1]]","[[2, 1], [2, 7]]"
or1200,0.4,15,38,3197060.0,13.9809,0.02234,998548.3192803599,10.440675551216112,True,47.32,"[[6, 1]]","[[2, 1], [2, 7]]"
or1200,1.4,31,22,3818310.0,13.7349,0.02535,1329458.0875816501,-19.238464386574233,True,38.65,"[[6, 1]]","[[2, 1], [2, 7]]"
or1200,0.7,22,31,3736380.0,13.847,0.02494,1290337.0872684,-15.72972045083723,True,45.81,"[[6, 1]]","[[2, 1], [2, 7]]"
mkPktMerge,0.4,28,70,5344660.0,4.1156,0.1346,2960726.5708815996,-294.5727300826661,True,16.24,[],"[[2, 1], [2, 7], [2, 13], [2, 19], [10, 1], [10, 7], [10, 13], [10, 19], [18, 1], [18, 7], [18, 13], [18, 19], [26, 1], [26, 7], [26, 13]]"
mkPktMerge,0.7,28,40,2975550.0,4.1243,0.1051,1289793.5969115,-71.8893550595504,True,8.58,[],"[[2, 1], [2, 7], [2, 13], [2, 19], [10, 1], [10, 7], [10, 13], [10, 19], [18, 1], [18, 7], [18, 13], [18, 19], [26, 1], [26, 7], [26, 13]]"
mkPktMerge,0.8,28,35,3175950.0,4.19776,0.1018,1357184.9637696,-80.87052740647376,True,7.73,[],"[[2, 1], [2, 7], [2, 13], [2, 19], [10, 1], [10, 7], [10, 13], [10, 19], [18, 1], [18, 7], [18, 13], [18, 19], [26, 1], [26, 7], [26, 13]]"
mkPktMerge,0.9,28,31,2175730.0,4.28419,0.09394,875637.3521752779,-16.695213941109714,True,8.18,[],"[[2, 1], [2, 7], [2, 13], [2, 19], [10, 1], [10, 7], [10, 13], [10, 19], [18, 1], [18, 7], [18, 13], [18, 19], [26, 1], [26, 7], [26, 13]]"
or1200,0.9,25,28,3846530.0,13.8285,0.02546,1354261.7030733,-21.463088878376972,True,50.61,"[[6, 1]]","[[2, 1], [2, 7]]"
mkPktMerge,0.3,28,93,7491130.0,4.15118,0.1547,4810710.39146698,-541.1180118645567,True,20.41,[],"[[2, 1], [2, 7], [2, 13], [2, 19], [10, 1], [10, 7], [10, 13], [10, 19], [18, 1], [18, 7], [18, 13], [18, 19], [26, 1], [26, 7], [26, 13]]"
or1200,1.6,33,21,3975200.0,13.5815,0.02585,1395620.27198,-25.172519278422094,True,46.26,"[[6, 1]]","[[2, 1], [2, 7]]"
or1200,1.7,34,20,3892080.0,13.7358,0.02537,1356301.3196116798,-21.646021116892488,True,35.89,"[[6, 1]]","[[2, 1], [2, 7]]"
mkPktMerge,0.6,28,47,3860540.0,4.34244,0.1078,1807176.80563728,-140.84043861235332,True,15.14,[],"[[2, 1], [2, 7], [2, 13], [2, 19], [10, 1], [10, 7], [10, 13], [10, 19], [18, 1], [18, 7], [18, 13], [18, 19], [26, 1], [26, 7], [26, 13]]"
mkPktMerge,1.0,28,28,2028020.0,4.24581,0.09246,796134.9291446519,-6.100014637027938,True,6.93,[],"[[2, 1], [2, 7], [2, 13], [2, 19], [10, 1], [10, 7], [10, 13], [10, 19], [18, 1], [18, 7], [18, 13], [18, 19], [26, 1], [26, 7], [26, 13]]"
mkPktMerge,1.2,31,26,2186030.0,4.54085,0.08834,876901.20831467,-16.863646640115483,True,6.42,[],"[[2, 1], [2, 7], [2, 13], [2, 19], [10, 1], [10, 7], [10, 13], [10, 19], [18, 1], [18, 7], [18, 13], [18, 19], [26, 1], [26, 7], [26, 13]]"
or1200,1.9,35,18,3580680.0,14.0146,0.0239,1199344.9704792,-7.568680716997787,True,31.93,"[[6, 1]]","[[2, 1], [2, 7]]"
mkPktMerge,0.5,28,56,4638600.0,4.02096,0.1264,2357565.4070784,-214.1901140645982,True,23.21,[],"[[2, 1], [2, 7], [2, 13], [2, 19], [10, 1], [10, 7], [10, 13], [10, 19], [18, 1], [18, 7], [18, 13], [18, 19], [26, 1], [26, 7], [26, 13]]"
or1200,0.8,24,30,3802890.0,13.8298,0.02564,1348489.85624808,-20.945414678233014,True,60.85,"[[6, 1]]","[[2, 1], [2, 7]]"
or1200,1.8,34,19,3593470.0,14.3831,0.02416,1248715.3587051202,-11.99668738619351,True,34.99,"[[6, 1]]","[[2, 1], [2, 7]]"
mkPktMerge,1.4,36,26,2567970.0,4.11988,0.1005,1063262.6884818,-41.699833383930724,True,7.63,[],"[[2, 1], [2, 7], [2, 13], [2, 19], [10, 1], [10, 7], [10, 13], [10, 19], [18, 1], [18, 7], [18, 13], [18, 19], [26, 1], [26, 7], [26, 13]]"
mkPktMerge,1.5,39,26,2797130.0,4.52801,0.09443,1195996.801485059,-59.389160678751516,True,8.14,[],"[[2, 1], [2, 7], [2, 13], [2, 19], [10, 1], [10, 7], [10, 13], [10, 19], [18, 1], [18, 7], [18, 13], [18, 19], [26, 1], [26, 7], [26, 13]]"
mkPktMerge,1.1,29,26,2033360.0,4.37581,0.08934,794911.3179097441,-5.9369453315859255,True,10.39,[],"[[2, 1], [2, 7], [2, 13], [2, 19], [10, 1], [10, 7], [10, 13], [10, 19], [18, 1], [18, 7], [18, 13], [18, 19], [26, 1], [26, 7], [26, 13]]"
custom_macbuf,0.5,8,16,313186.0,13.6276,0.005582,23823.8282645552,46.46716918200951,True,1.97,"[[6, 1], [6, 5], [6, 9]]","[[2, 1]]"
custom_macbuf,0.1,8,80,1747130.0,13.7348,0.01303,312674.14904572,-602.5878517990644,True,3.73,"[[6, 1], [6, 5], [6, 9]]","[[2, 1]]"
custom_macbuf,0.4,8,20,402817.0,13.5296,0.006054,32994.0147548928,25.86149504327217,True,2.42,"[[6, 1], [6, 5], [6, 9]]","[[2, 1]]"
mkPktMerge,1.6,41,26,2950020.0,4.24574,0.1011,1266279.3111862799,-68.7556324099167,True,8.18,[],"[[2, 1], [2, 7], [2, 13], [2, 19], [10, 1], [10, 7], [10, 13], [10, 19], [18, 1], [18, 7], [18, 13], [18, 19], [26, 1], [26, 7], [26, 13]]"
custom_macbuf,0.3,8,27,559760.0,13.4886,0.006919,52241.070474383996,-17.38719555902283,True,3.33,"[[6, 1], [6, 5], [6, 9]]","[[2, 1]]"
mkPktMerge,1.3,34,26,2415190.0,4.70184,0.08808,1000222.118520768,-33.29848689009185,True,10.99,[],"[[2, 1], [2, 7], [2, 13], [2, 19], [10, 1], [10, 7], [10, 13], [10, 19], [18, 1], [18, 7], [18, 13], [18, 19], [26, 1], [26, 7], [26, 13]]"
custom_macbuf,0.2,8,40,886759.0,13.6772,0.008464,102654.60996878718,-130.66787617512594,True,4.38,"[[6, 1], [6, 5], [6, 9]]","[[2, 1]]"
custom_macbuf,0.7,10,14,312678.0,13.8049,0.005683,24530.604271662596,44.879023062311916,True,2.33,"[[6, 1], [6, 5], [6, 9]]","[[2, 1]]"
mkPktMerge,1.7,44,26,3179070.0,3.99099,0.1092,1385489.91445956,-84.64269663629467,True,8.23,[],"[[2, 1], [2, 7], [2, 13], [2, 19], [10, 1], [10, 7], [10, 13], [10, 19], [18, 1], [18, 7], [18, 13], [18, 19], [26, 1], [26, 7], [26, 13]]"
custom_macbuf,1.1,15,14,500498.0,13.755,0.006894,47460.70883106,-6.645584754112495,True,2.67,"[[6, 1], [6, 5], [6, 9]]","[[2, 1]]"
custom_macbuf,0.6,9,15,297919.0,14.0336,0.005514,23053.3506962976,48.198454551118544,True,3.42,"[[6, 1], [6, 5], [6, 9]]","[[2, 1]]"
custom_macbuf,0.9,13,14,425479.0,14.1379,0.006341,38143.521752548106,14.290403955796748,True,3.02,"[[6, 1], [6, 5], [6, 9]]","[[2, 1]]"
custom_macbuf,0.8,11,14,350243.0,13.7912,0.005983,28899.512958152798,35.061958945832664,True,3.17,"[[6, 1], [6, 5], [6, 9]]","[[2, 1]]"
custom_macbuf,1.0,14,14,505734.0,13.9859,0.006684,47276.9021866104,-6.232565910487672,True,3.33,"[[6, 1], [6, 5], [6, 9]]","[[2, 1]]"
mkPktMerge,1.8,46,26,3331850.0,3.8839,0.1136,1470049.0036240001,-95.91179219988192,True,8.28,[],"[[2, 1], [2, 7], [2, 13], [2, 19], [10, 1], [10, 7], [10, 13], [10, 19], [18, 1], [18, 7], [18, 13], [18, 19], [26, 1], [26, 7], [26, 13]]"
custom_macbuf,1.3,18,14,613187.0,13.5532,0.007617,63302.1909506628,-42.2418530279491,True,2.77,"[[6, 1], [6, 5], [6, 9]]","[[2, 1]]"
custom_macbuf,1.2,17,14,575733.0,14.1224,0.007225,58744.53667122,-32.00067210778194,True,3.48,"[[6, 1], [6, 5], [6, 9]]","[[2, 1]]"
mkPktMerge,2.0,51,26,4367130.0,4.34879,0.1082,2054905.32370614,-173.8549420977791,True,8.79,[],"[[2, 1], [2, 7], [2, 13], [2, 19], [10, 1], [10, 7], [10, 13], [10, 19], [18, 1], [18, 7], [18, 13], [18, 19], [26, 1], [26, 7], [26, 13]]"
custom_macbuf,1.6,22,14,834461.0,14.001,0.008457,98805.57051467699,-122.01897325236564,True,2.92,"[[6, 1], [6, 5], [6, 9]]","[[2, 1]]"
custom_macbuf,1.7,23,14,837284.0,14.0238,0.00857,100628.11178834399,-126.11427618095404,True,2.52,"[[6, 1], [6, 5], [6, 9]]","[[2, 1]]"
custom_macbuf,1.4,19,14,650752.0,14.0538,0.007624,69725.58520074241,-56.67540559759884,True,3.93,"[[6, 1], [6, 5], [6, 9]]","[[2, 1]]"
custom_macbuf,1.5,21,14,793375.0,13.9216,0.008278,91430.91893320001,-105.44791795978736,True,3.32,"[[6, 1], [6, 5], [6, 9]]","[[2, 1]]"
mkPktMerge,1.9,49,26,3561120.0,4.20048,0.1082,1618500.3231283198,-115.69573408673844,True,9.84,[],"[[2, 1], [2, 7], [2, 13], [2, 19], [10, 1], [10, 7], [10, 13], [10, 19], [18, 1], [18, 7], [18, 13], [18, 19], [26, 1], [26, 7], [26, 13]]"
custom_macbuf,2.0,27,14,994357.0,13.9094,0.009482,131144.6815634956,-194.68589064936006,True,2.87,"[[6, 1], [6, 5], [6, 9]]","[[2, 1]]"
custom_macbuf,1.8,25,14,876212.0,13.9996,0.008954,109835.29323110079,-146.80307904724032,True,4.33,"[[6, 1], [6, 5], [6, 9]]","[[2, 1]]"
custom_macbuf,1.9,26,14,998806.0,13.926,0.009337,129871.809687972,-191.8257107484345,True,4.54,"[[6, 1], [6, 5], [6, 9]]","[[2, 1]]"
mkPktMerge,0.2,28,140,11907000.0,4.03971,0.1998,9610545.228606002,-1180.7866507256933,True,38.49,[],"[[2, 1], [2, 7], [2, 13], [2, 19], [10, 1], [10, 7], [10, 13], [10, 19], [18, 1], [18, 7], [18, 13], [18, 19], [26, 1], [26, 7], [26, 13]]"
or1200,2.0,35,18,3580680.0,14.0146,0.0239,1199344.9704792,-7.568680716997787,True,40.95,"[[6, 1]]","[[2, 1], [2, 7]]"
mkPktMerge,0.1,28,280,21907000.0,4.35172,0.3034,28924071.654136002,-3754.678790645911,True,64.57,[],"[[2, 1], [2, 7], [2, 13], [2, 19], [10, 1], [10, 7], [10, 13], [10, 19], [18, 1], [18, 7], [18, 13], [18, 19], [26, 1], [26, 7], [26, 13]]"
mkDelayWorker32B,0.8,44,55,6048740.0,8.11882,0.1538,7552907.491909839,10.886920093217185,True,43.14,[],"[[2, 1], [2, 7], [2, 13], [2, 19], [2, 25], [2, 31], [2, 37], [2, 43], [10, 1], [10, 7], [10, 13], [10, 19], [10, 25], [10, 31], [10, 37], [10, 43], [18, 1], [18, 7], [18, 13], [18, 19], [18, 25], [18, 31], [18, 37], [18, 43], [26, 1], [26, 7], [26, 13], [26, 19], [26, 25], [26, 31], [26, 37], [26, 43], [34, 1], [34, 7], [34, 13], [34, 19], [34, 25], [34, 31], [34, 37], [34, 43], [42, 1], [42, 7], [42, 13]]"
mkDelayWorker32B,0.9,45,50,6348410.0,7.39512,0.1649,7741602.14489208,8.660603710128909,True,44.16,[],"[[2, 1], [2, 7], [2, 13], [2, 19], [2, 25], [2, 31], [2, 37], [2, 43], [10, 1], [10, 7], [10, 13], [10, 19], [10, 25], [10, 31], [10, 37], [10, 43], [18, 1], [18, 7], [18, 13], [18, 19], [18, 25], [18, 31], [18, 37], [18, 43], [26, 1], [26, 7], [26, 13], [26, 19], [26, 25], [26, 31], [26, 37], [26, 43], [34, 1], [34, 7], [34, 13], [34, 19], [34, 25], [34, 31], [34, 37], [34, 43], [42, 1], [42, 7], [42, 13]]"
mkDelayWorker32B,1.0,50,50,7102470.0,6.93198,0.1798,8852305.56230988,-4.444045392896367,True,44.72,[],"[[2, 1], [2, 7], [2, 13], [2, 19], [2, 25], [2, 31], [2, 37], [2, 43], [10, 1], [10, 7], [10, 13], [10, 19], [10, 25], [10, 31], [10, 37], [10, 43], [18, 1], [18, 7], [18, 13], [18, 19], [18, 25], [18, 31], [18, 37], [18, 43], [26, 1], [26, 7], [26, 13], [26, 19], [26, 25], [26, 31], [26, 37], [26, 43], [34, 1], [34, 7], [34, 13], [34, 19], [34, 25], [34, 31], [34, 37], [34, 43], [42, 1], [42, 7], [42, 13]]"
mkDelayWorker32B,0.6,44,73,8831330.0,8.29434,0.1696,12423209.102805119,-46.57539850220101,True,49.86,[],"[[2, 1], [2, 7], [2, 13], [2, 19], [2, 25], [2, 31], [2, 37], [2, 43], [10, 1], [10, 7], [10, 13], [10, 19], [10, 25], [10, 31], [10, 37], [10, 43], [18, 1], [18, 7], [18, 13], [18, 19], [18, 25], [18, 31], [18, 37], [18, 43], [26, 1], [26, 7], [26, 13], [26, 19], [26, 25], [26, 31], [26, 37], [26, 43], [34, 1], [34, 7], [34, 13], [34, 19], [34, 25], [34, 31], [34, 37], [34, 43], [42, 1], [42, 7], [42, 13]]"
mkDelayWorker32B,1.3,65,50,9365090.0,7.70352,0.1812,13072521.450764159,-54.236318910681156,True,53.23,[],"[[2, 1], [2, 7], [2, 13], [2, 19], [2, 25], [2, 31], [2, 37], [2, 43], [10, 1], [10, 7], [10, 13], [10, 19], [10, 25], [10, 31], [10, 37], [10, 43], [18, 1], [18, 7], [18, 13], [18, 19], [18, 25], [18, 31], [18, 37], [18, 43], [26, 1], [26, 7], [26, 13], [26, 19], [26, 25], [26, 31], [26, 37], [26, 43], [34, 1], [34, 7], [34, 13], [34, 19], [34, 25], [34, 31], [34, 37], [34, 43], [42, 1], [42, 7], [42, 13]]"
mkDelayWorker32B,0.5,44,88,9905310.0,7.8492,0.1909,14842238.1412068,-75.11634491612409,True,58.03,[],"[[2, 1], [2, 7], [2, 13], [2, 19], [2, 25], [2, 31], [2, 37], [2, 43], [10, 1], [10, 7], [10, 13], [10, 19], [10, 25], [10, 31], [10, 37], [10, 43], [18, 1], [18, 7], [18, 13], [18, 19], [18, 25], [18, 31], [18, 37], [18, 43], [26, 1], [26, 7], [26, 13], [26, 19], [26, 25], [26, 31], [26, 37], [26, 43], [34, 1], [34, 7], [34, 13], [34, 19], [34, 25], [34, 31], [34, 37], [34, 43], [42, 1], [42, 7], [42, 13]]"
mkDelayWorker32B,1.1,55,50,7856640.0,7.54829,0.1742,10330791.14276352,-21.887977257958344,True,59.09,[],"[[2, 1], [2, 7], [2, 13], [2, 19], [2, 25], [2, 31], [2, 37], [2, 43], [10, 1], [10, 7], [10, 13], [10, 19], [10, 25], [10, 31], [10, 37], [10, 43], [18, 1], [18, 7], [18, 13], [18, 19], [18, 25], [18, 31], [18, 37], [18, 43], [26, 1], [26, 7], [26, 13], [26, 19], [26, 25], [26, 31], [26, 37], [26, 43], [34, 1], [34, 7], [34, 13], [34, 19], [34, 25], [34, 31], [34, 37], [34, 43], [42, 1], [42, 7], [42, 13]]"
mkDelayWorker32B,0.4,44,110,12467800.0,7.11044,0.2292,20318933.8462944,-139.7332123298143,True,61.73,[],"[[2, 1], [2, 7], [2, 13], [2, 19], [2, 25], [2, 31], [2, 37], [2, 43], [10, 1], [10, 7], [10, 13], [10, 19], [10, 25], [10, 31], [10, 37], [10, 43], [18, 1], [18, 7], [18, 13], [18, 19], [18, 25], [18, 31], [18, 37], [18, 43], [26, 1], [26, 7], [26, 13], [26, 19], [26, 25], [26, 31], [26, 37], [26, 43], [34, 1], [34, 7], [34, 13], [34, 19], [34, 25], [34, 31], [34, 37], [34, 43], [42, 1], [42, 7], [42, 13]]"
lightweight_cipher,0.2,12,60,2083910.0,3.55007,0.03854,285119.93644239794,-701.5973954012461,True,6.33,[],"[[2, 1], [2, 7], [10, 1]]"
lightweight_cipher,0.4,12,30,932008.0,3.59738,0.02762,92603.97525628479,-160.35045565547833,True,4.37,[],"[[2, 1], [2, 7], [10, 1]]"
lightweight_cipher,0.1,12,120,3909160.0,4.98916,0.04652,907299.317304512,-2450.816960312973,True,9.85,[],"[[2, 1], [2, 7], [10, 1]]"
mkDelayWorker32B,0.7,44,63,6983670.0,7.72133,0.1689,9107631.97303779,-7.456517459564699,True,65.89,[],"[[2, 1], [2, 7], [2, 13], [2, 19], [2, 25], [2, 31], [2, 37], [2, 43], [10, 1], [10, 7], [10, 13], [10, 19], [10, 25], [10, 31], [10, 37], [10, 43], [18, 1], [18, 7], [18, 13], [18, 19], [18, 25], [18, 31], [18, 37], [18, 43], [26, 1], [26, 7], [26, 13], [26, 19], [26, 25], [26, 31], [26, 37], [26, 43], [34, 1], [34, 7], [34, 13], [34, 19], [34, 25], [34, 31], [34, 37], [34, 43], [42, 1], [42, 7], [42, 13]]"
lightweight_cipher,0.3,12,40,1320400.0,3.63472,0.03071,147386.02048448002,-314.36685071225196,True,7.38,[],"[[2, 1], [2, 7], [10, 1]]"
mkDelayWorker32B,1.4,70,50,10119200.0,6.84718,0.2067,14321826.263035199,-68.97625842180133,True,64.47,[],"[[2, 1], [2, 7], [2, 13], [2, 19], [2, 25], [2, 31], [2, 37], [2, 43], [10, 1], [10, 7], [10, 13], [10, 19], [10, 25], [10, 31], [10, 37], [10, 43], [18, 1], [18, 7], [18, 13], [18, 19], [18, 25], [18, 31], [18, 37], [18, 43], [26, 1], [26, 7], [26, 13], [26, 19], [26, 25], [26, 31], [26, 37], [26, 43], [34, 1], [34, 7], [34, 13], [34, 19], [34, 25], [34, 31], [34, 37], [34, 43], [42, 1], [42, 7], [42, 13]]"
mkDelayWorker32B,1.2,60,50,8610810.0,9.33591,0.1512,12154929.774689522,-43.41010126675744,True,65.9,[],"[[2, 1], [2, 7], [2, 13], [2, 19], [2, 25], [2, 31], [2, 37], [2, 43], [10, 1], [10, 7], [10, 13], [10, 19], [10, 25], [10, 31], [10, 37], [10, 43], [18, 1], [18, 7], [18, 13], [18, 19], [18, 25], [18, 31], [18, 37], [18, 43], [26, 1], [26, 7], [26, 13], [26, 19], [26, 25], [26, 31], [26, 37], [26, 43], [34, 1], [34, 7], [34, 13], [34, 19], [34, 25], [34, 31], [34, 37], [34, 43], [42, 1], [42, 7], [42, 13]]"
lightweight_cipher,0.5,12,24,733537.0,3.69866,0.02494,67664.8127728748,-90.23551406412213,True,4.28,[],"[[2, 1], [2, 7], [10, 1]]"
lightweight_cipher,0.6,12,20,601205.0,3.47595,0.02482,51867.806460194995,-45.8231896459052,True,4.22,[],"[[2, 1], [2, 7], [10, 1]]"
lightweight_cipher,0.7,12,17,543466.0,3.44376,0.02404,44992.4579907264,-26.493564736580783,True,4.58,[],"[[2, 1], [2, 7], [10, 1]]"
lightweight_cipher,0.9,13,14,442405.0,3.71144,0.02168,35597.684414176,-0.08072906008054884,True,3.52,[],"[[2, 1], [2, 7], [10, 1]]"
lightweight_cipher,1.1,15,14,498347.0,3.59635,0.02311,41418.4406950295,-16.445432041628283,True,3.32,[],"[[2, 1], [2, 7], [10, 1]]"
lightweight_cipher,0.8,12,15,455220.0,3.59406,0.02218,36288.431689175995,-2.0227230974998385,True,5.28,[],"[[2, 1], [2, 7], [10, 1]]"
lightweight_cipher,1.2,17,14,599504.0,3.62808,0.02381,51787.90412593921,-45.59854908297194,True,3.58,[],"[[2, 1], [2, 7], [10, 1]]"
lightweight_cipher,1.0,14,14,481570.0,3.70191,0.02214,39469.615603218,-10.966428583712265,True,5.07,[],"[[2, 1], [2, 7], [10, 1]]"
lightweight_cipher,1.3,18,14,638669.0,3.62919,0.02425,56207.8903416675,-58.02507204887124,True,3.53,[],"[[2, 1], [2, 7], [10, 1]]"
lightweight_cipher,1.5,21,14,756592.0,3.72508,0.02492,70233.6739258112,-97.45771127360167,True,3.77,[],"[[2, 1], [2, 7], [10, 1]]"
lightweight_cipher,1.6,22,14,761278.0,3.69365,0.02531,71169.04940775699,-100.08746266666641,True,4.33,[],"[[2, 1], [2, 7], [10, 1]]"
lightweight_cipher,1.7,23,14,835017.0,3.53287,0.02692,79414.1752166268,-123.26813342442972,True,4.48,[],"[[2, 1], [2, 7], [10, 1]]"
lightweight_cipher,1.4,19,14,677943.0,3.43329,0.02579,60028.1572505013,-68.76552058456113,True,6.08,[],"[[2, 1], [2, 7], [10, 1]]"
lightweight_cipher,1.8,25,14,839741.0,3.75697,0.0262,82657.901712974,-132.3876735846501,True,4.52,[],"[[2, 1], [2, 7], [10, 1]]"
lightweight_cipher,2.0,27,14,992089.0,3.63029,0.02797,100735.9345994057,-183.21296576364634,True,4.88,[],"[[2, 1], [2, 7], [10, 1]]"
lightweight_cipher,1.9,26,14,911510.0,3.78341,0.02643,91146.922177713,-156.25403936373132,True,6.88,[],"[[2, 1], [2, 7], [10, 1]]"
mkDelayWorker32B,1.6,80,50,11113000.0,8.21506,0.1886,17218041.191707995,-103.14728893455225,True,51.35,[],"[[2, 1], [2, 7], [2, 13], [2, 19], [2, 25], [2, 31], [2, 37], [2, 43], [10, 1], [10, 7], [10, 13], [10, 19], [10, 25], [10, 31], [10, 37], [10, 43], [18, 1], [18, 7], [18, 13], [18, 19], [18, 25], [18, 31], [18, 37], [18, 43], [26, 1], [26, 7], [26, 13], [26, 19], [26, 25], [26, 31], [26, 37], [26, 43], [34, 1], [34, 7], [34, 13], [34, 19], [34, 25], [34, 31], [34, 37], [34, 43], [42, 1], [42, 7], [42, 13]]"
mkDelayWorker32B,1.5,75,50,10872700.0,7.28918,0.2018,15993268.998494798,-88.696797857001,True,78.75,[],"[[2, 1], [2, 7], [2, 13], [2, 19], [2, 25], [2, 31], [2, 37], [2, 43], [10, 1], [10, 7], [10, 13], [10, 19], [10, 25], [10, 31], [10, 37], [10, 43], [18, 1], [18, 7], [18, 13], [18, 19], [18, 25], [18, 31], [18, 37], [18, 43], [26, 1], [26, 7], [26, 13], [26, 19], [26, 25], [26, 31], [26, 37], [26, 43], [34, 1], [34, 7], [34, 13], [34, 19], [34, 25], [34, 31], [34, 37], [34, 43], [42, 1], [42, 7], [42, 13]]"
mkDelayWorker32B,1.7,85,50,12376300.0,7.14701,0.217,19194418.150271002,-126.46559887320814,True,51.16,[],"[[2, 1], [2, 7], [2, 13], [2, 19], [2, 25], [2, 31], [2, 37], [2, 43], [10, 1], [10, 7], [10, 13], [10, 19], [10, 25], [10, 31], [10, 37], [10, 43], [18, 1], [18, 7], [18, 13], [18, 19], [18, 25], [18, 31], [18, 37], [18, 43], [26, 1], [26, 7], [26, 13], [26, 19], [26, 25], [26, 31], [26, 37], [26, 43], [34, 1], [34, 7], [34, 13], [34, 19], [34, 25], [34, 31], [34, 37], [34, 43], [42, 1], [42, 7], [42, 13]]"
mkDelayWorker32B,0.2,44,220,27358500.0,9.48795,0.2829,73434073.05321749,-766.4128915760343,True,111.07,[],"[[2, 1], [2, 7], [2, 13], [2, 19], [2, 25], [2, 31], [2, 37], [2, 43], [10, 1], [10, 7], [10, 13], [10, 19], [10, 25], [10, 31], [10, 37], [10, 43], [18, 1], [18, 7], [18, 13], [18, 19], [18, 25], [18, 31], [18, 37], [18, 43], [26, 1], [26, 7], [26, 13], [26, 19], [26, 25], [26, 31], [26, 37], [26, 43], [34, 1], [34, 7], [34, 13], [34, 19], [34, 25], [34, 31], [34, 37], [34, 43], [42, 1], [42, 7], [42, 13]]"
mkDelayWorker32B,2.0,99,50,14481100.0,6.82194,0.2412,23827953.9145608,-181.13443246561906,True,65.23,[],"[[2, 1], [2, 7], [2, 13], [2, 19], [2, 25], [2, 31], [2, 37], [2, 43], [10, 1], [10, 7], [10, 13], [10, 19], [10, 25], [10, 31], [10, 37], [10, 43], [18, 1], [18, 7], [18, 13], [18, 19], [18, 25], [18, 31], [18, 37], [18, 43], [26, 1], [26, 7], [26, 13], [26, 19], [26, 25], [26, 31], [26, 37], [26, 43], [34, 1], [34, 7], [34, 13], [34, 19], [34, 25], [34, 31], [34, 37], [34, 43], [42, 1], [42, 7], [42, 13]]"
mkDelayWorker32B,0.3,44,147,16776100.0,7.77395,0.2491,32486765.742414497,-283.29553944856866,True,118.37,[],"[[2, 1], [2, 7], [2, 13], [2, 19], [2, 25], [2, 31], [2, 37], [2, 43], [10, 1], [10, 7], [10, 13], [10, 19], [10, 25], [10, 31], [10, 37], [10, 43], [18, 1], [18, 7], [18, 13], [18, 19], [18, 25], [18, 31], [18, 37], [18, 43], [26, 1], [26, 7], [26, 13], [26, 19], [26, 25], [26, 31], [26, 37], [26, 43], [34, 1], [34, 7], [34, 13], [34, 19], [34, 25], [34, 31], [34, 37], [34, 43], [42, 1], [42, 7], [42, 13]]"
mkDelayWorker32B,1.8,90,50,13127900.0,7.80403,0.2078,21289219.185808603,-151.1811368655146,True,87.84,[],"[[2, 1], [2, 7], [2, 13], [2, 19], [2, 25], [2, 31], [2, 37], [2, 43], [10, 1], [10, 7], [10, 13], [10, 19], [10, 25], [10, 31], [10, 37], [10, 43], [18, 1], [18, 7], [18, 13], [18, 19], [18, 25], [18, 31], [18, 37], [18, 43], [26, 1], [26, 7], [26, 13], [26, 19], [26, 25], [26, 31], [26, 37], [26, 43], [34, 1], [34, 7], [34, 13], [34, 19], [34, 25], [34, 31], [34, 37], [34, 43], [42, 1], [42, 7], [42, 13]]"
mkDelayWorker32B,1.9,95,50,13879700.0,8.11675,0.2081,23444141.2402975,-176.60601350278958,True,90.97,[],"[[2, 1], [2, 7], [2, 13], [2, 19], [2, 25], [2, 31], [2, 37], [2, 43], [10, 1], [10, 7], [10, 13], [10, 19], [10, 25], [10, 31], [10, 37], [10, 43], [18, 1], [18, 7], [18, 13], [18, 19], [18, 25], [18, 31], [18, 37], [18, 43], [26, 1], [26, 7], [26, 13], [26, 19], [26, 25], [26, 31], [26, 37], [26, 43], [34, 1], [34, 7], [34, 13], [34, 19], [34, 25], [34, 31], [34, 37], [34, 43], [42, 1], [42, 7], [42, 13]]"
mkDelayWorker32B,0.1,44,440,55133600.0,17.623,0.3557,345605032.24696004,-3977.6255882649502,True,177.21,[],"[[2, 1], [2, 7], [2, 13], [2, 19], [2, 25], [2, 31], [2, 37], [2, 43], [10, 1], [10, 7], [10, 13], [10, 19], [10, 25], [10, 31], [10, 37], [10, 43], [18, 1], [18, 7], [18, 13], [18, 19], [18, 25], [18, 31], [18, 37], [18, 43], [26, 1], [26, 7], [26, 13], [26, 19], [26, 25], [26, 31], [26, 37], [26, 43], [34, 1], [34, 7], [34, 13], [34, 19], [34, 25], [34, 31], [34, 37], [34, 43], [42, 1], [42, 7], [42, 13]]"
reduction_layer,0.4,36,90,20177200.0,7.92286,0.1821,29110711.9172232,-150.43207057895432,True,244.48,[],"[[2, 1], [2, 7], [2, 13], [2, 19], [2, 25], [2, 31], [2, 37], [10, 1], [10, 7], [10, 13], [10, 19], [10, 25], [10, 31], [10, 37], [18, 1], [18, 7], [18, 13], [18, 19], [18, 25], [18, 31], [18, 37], [26, 1], [26, 7], [26, 13], [26, 19], [26, 25], [26, 31], [26, 37], [34, 1], [34, 7], [34, 13], [34, 19]]"
reduction_layer,0.6,36,60,13498000.0,7.38605,0.1622,16170837.650380002,-39.113614510567665,True,273.33,[],"[[2, 1], [2, 7], [2, 13], [2, 19], [2, 25], [2, 31], [2, 37], [10, 1], [10, 7], [10, 13], [10, 19], [10, 25], [10, 31], [10, 37], [18, 1], [18, 7], [18, 13], [18, 19], [18, 25], [18, 31], [18, 37], [26, 1], [26, 7], [26, 13], [26, 19], [26, 25], [26, 31], [26, 37], [34, 1], [34, 7], [34, 13], [34, 19]]"
reduction_layer,0.2,36,180,40294800.0,6.91226,0.2921,81358068.0138408,-599.9028223337601,True,320.34,[],"[[2, 1], [2, 7], [2, 13], [2, 19], [2, 25], [2, 31], [2, 37], [10, 1], [10, 7], [10, 13], [10, 19], [10, 25], [10, 31], [10, 37], [18, 1], [18, 7], [18, 13], [18, 19], [18, 25], [18, 31], [18, 37], [26, 1], [26, 7], [26, 13], [26, 19], [26, 25], [26, 31], [26, 37], [34, 1], [34, 7], [34, 13], [34, 19]]"
reduction_layer,1.2,53,44,14134100.0,6.95091,0.1721,16907939.8950351,-45.45471815249395,True,289.32,[],"[[2, 1], [2, 7], [2, 13], [2, 19], [2, 25], [2, 31], [2, 37], [10, 1], [10, 7], [10, 13], [10, 19], [10, 25], [10, 31], [10, 37], [18, 1], [18, 7], [18, 13], [18, 19], [18, 25], [18, 31], [18, 37], [26, 1], [26, 7], [26, 13], [26, 19], [26, 25], [26, 31], [26, 37], [34, 1], [34, 7], [34, 13], [34, 19]]"
reduction_layer,0.9,40,44,10011000.0,7.62722,0.1439,10987642.706538001,5.47609685381644,True,322.28,[],"[[2, 1], [2, 7], [2, 13], [2, 19], [2, 25], [2, 31], [2, 37], [10, 1], [10, 7], [10, 13], [10, 19], [10, 25], [10, 31], [10, 37], [18, 1], [18, 7], [18, 13], [18, 19], [18, 25], [18, 31], [18, 37], [26, 1], [26, 7], [26, 13], [26, 19], [26, 25], [26, 31], [26, 37], [34, 1], [34, 7], [34, 13], [34, 19]]"
reduction_layer,0.3,36,120,28189900.0,7.20409,0.2282,46343444.000886194,-298.6808935454165,True,353.1,[],"[[2, 1], [2, 7], [2, 13], [2, 19], [2, 25], [2, 31], [2, 37], [10, 1], [10, 7], [10, 13], [10, 19], [10, 25], [10, 31], [10, 37], [18, 1], [18, 7], [18, 13], [18, 19], [18, 25], [18, 31], [18, 37], [26, 1], [26, 7], [26, 13], [26, 19], [26, 25], [26, 31], [26, 37], [34, 1], [34, 7], [34, 13], [34, 19]]"
reduction_layer,0.7,36,51,10459100.0,6.99934,0.1547,11325091.4949718,2.57311052211367,True,351.38,[],"[[2, 1], [2, 7], [2, 13], [2, 19], [2, 25], [2, 31], [2, 37], [10, 1], [10, 7], [10, 13], [10, 19], [10, 25], [10, 31], [10, 37], [18, 1], [18, 7], [18, 13], [18, 19], [18, 25], [18, 31], [18, 37], [26, 1], [26, 7], [26, 13], [26, 19], [26, 25], [26, 31], [26, 37], [34, 1], [34, 7], [34, 13], [34, 19]]"
reduction_layer,0.8,36,45,9961610.0,6.98061,0.153,10639331.5004613,8.472529809206746,True,362.55,[],"[[2, 1], [2, 7], [2, 13], [2, 19], [2, 25], [2, 31], [2, 37], [10, 1], [10, 7], [10, 13], [10, 19], [10, 25], [10, 31], [10, 37], [18, 1], [18, 7], [18, 13], [18, 19], [18, 25], [18, 31], [18, 37], [26, 1], [26, 7], [26, 13], [26, 19], [26, 25], [26, 31], [26, 37], [34, 1], [34, 7], [34, 13], [34, 19]]"
reduction_layer,0.5,36,72,16654500.0,7.2481,0.1768,21342143.52036,-83.60104718822663,True,383.19,[],"[[2, 1], [2, 7], [2, 13], [2, 19], [2, 25], [2, 31], [2, 37], [10, 1], [10, 7], [10, 13], [10, 19], [10, 25], [10, 31], [10, 37], [18, 1], [18, 7], [18, 13], [18, 19], [18, 25], [18, 31], [18, 37], [26, 1], [26, 7], [26, 13], [26, 19], [26, 25], [26, 31], [26, 37], [34, 1], [34, 7], [34, 13], [34, 19]]"
reduction_layer,1.1,48,44,12145900.0,7.45446,0.1569,14205902.624526601,-22.209776896536656,True,366.19,[],"[[2, 1], [2, 7], [2, 13], [2, 19], [2, 25], [2, 31], [2, 37], [10, 1], [10, 7], [10, 13], [10, 19], [10, 25], [10, 31], [10, 37], [18, 1], [18, 7], [18, 13], [18, 19], [18, 25], [18, 31], [18, 37], [26, 1], [26, 7], [26, 13], [26, 19], [26, 25], [26, 31], [26, 37], [34, 1], [34, 7], [34, 13], [34, 19]]"
reduction_layer,1.0,44,44,11616900.0,6.67123,0.1658,12849336.1542846,-10.539579651388225,True,392.33,[],"[[2, 1], [2, 7], [2, 13], [2, 19], [2, 25], [2, 31], [2, 37], [10, 1], [10, 7], [10, 13], [10, 19], [10, 25], [10, 31], [10, 37], [18, 1], [18, 7], [18, 13], [18, 19], [18, 25], [18, 31], [18, 37], [26, 1], [26, 7], [26, 13], [26, 19], [26, 25], [26, 31], [26, 37], [34, 1], [34, 7], [34, 13], [34, 19]]"
reduction_layer,0.1,36,360,82708300.0,6.94183,0.4779,274384831.3185231,-2260.463105057219,True,415.46,[],"[[2, 1], [2, 7], [2, 13], [2, 19], [2, 25], [2, 31], [2, 37], [10, 1], [10, 7], [10, 13], [10, 19], [10, 25], [10, 31], [10, 37], [18, 1], [18, 7], [18, 13], [18, 19], [18, 25], [18, 31], [18, 37], [26, 1], [26, 7], [26, 13], [26, 19], [26, 25], [26, 31], [26, 37], [34, 1], [34, 7], [34, 13], [34, 19]]"
reduction_layer,1.3,57,44,15520400.0,6.95313,0.1777,19176559.268000398,-64.97107517401682,True,411.67,[],"[[2, 1], [2, 7], [2, 13], [2, 19], [2, 25], [2, 31], [2, 37], [10, 1], [10, 7], [10, 13], [10, 19], [10, 25], [10, 31], [10, 37], [18, 1], [18, 7], [18, 13], [18, 19], [18, 25], [18, 31], [18, 37], [26, 1], [26, 7], [26, 13], [26, 19], [26, 25], [26, 31], [26, 37], [34, 1], [34, 7], [34, 13], [34, 19]]"
reduction_layer,1.6,70,44,18885800.0,7.63503,0.1827,26344179.7771698,-126.6322963196759,True,362.64,[],"[[2, 1], [2, 7], [2, 13], [2, 19], [2, 25], [2, 31], [2, 37], [10, 1], [10, 7], [10, 13], [10, 19], [10, 25], [10, 31], [10, 37], [18, 1], [18, 7], [18, 13], [18, 19], [18, 25], [18, 31], [18, 37], [26, 1], [26, 7], [26, 13], [26, 19], [26, 25], [26, 31], [26, 37], [34, 1], [34, 7], [34, 13], [34, 19]]"
reduction_layer,1.4,61,44,16976000.0,7.12011,0.1816,21950171.304576002,-88.83175598723258,True,407.71,[],"[[2, 1], [2, 7], [2, 13], [2, 19], [2, 25], [2, 31], [2, 37], [10, 1], [10, 7], [10, 13], [10, 19], [10, 25], [10, 31], [10, 37], [18, 1], [18, 7], [18, 13], [18, 19], [18, 25], [18, 31], [18, 37], [26, 1], [26, 7], [26, 13], [26, 19], [26, 25], [26, 31], [26, 37], [34, 1], [34, 7], [34, 13], [34, 19]]"
reduction_layer,1.5,66,44,17347900.0,6.60081,0.1949,22318036.381625097,-91.99640593468324,True,409.73,[],"[[2, 1], [2, 7], [2, 13], [2, 19], [2, 25], [2, 31], [2, 37], [10, 1], [10, 7], [10, 13], [10, 19], [10, 25], [10, 31], [10, 37], [18, 1], [18, 7], [18, 13], [18, 19], [18, 25], [18, 31], [18, 37], [26, 1], [26, 7], [26, 13], [26, 19], [26, 25], [26, 31], [26, 37], [34, 1], [34, 7], [34, 13], [34, 19]]"
arm_core,0.3,36,120,29261000.0,18.6407,0.1301,70962462.50326999,-518.7593112968956,True,232.86,[],"[[2, 1], [2, 7], [2, 13], [2, 19], [2, 25], [10, 1], [10, 7], [10, 13], [10, 19], [10, 25], [18, 1], [18, 7], [18, 13], [18, 19], [18, 25], [26, 1], [26, 7], [26, 13], [26, 19], [26, 25], [34, 1], [34, 7], [34, 13], [34, 19]]"
reduction_layer,1.7,74,44,20742800.0,7.32558,0.1953,29676428.8729272,-155.29879005257717,True,357.01,[],"[[2, 1], [2, 7], [2, 13], [2, 19], [2, 25], [2, 31], [2, 37], [10, 1], [10, 7], [10, 13], [10, 19], [10, 25], [10, 31], [10, 37], [18, 1], [18, 7], [18, 13], [18, 19], [18, 25], [18, 31], [18, 37], [26, 1], [26, 7], [26, 13], [26, 19], [26, 25], [26, 31], [26, 37], [34, 1], [34, 7], [34, 13], [34, 19]]"
arm_core,0.7,36,51,12731500.0,19.4539,0.07386,18293447.435001,-59.51026129632386,True,199.18,[],"[[2, 1], [2, 7], [2, 13], [2, 19], [2, 25], [10, 1], [10, 7], [10, 13], [10, 19], [10, 25], [18, 1], [18, 7], [18, 13], [18, 19], [18, 25], [26, 1], [26, 7], [26, 13], [26, 19], [26, 25], [34, 1], [34, 7], [34, 13], [34, 19]]"
arm_core,1.2,38,32,8803600.0,18.9887,0.06051,10115391.308053201,11.798543363948447,True,143.23,[],"[[2, 1], [2, 7], [2, 13], [2, 19], [2, 25], [10, 1], [10, 7], [10, 13], [10, 19], [10, 25], [18, 1], [18, 7], [18, 13], [18, 19], [18, 25], [26, 1], [26, 7], [26, 13], [26, 19], [26, 25], [34, 1], [34, 7], [34, 13], [34, 19]]"
arm_core,1.1,36,33,9372710.0,18.8173,0.06238,11001904.201181538,4.068567714038728,True,169.65,[],"[[2, 1], [2, 7], [2, 13], [2, 19], [2, 25], [10, 1], [10, 7], [10, 13], [10, 19], [10, 25], [18, 1], [18, 7], [18, 13], [18, 19], [18, 25], [26, 1], [26, 7], [26, 13], [26, 19], [26, 25], [34, 1], [34, 7], [34, 13], [34, 19]]"
arm_core,0.9,36,40,10346400.0,18.9765,0.06556,12871949.411376,-12.237347350572549,True,181.37,[],"[[2, 1], [2, 7], [2, 13], [2, 19], [2, 25], [10, 1], [10, 7], [10, 13], [10, 19], [10, 25], [18, 1], [18, 7], [18, 13], [18, 19], [18, 25], [26, 1], [26, 7], [26, 13], [26, 19], [26, 25], [34, 1], [34, 7], [34, 13], [34, 19]]"
reduction_layer,1.8,79,44,20893900.0,6.9558,0.2046,29735293.356252,-155.8051862714161,True,380.77,[],"[[2, 1], [2, 7], [2, 13], [2, 19], [2, 25], [2, 31], [2, 37], [10, 1], [10, 7], [10, 13], [10, 19], [10, 25], [10, 31], [10, 37], [18, 1], [18, 7], [18, 13], [18, 19], [18, 25], [18, 31], [18, 37], [26, 1], [26, 7], [26, 13], [26, 19], [26, 25], [26, 31], [26, 37], [34, 1], [34, 7], [34, 13], [34, 19]]"
arm_core,0.8,36,45,11320200.0,19.3042,0.06911,15102428.948492402,-31.68608029419562,True,243.42,[],"[[2, 1], [2, 7], [2, 13], [2, 19], [2, 25], [10, 1], [10, 7], [10, 13], [10, 19], [10, 25], [18, 1], [18, 7], [18, 13], [18, 19], [18, 25], [26, 1], [26, 7], [26, 13], [26, 19], [26, 25], [34, 1], [34, 7], [34, 13], [34, 19]]"
arm_core,0.5,36,72,17898800.0,18.6078,0.09191,30611295.582722407,-166.91610612861982,True,294.94,[],"[[2, 1], [2, 7], [2, 13], [2, 19], [2, 25], [10, 1], [10, 7], [10, 13], [10, 19], [10, 25], [18, 1], [18, 7], [18, 13], [18, 19], [18, 25], [26, 1], [26, 7], [26, 13], [26, 19], [26, 25], [34, 1], [34, 7], [34, 13], [34, 19]]"
reduction_layer,1.9,83,44,21985000.0,7.53104,0.1991,32964969.95704,-183.58927484800654,True,371.63,[],"[[2, 1], [2, 7], [2, 13], [2, 19], [2, 25], [2, 31], [2, 37], [10, 1], [10, 7], [10, 13], [10, 19], [10, 25], [10, 31], [10, 37], [18, 1], [18, 7], [18, 13], [18, 19], [18, 25], [18, 31], [18, 37], [26, 1], [26, 7], [26, 13], [26, 19], [26, 25], [26, 31], [26, 37], [34, 1], [34, 7], [34, 13], [34, 19]]"
arm_core,0.4,36,90,21799000.0,18.9671,0.1053,43537739.49837,-279.62861993682486,True,327.46,[],"[[2, 1], [2, 7], [2, 13], [2, 19], [2, 25], [10, 1], [10, 7], [10, 13], [10, 19], [10, 25], [18, 1], [18, 7], [18, 13], [18, 19], [18, 25], [26, 1], [26, 7], [26, 13], [26, 19], [26, 25], [34, 1], [34, 7], [34, 13], [34, 19]]"
arm_core,0.6,36,60,15546100.0,18.3376,0.08425,24017835.263079997,-109.42423193869375,True,300.64,[],"[[2, 1], [2, 7], [2, 13], [2, 19], [2, 25], [10, 1], [10, 7], [10, 13], [10, 19], [10, 25], [18, 1], [18, 7], [18, 13], [18, 19], [18, 25], [26, 1], [26, 7], [26, 13], [26, 19], [26, 25], [34, 1], [34, 7], [34, 13], [34, 19]]"
arm_core,1.0,36,36,9876390.0,19.5419,0.06326,12209396.71237566,-6.460199302582269,True,300.88,[],"[[2, 1], [2, 7], [2, 13], [2, 19], [2, 25], [10, 1], [10, 7], [10, 13], [10, 19], [10, 25], [18, 1], [18, 7], [18, 13], [18, 19], [18, 25], [26, 1], [26, 7], [26, 13], [26, 19], [26, 25], [34, 1], [34, 7], [34, 13], [34, 19]]"
arm_core,1.3,41,32,10004100.0,19.6376,0.06319,12414087.129770398,-8.245003510728319,True,206.25,[],"[[2, 1], [2, 7], [2, 13], [2, 19], [2, 25], [10, 1], [10, 7], [10, 13], [10, 19], [10, 25], [18, 1], [18, 7], [18, 13], [18, 19], [18, 25], [26, 1], [26, 7], [26, 13], [26, 19], [26, 25], [34, 1], [34, 7], [34, 13], [34, 19]]"
arm_core,1.4,45,32,10339100.0,18.701,0.06597,12755399.055327,-11.221083039889086,True,212.58,[],"[[2, 1], [2, 7], [2, 13], [2, 19], [2, 25], [10, 1], [10, 7], [10, 13], [10, 19], [10, 25], [18, 1], [18, 7], [18, 13], [18, 19], [18, 25], [26, 1], [26, 7], [26, 13], [26, 19], [26, 25], [34, 1], [34, 7], [34, 13], [34, 19]]"
arm_core,0.2,36,180,42696100.0,19.9933,0.1728,147508289.76326403,-1186.2029383534186,True,490.18,[],"[[2, 1], [2, 7], [2, 13], [2, 19], [2, 25], [10, 1], [10, 7], [10, 13], [10, 19], [10, 25], [18, 1], [18, 7], [18, 13], [18, 19], [18, 25], [26, 1], [26, 7], [26, 13], [26, 19], [26, 25], [34, 1], [34, 7], [34, 13], [34, 19]]"
arm_core,1.5,48,32,12035500.0,18.9453,0.07047,16068298.664830502,-40.10801013430441,True,247.98,[],"[[2, 1], [2, 7], [2, 13], [2, 19], [2, 25], [10, 1], [10, 7], [10, 13], [10, 19], [10, 25], [18, 1], [18, 7], [18, 13], [18, 19], [18, 25], [26, 1], [26, 7], [26, 13], [26, 19], [26, 25], [34, 1], [34, 7], [34, 13], [34, 19]]"
reduction_layer,2.0,87,44,22537700.0,6.87231,0.216,33455389.194791995,-187.80822715364636,True,555.8,[],"[[2, 1], [2, 7], [2, 13], [2, 19], [2, 25], [2, 31], [2, 37], [10, 1], [10, 7], [10, 13], [10, 19], [10, 25], [10, 31], [10, 37], [18, 1], [18, 7], [18, 13], [18, 19], [18, 25], [18, 31], [18, 37], [26, 1], [26, 7], [26, 13], [26, 19], [26, 25], [26, 31], [26, 37], [34, 1], [34, 7], [34, 13], [34, 19]]"
arm_core,1.8,57,32,13919500.0,18.7153,0.07712,20090347.527151998,-75.1783853194642,True,256.67,[],"[[2, 1], [2, 7], [2, 13], [2, 19], [2, 25], [10, 1], [10, 7], [10, 13], [10, 19], [10, 25], [18, 1], [18, 7], [18, 13], [18, 19], [18, 25], [26, 1], [26, 7], [26, 13], [26, 19], [26, 25], [34, 1], [34, 7], [34, 13], [34, 19]]"
arm_core,1.9,60,32,13985100.0,19.4516,0.07724,21011795.796398398,-83.21298102488161,True,247.0,[],"[[2, 1], [2, 7], [2, 13], [2, 19], [2, 25], [10, 1], [10, 7], [10, 13], [10, 19], [10, 25], [18, 1], [18, 7], [18, 13], [18, 19], [18, 25], [26, 1], [26, 7], [26, 13], [26, 19], [26, 25], [34, 1], [34, 7], [34, 13], [34, 19]]"
arm_core,1.6,51,32,12828900.0,19.4218,0.07223,17996850.637344602,-56.924076660435816,True,294.23,[],"[[2, 1], [2, 7], [2, 13], [2, 19], [2, 25], [10, 1], [10, 7], [10, 13], [10, 19], [10, 25], [18, 1], [18, 7], [18, 13], [18, 19], [18, 25], [26, 1], [26, 7], [26, 13], [26, 19], [26, 25], [34, 1], [34, 7], [34, 13], [34, 19]]"
arm_core,1.7,54,32,12292000.0,19.328,0.07195,17093864.8832,-49.050465406885046,True,301.25,[],"[[2, 1], [2, 7], [2, 13], [2, 19], [2, 25], [10, 1], [10, 7], [10, 13], [10, 19], [10, 25], [18, 1], [18, 7], [18, 13], [18, 19], [18, 25], [26, 1], [26, 7], [26, 13], [26, 19], [26, 25], [34, 1], [34, 7], [34, 13], [34, 19]]"
softmax,0.3,21,70,8241400.0,6.37826,0.07093,3728491.6240065205,-4.190765745001178,True,291.19,"[[6, 1], [6, 5], [6, 9], [6, 13], [6, 17], [6, 21], [6, 25], [6, 29]]",[]
arm_core,2.0,63,32,15452700.0,18.7265,0.08194,23711386.397907,-106.75214190583418,True,335.87,[],"[[2, 1], [2, 7], [2, 13], [2, 19], [2, 25], [10, 1], [10, 7], [10, 13], [10, 19], [10, 25], [18, 1], [18, 7], [18, 13], [18, 19], [18, 25], [26, 1], [26, 7], [26, 13], [26, 19], [26, 25], [34, 1], [34, 7], [34, 13], [34, 19]]"
softmax,0.4,24,60,7490960.0,6.24273,0.06934,3242618.583580272,9.386704514262634,True,320.55,"[[6, 1], [6, 5], [6, 9], [6, 13], [6, 17], [6, 21], [6, 25], [6, 29]]",[]
softmax,0.1,13,130,13229400.0,7.8764,0.07994,8329751.6900304,-132.77059319698427,True,352.96,"[[6, 1], [6, 5], [6, 9], [6, 13], [6, 17], [6, 21], [6, 25], [6, 29]]",[]
softmax,0.2,18,90,9447230.0,6.74125,0.0744,4738248.759269999,-32.40790547576663,True,391.24,"[[6, 1], [6, 5], [6, 9], [6, 13], [6, 17], [6, 21], [6, 25], [6, 29]]",[]
softmax,0.7,32,46,7592810.0,6.32444,0.07228,3470905.207858192,3.0073531326712604,True,332.4,"[[6, 1], [6, 5], [6, 9], [6, 13], [6, 17], [6, 21], [6, 25], [6, 29]]",[]
softmax,0.5,27,54,7314050.0,6.13752,0.07183,3224457.9054454803,9.894195251033864,True,396.56,"[[6, 1], [6, 5], [6, 9], [6, 13], [6, 17], [6, 21], [6, 25], [6, 29]]",[]
softmax,0.8,34,43,7544400.0,6.39707,0.07148,3449771.68482384,3.597918479167233,True,318.3,"[[6, 1], [6, 5], [6, 9], [6, 13], [6, 17], [6, 21], [6, 25], [6, 29]]",[]
softmax,0.9,36,40,7687930.0,6.27094,0.07241,3490925.762881622,2.447889100326288,True,306.72,"[[6, 1], [6, 5], [6, 9], [6, 13], [6, 17], [6, 21], [6, 25], [6, 29]]",[]
softmax,0.6,30,50,7734110.0,6.24715,0.07331,3542056.6109533156,1.019064054970161,True,378.26,"[[6, 1], [6, 5], [6, 9], [6, 13], [6, 17], [6, 21], [6, 25], [6, 29]]",[]
softmax,1.1,40,36,7429280.0,6.28099,0.07106,3315889.3644944318,7.339190522001834,True,303.71,"[[6, 1], [6, 5], [6, 9], [6, 13], [6, 17], [6, 21], [6, 25], [6, 29]]",[]
softmax,1.2,42,35,7588870.0,6.25158,0.07211,3421073.4769218056,4.399875023087034,True,297.33,"[[6, 1], [6, 5], [6, 9], [6, 13], [6, 17], [6, 21], [6, 25], [6, 29]]",[]
softmax,1.3,44,34,7726200.0,6.08128,0.07428,3490059.58161408,2.4720940868570693,True,303.62,"[[6, 1], [6, 5], [6, 9], [6, 13], [6, 17], [6, 21], [6, 25], [6, 29]]",[]
softmax,1.0,38,38,7710950.0,6.21792,0.07223,3463144.65227952,3.2242178355828335,True,332.42,"[[6, 1], [6, 5], [6, 9], [6, 13], [6, 17], [6, 21], [6, 25], [6, 29]]",[]
softmax,1.5,51,34,9144230.0,6.31917,0.08013,4630227.4238335835,-29.389305250557136,True,271.98,"[[6, 1], [6, 5], [6, 9], [6, 13], [6, 17], [6, 21], [6, 25], [6, 29]]",[]
softmax,1.4,47,34,8271700.0,6.18852,0.07644,3912931.5627729595,-9.344844228188567,True,323.62,"[[6, 1], [6, 5], [6, 9], [6, 13], [6, 17], [6, 21], [6, 25], [6, 29]]",[]
softmax,1.6,54,34,9698350.0,6.35566,0.08319,5127782.947243591,-43.29323644111112,True,266.61,"[[6, 1], [6, 5], [6, 9], [6, 13], [6, 17], [6, 21], [6, 25], [6, 29]]",[]
softmax,1.7,57,34,9848170.0,6.35104,0.08626,5395228.448939968,-50.76686235390271,True,254.88,"[[6, 1], [6, 5], [6, 9], [6, 13], [6, 17], [6, 21], [6, 25], [6, 29]]",[]
softmax,1.8,61,34,10991700.0,6.24929,0.09174,6301650.038723821,-76.09634383089148,True,246.86,"[[6, 1], [6, 5], [6, 9], [6, 13], [6, 17], [6, 21], [6, 25], [6, 29]]",[]
arm_core,0.1,36,360,86139800.0,23.4519,0.3008,607658706.266496,-5198.498238779321,True,952.25,[],"[[2, 1], [2, 7], [2, 13], [2, 19], [2, 25], [10, 1], [10, 7], [10, 13], [10, 19], [10, 25], [18, 1], [18, 7], [18, 13], [18, 19], [18, 25], [26, 1], [26, 7], [26, 13], [26, 19], [26, 25], [34, 1], [34, 7], [34, 13], [34, 19]]"
softmax,1.9,64,34,11362900.0,6.40048,0.09325,6781887.323404,-89.516325817162,True,228.48,"[[6, 1], [6, 5], [6, 9], [6, 13], [6, 17], [6, 21], [6, 25], [6, 29]]",[]
softmax,2.0,67,34,11908400.0,6.27656,0.09747,7285276.92902688,-103.5832874110203,True,181.04,"[[6, 1], [6, 5], [6, 9], [6, 13], [6, 17], [6, 21], [6, 25], [6, 29]]",[]
