circuit,seed,sample_index,adp_reduction_pct,vtr_success,aspect_ratio,area_mwta,delay_ns,power_w,adp,vtr_seconds,cached,grid_w,grid_h,dsp_coords,bram_coords
custom_macbuf,7,3,69.07463554980848,True,0.8,211009.0,13.3957,0.004869,13762.779969269699,1.93,False,8,10,"[[5, 4], [6, 4], [4, 3]]","[[2, 3]]"
custom_macbuf,7,0,61.5712815370281,True,0.8,244180.0,13.4431,0.00521,17102.01338318,2.93,False,9,11,"[[2, 6], [4, 3], [7, 3]]","[[6, 3]]"
custom_macbuf,7,9,47.75431812871741,True,0.8,299998.0,14.0431,0.005519,23251.0056622622,2.8,False,10,13,"[[3, 5], [1, 8], [6, 4]]","[[5, 3]]"
custom_macbuf,7,7,43.12422821958202,True,0.8,324700.0,13.763,0.005664,25311.544310399997,2.75,False,10,13,"[[4, 2], [1, 8], [7, 3]]","[[6, 4]]"
custom_macbuf,7,8,48.17711146690862,True,0.8,300025.0,13.7341,0.005597,23062.8490539425,2.71,False,10,13,"[[5, 8], [4, 3], [5, 4]]","[[6, 4]]"
custom_macbuf,7,5,45.61133673451501,True,0.8,313252.0,13.3062,0.005807,24204.7011782568,4.6,False,10,13,"[[5, 4], [7, 3], [1, 8]]","[[6, 4]]"
custom_macbuf,7,4,57.60155270867274,True,0.8,266727.0,13.8221,0.005118,18868.6701509706,6.7,False,9,11,"[[4, 2], [5, 4], [2, 3]]","[[6, 4]]"
custom_macbuf,7,1,70.12066443667524,True,0.8,204539.0,13.4626,0.004829,13297.263534220601,4.52,False,8,10,"[[4, 2], [5, 4], [6, 4]]","[[2, 3]]"
custom_macbuf,7,2,44.935977052500355,True,0.8,313272.0,14.0918,0.005551,24505.2579176496,4.87,False,10,13,"[[6, 4], [8, 8], [5, 8]]","[[7, 4]]"
custom_macbuf,7,6,47.81084518631688,True,0.8,299954.0,13.8295,0.005599,23225.849306957,4.34,False,10,13,"[[6, 4], [4, 3], [1, 8]]","[[5, 4]]"
lightweight_cipher,7,0,30.52302011751597,True,0.8,336286.0,3.65601,0.0201,24712.246075086005,3.11,False,10,13,[],"[[6, 4], [2, 6], [4, 3]]"
lightweight_cipher,7,5,30.426864919856317,True,0.8,336294.0,3.72021,0.01978,24746.447488417198,5.26,False,10,13,[],"[[6, 4], [5, 4], [7, 3]]"
lightweight_cipher,7,4,30.19853813963872,True,0.8,336306.0,3.64566,0.02025,24827.66097219,5.48,False,10,13,[],"[[6, 4], [4, 2], [5, 4]]"
lightweight_cipher,7,1,30.565163692865504,True,0.8,336317.0,3.51193,0.02091,24697.256039447104,5.87,False,10,13,[],"[[2, 3], [4, 2], [5, 4]]"
lightweight_cipher,7,2,30.46951746155014,True,0.8,336246.0,3.54122,0.02077,24731.2764186924,6.37,False,10,13,[],"[[7, 4], [6, 4], [2, 6]]"
lightweight_cipher,7,3,30.299244095641065,True,0.8,336321.0,3.66012,0.02014,24791.840900992804,6.38,False,10,13,[],"[[2, 3], [6, 4], [3, 5]]"
lightweight_cipher,7,6,33.978637205974785,True,0.8,322293.0,3.41277,0.02135,23483.1186723735,6.35,False,10,13,[],"[[5, 4], [6, 4], [4, 3]]"
lightweight_cipher,7,8,30.449019773550777,True,0.8,336355.0,3.55997,0.02066,24738.567235170998,5.27,False,10,13,[],"[[6, 4], [2, 3], [4, 2]]"
lightweight_cipher,7,9,30.72859798264071,True,0.8,336305.0,3.55479,0.02061,24639.1241460795,4.59,False,10,13,[],"[[5, 3], [3, 5], [2, 3]]"
lightweight_cipher,7,7,30.267462106613795,True,0.8,336337.0,3.61672,0.02039,24803.145427109597,8.23,False,10,13,[],"[[6, 4], [4, 2], [7, 2]]"
mkDelayWorker32B,7,1,-6.269456051466165,True,0.9,6925390.0,7.73234,0.1682,9007020.872939318,39.23,False,49,54,[],"[[44, 9], [41, 37], [18, 5], [14, 10], [47, 35], [8, 18], [3, 34], [47, 24], [13, 17], [32, 36], [20, 12], [17, 15], [30, 36], [6, 19], [17, 23], [33, 17], [12, 14], [40, 36], [37, 37], [19, 12], [19, 30], [14, 39], [42, 18], [45, 19], [26, 42], [43, 5], [40, 7], [13, 3], [11, 36], [8, 41], [22, 5], [31, 41], [31, 26], [10, 27], [27, 29], [11, 14], [7, 11], [40, 23], [3, 8], [15, 15], [9, 16], [34, 41], [22, 26]]"
mkDelayWorker32B,7,3,-2.023851285213706,True,0.9,6637390.0,8.85053,0.1472,8647178.52341824,41.15,False,46,51,[],"[[19, 12], [9, 18], [43, 29], [7, 16], [33, 8], [28, 20], [9, 36], [21, 9], [3, 16], [4, 14], [44, 17], [17, 1], [44, 43], [10, 34], [22, 3], [24, 24], [4, 6], [17, 15], [4, 35], [1, 9], [14, 14], [14, 8], [13, 8], [10, 10], [9, 4], [35, 39], [3, 27], [32, 43], [3, 2], [6, 18], [43, 8], [18, 28], [36, 28], [7, 5], [23, 16], [35, 3], [16, 11], [5, 12], [43, 17], [20, 17], [11, 13], [39, 38], [27, 36]]"
mkDelayWorker32B,7,6,-1.3499325485238964,True,0.9,6642440.0,8.10789,0.1595,8590059.5698302,39.38,False,48,53,[],"[[16, 3], [21, 24], [6, 7], [7, 10], [30, 1], [25, 31], [1, 9], [11, 13], [40, 24], [4, 6], [43, 9], [31, 20], [14, 2], [17, 1], [42, 17], [22, 5], [26, 29], [10, 9], [44, 29], [20, 14], [16, 19], [2, 18], [12, 5], [17, 29], [26, 38], [22, 17], [6, 33], [13, 5], [13, 36], [12, 29], [19, 12], [18, 14], [45, 6], [14, 19], [15, 11], [12, 14], [46, 2], [20, 33], [38, 35], [29, 25], [13, 17], [37, 24], [34, 37]]"
mkDelayWorker32B,7,2,-23.63991019658479,True,0.9,7654020.0,8.67081,0.1579,10479278.74336398,44.97,False,50,56,[],"[[13, 37], [27, 8], [3, 29], [29, 33], [40, 33], [48, 26], [36, 24], [13, 5], [32, 29], [19, 12], [24, 21], [38, 40], [17, 16], [48, 6], [7, 16], [10, 19], [22, 40], [43, 9], [22, 10], [38, 12], [12, 43], [9, 18], [1, 9], [8, 35], [15, 25], [22, 3], [27, 40], [43, 38], [18, 19], [4, 5], [14, 2], [9, 36], [24, 32], [45, 43], [27, 32], [1, 34], [8, 27], [7, 10], [47, 16], [21, 20], [5, 15], [21, 6], [48, 37]]"
mkDelayWorker32B,7,5,-14.892250496905977,True,0.9,7352400.0,7.79086,0.17,9737858.240880001,48.33,False,50,56,[],"[[8, 28], [17, 16], [35, 39], [13, 14], [7, 5], [48, 25], [2, 37], [15, 43], [25, 19], [7, 16], [34, 21], [45, 20], [34, 15], [3, 1], [46, 20], [26, 28], [38, 25], [13, 4], [21, 6], [45, 9], [45, 38], [19, 12], [10, 9], [27, 14], [12, 15], [3, 33], [7, 34], [15, 11], [39, 38], [37, 12], [18, 19], [22, 17], [1, 9], [12, 41], [37, 34], [16, 23], [47, 19], [12, 5], [11, 13], [4, 25], [19, 5], [17, 1], [36, 29]]"
mkDelayWorker32B,7,7,-11.55799184381752,True,0.9,7253800.0,8.58124,0.1519,9455258.3443528,44.09,False,47,52,[],"[[9, 5], [25, 23], [6, 39], [30, 39], [32, 16], [1, 9], [4, 28], [40, 9], [15, 8], [37, 24], [31, 36], [19, 30], [7, 11], [28, 18], [2, 18], [17, 15], [16, 35], [2, 11], [40, 1], [2, 25], [29, 8], [19, 12], [5, 31], [23, 22], [26, 41], [45, 30], [44, 42], [7, 2], [35, 26], [27, 5], [12, 4], [37, 4], [28, 6], [11, 13], [20, 5], [36, 41], [10, 15], [22, 17], [17, 34], [34, 4], [14, 14], [12, 33], [44, 17]]"
mkDelayWorker32B,7,8,-28.967746608669113,True,0.9,8007210.0,8.3341,0.1638,10930847.195431799,47.75,False,50,56,[],"[[17, 22], [10, 29], [22, 40], [41, 32], [34, 28], [48, 34], [14, 27], [47, 7], [19, 12], [42, 33], [17, 15], [20, 40], [42, 17], [41, 23], [44, 42], [47, 29], [13, 17], [44, 3], [1, 9], [46, 30], [38, 36], [20, 16], [15, 11], [28, 26], [42, 9], [21, 1], [43, 16], [6, 21], [29, 40], [48, 23], [14, 14], [18, 14], [10, 19], [24, 25], [7, 1], [40, 7], [32, 5], [11, 17], [46, 10], [47, 18], [9, 14], [3, 27], [39, 42]]"
mkDelayWorker32B,7,9,-34.766823555794836,True,0.9,8378820.0,8.1339,0.1676,11422356.318064801,47.76,False,50,56,[],"[[15, 11], [7, 26], [35, 34], [7, 19], [1, 9], [21, 9], [18, 19], [5, 26], [6, 6], [14, 19], [46, 35], [19, 12], [11, 17], [43, 8], [30, 36], [13, 32], [28, 24], [39, 4], [10, 17], [36, 8], [13, 14], [48, 21], [41, 38], [37, 29], [10, 28], [5, 18], [16, 21], [7, 7], [30, 21], [44, 20], [34, 29], [29, 19], [23, 19], [11, 6], [43, 35], [23, 39], [11, 42], [20, 39], [19, 27], [48, 31], [12, 3], [9, 4], [35, 22]]"
mkDelayWorker32B,7,0,-19.014204415035415,True,0.9,7542460.0,8.4378,0.1585,10087220.384598,54.05,False,49,54,[],"[[17, 15], [45, 35], [23, 36], [42, 13], [16, 36], [10, 5], [24, 6], [15, 25], [30, 12], [46, 36], [19, 12], [47, 30], [21, 27], [25, 29], [6, 34], [3, 1], [24, 36], [20, 41], [35, 1], [31, 9], [47, 38], [7, 5], [17, 33], [11, 43], [33, 8], [2, 12], [12, 2], [1, 9], [22, 32], [7, 16], [24, 26], [8, 10], [31, 41], [28, 13], [41, 25], [13, 39], [4, 13], [35, 33], [9, 5], [14, 19], [15, 11], [13, 1], [5, 37]]"
mkDelayWorker32B,7,4,-9.52147405029006,True,1.0,7102580.0,8.71875,0.1499,9282650.3443125,54.19,False,50,50,[],"[[19, 12], [38, 42], [16, 20], [46, 30], [41, 21], [5, 8], [14, 11], [7, 8], [11, 11], [22, 27], [9, 18], [12, 14], [32, 30], [32, 41], [15, 30], [1, 9], [21, 6], [31, 22], [46, 43], [12, 4], [25, 42], [10, 5], [5, 15], [37, 33], [18, 34], [1, 31], [13, 6], [30, 9], [15, 24], [34, 37], [34, 15], [9, 43], [39, 35], [4, 37], [33, 27], [6, 19], [27, 3], [9, 1], [12, 24], [35, 14], [43, 5], [4, 2], [39, 42]]"
reduction_layer,7,4,-25.210477152890782,True,1.0,12536100.0,7.22479,0.1607,14554709.8699833,177.34,False,44,44,[],"[[19, 12], [24, 6], [16, 20], [3, 16], [41, 21], [5, 8], [14, 11], [7, 8], [11, 11], [22, 27], [9, 18], [12, 14], [32, 30], [36, 30], [15, 30], [1, 9], [21, 6], [31, 22], [8, 6], [12, 4], [2, 18], [10, 5], [5, 15], [37, 33], [18, 34], [1, 31], [13, 6], [30, 9], [15, 24], [34, 37], [34, 15], [40, 21]]"
reduction_layer,7,1,-52.98453493123254,True,0.9,14044900.0,7.75839,0.1632,17783220.471235204,181.72,False,44,49,[],"[[14, 1], [41, 37], [18, 5], [14, 10], [19, 12], [8, 18], [3, 34], [36, 9], [13, 17], [32, 36], [20, 12], [17, 15], [30, 36], [6, 19], [17, 23], [33, 17], [12, 14], [40, 36], [20, 5], [40, 22], [19, 30], [33, 3], [42, 18], [1, 34], [14, 19], [1, 9], [40, 7], [13, 3], [11, 36], [2, 18], [22, 5], [4, 6]]"
reduction_layer,7,0,-48.58417766287714,True,0.9,14248800.0,7.05971,0.1717,17271714.3671016,219.5,False,44,49,[],"[[17, 15], [26, 33], [23, 36], [42, 13], [16, 36], [10, 5], [24, 6], [15, 25], [30, 12], [16, 14], [19, 12], [14, 10], [21, 27], [25, 29], [6, 34], [3, 1], [24, 36], [13, 17], [35, 1], [31, 9], [23, 21], [7, 5], [17, 33], [34, 21], [33, 8], [2, 12], [12, 2], [1, 9], [22, 32], [7, 16], [24, 26], [8, 10]]"
reduction_layer,7,8,-48.72788018478466,True,0.9,14044300.0,7.76651,0.1585,17288418.6282905,194.29,False,44,49,[],"[[17, 22], [10, 29], [26, 24], [41, 32], [34, 28], [23, 25], [14, 27], [11, 17], [19, 12], [42, 33], [17, 15], [19, 27], [42, 17], [41, 23], [7, 16], [28, 6], [13, 17], [12, 5], [1, 9], [14, 14], [38, 36], [20, 16], [15, 11], [28, 26], [42, 9], [21, 1], [12, 14], [6, 21], [24, 12], [10, 14], [7, 10], [18, 14]]"
reduction_layer,7,9,-24.76726783327862,True,0.9,12369700.0,7.5207,0.1559,14503190.354961,199.38,False,41,46,[],"[[15, 11], [7, 26], [35, 34], [7, 19], [1, 9], [21, 9], [18, 19], [5, 26], [6, 6], [14, 19], [14, 28], [19, 12], [11, 17], [26, 32], [30, 36], [13, 32], [28, 24], [39, 4], [10, 17], [36, 8], [13, 14], [33, 37], [12, 5], [37, 29], [10, 28], [5, 18], [16, 21], [7, 7], [30, 21], [12, 24], [34, 29], [29, 19]]"
reduction_layer,7,5,-54.71451731700816,True,0.9,14724100.0,7.22734,0.169,17984316.995086,236.84,False,44,49,[],"[[8, 28], [17, 16], [11, 34], [13, 14], [7, 5], [17, 22], [2, 37], [21, 6], [25, 19], [7, 16], [34, 21], [9, 8], [34, 15], [3, 1], [11, 5], [26, 28], [38, 25], [13, 4], [27, 6], [19, 12], [42, 14], [37, 26], [10, 9], [27, 14], [12, 15], [3, 33], [7, 34], [15, 11], [36, 20], [37, 12], [18, 19], [22, 17]]"
reduction_layer,7,2,-58.250585722148095,True,0.9,14723400.0,7.26393,0.172,18395356.477463998,260.19,False,44,49,[],"[[13, 37], [27, 8], [3, 29], [29, 33], [40, 33], [7, 11], [36, 24], [13, 5], [32, 29], [19, 12], [24, 21], [14, 2], [17, 16], [32, 37], [27, 19], [10, 19], [42, 22], [3, 35], [22, 10], [38, 12], [34, 32], [9, 18], [1, 9], [8, 35], [15, 25], [22, 3], [9, 24], [23, 18], [18, 19], [4, 5], [4, 20], [9, 36]]"
reduction_layer,7,7,-50.47173706926792,True,0.9,14076600.0,7.85441,0.1582,17491127.9509092,288.76,False,42,47,[],"[[9, 5], [25, 23], [5, 33], [13, 14], [32, 16], [1, 9], [4, 28], [40, 9], [15, 8], [37, 24], [31, 36], [19, 30], [7, 11], [28, 18], [2, 18], [17, 15], [16, 35], [2, 11], [40, 1], [2, 25], [29, 8], [19, 12], [30, 29], [23, 22], [39, 30], [21, 9], [18, 19], [7, 2], [35, 26], [27, 5], [12, 4], [37, 4]]"
reduction_layer,7,6,-56.229025761420814,True,0.9,14722200.0,7.44889,0.1656,18160366.4080848,298.64,False,44,49,[],"[[16, 3], [21, 24], [6, 7], [7, 10], [30, 1], [25, 31], [1, 9], [11, 13], [40, 24], [4, 6], [1, 22], [31, 20], [14, 2], [17, 1], [42, 17], [22, 5], [26, 29], [10, 9], [5, 15], [20, 14], [16, 19], [2, 18], [12, 5], [17, 29], [15, 11], [22, 17], [6, 33], [13, 5], [13, 36], [12, 29], [19, 12], [18, 14]]"
reduction_layer,7,3,-7.58486435959221,True,0.9,11281500.0,7.20292,0.1539,12505874.290722001,343.38,False,39,43,[],"[[19, 12], [9, 18], [10, 14], [7, 16], [33, 8], [28, 20], [9, 36], [21, 9], [3, 16], [4, 14], [17, 15], [17, 1], [1, 9], [10, 34], [22, 3], [24, 24], [4, 6], [14, 12], [4, 35], [32, 12], [24, 3], [7, 5], [13, 8], [6, 3], [9, 4], [25, 29], [3, 27], [29, 14], [3, 2], [6, 18], [17, 36], [18, 28]]"
arm_core,7,3,-31.40523382975301,True,0.9,11149200.0,19.4152,0.06962,15070220.048620798,325.51,False,37,41,[],"[[19, 12], [9, 18], [10, 14], [7, 16], [33, 8], [28, 20], [35, 29], [21, 9], [3, 16], [4, 14], [13, 14], [17, 1], [1, 9], [16, 4], [22, 3], [6, 2], [4, 6], [17, 15], [26, 20], [4, 30], [14, 14], [14, 8], [13, 8], [24, 18]]"
arm_core,7,4,-18.33880746999341,True,1.0,10780000.0,18.9804,0.06633,13571695.86696,332.35,False,37,37,[],"[[19, 12], [24, 6], [16, 20], [3, 16], [9, 11], [5, 8], [14, 11], [7, 8], [11, 11], [22, 27], [9, 18], [12, 14], [32, 30], [17, 15], [15, 30], [1, 9], [21, 6], [31, 22], [8, 6], [12, 4], [2, 18], [10, 5], [5, 15], [35, 27]]"
arm_core,7,7,-15.261955900270758,True,0.9,10408500.0,19.3864,0.06551,13218826.891643997,191.79,False,34,38,[],"[[9, 5], [25, 23], [7, 16], [13, 14], [32, 16], [1, 9], [4, 28], [3, 15], [15, 8], [28, 19], [19, 12], [19, 30], [11, 23], [4, 5], [2, 18], [7, 7], [24, 6], [2, 11], [14, 15], [2, 25], [29, 8], [20, 3], [30, 29], [23, 22]]"
arm_core,7,2,-12.474290221350401,True,0.9,10132500.0,19.9131,0.06393,12899123.2239975,344.41,False,34,38,[],"[[7, 4], [27, 8], [3, 29], [21, 9], [11, 18], [7, 11], [15, 7], [13, 5], [32, 29], [19, 12], [24, 21], [14, 2], [17, 16], [27, 14], [26, 22], [10, 19], [3, 9], [1, 9], [22, 10], [21, 18], [24, 1], [9, 18], [10, 5], [20, 4]]"
arm_core,7,5,-26.38654565591616,True,0.9,11052000.0,19.2697,0.06806,14494651.382663999,366.67,False,36,40,[],"[[8, 28], [17, 16], [19, 12], [13, 14], [7, 5], [17, 22], [21, 25], [21, 6], [25, 19], [7, 16], [34, 21], [9, 8], [34, 15], [3, 1], [11, 5], [26, 28], [10, 10], [13, 4], [27, 6], [27, 12], [14, 17], [1, 9], [8, 8], [22, 18]]"
custom_macbuf,42,0,63.606006168341324,True,0.8,233501.0,13.6489,0.005082,16196.495602009798,2.84,False,9,11,"[[2, 2], [2, 6], [3, 6]]","[[7, 2]]"
arm_core,7,1,-23.77139560966788,True,0.9,10745300.0,20.4397,0.06463,14194732.684538301,375.33,False,35,39,[],"[[14, 1], [11, 25], [18, 5], [14, 10], [19, 12], [8, 18], [6, 25], [22, 23], [13, 17], [12, 17], [20, 12], [17, 15], [15, 11], [6, 19], [17, 23], [33, 17], [16, 5], [18, 19], [20, 5], [21, 6], [19, 30], [33, 3], [22, 17], [7, 8]]"
custom_macbuf,42,1,45.624566674862585,True,0.8,313284.0,13.5252,0.005711,24198.813430084796,3.85,False,10,13,"[[5, 6], [7, 2], [2, 1]]","[[3, 5]]"
custom_macbuf,42,2,54.789393260604,True,0.8,283898.0,13.2321,0.005356,20120.1713833848,3.4,False,9,11,"[[7, 1], [3, 2], [2, 1]]","[[6, 2]]"
custom_macbuf,42,3,45.566502606334694,True,0.8,313251.0,13.5174,0.005721,24224.6538045954,3.7,False,10,13,"[[7, 2], [2, 6], [6, 4]]","[[3, 6]]"
custom_macbuf,42,4,28.662641051274406,True,0.5,382869.0,13.4131,0.006182,31747.414856869796,4.25,False,9,18,"[[3, 6], [7, 2], [5, 6]]","[[2, 6]]"
custom_macbuf,42,5,43.548358571759046,True,0.8,324658.0,13.4742,0.005743,25122.792687934798,3.99,False,10,13,"[[6, 2], [2, 5], [4, 4]]","[[3, 6]]"
custom_macbuf,42,6,40.35055688130635,True,0.8,338645.0,13.6115,0.005759,26545.9170983825,2.79,False,10,13,"[[7, 1], [2, 5], [3, 2]]","[[3, 6]]"
custom_macbuf,42,7,45.29290351974648,True,0.8,313235.0,13.6003,0.005715,24346.414181407497,3.64,False,10,13,"[[7, 2], [3, 6], [5, 6]]","[[2, 6]]"
custom_macbuf,42,8,24.68020951404883,True,0.8,396291.0,13.9623,0.006058,33519.7247378994,3.19,False,11,14,"[[5, 4], [7, 1], [3, 3]]","[[6, 7]]"
custom_macbuf,42,9,61.40942760033518,True,0.8,243731.0,14.0253,0.005024,17174.0435809632,2.5,False,9,11,"[[2, 5], [3, 6], [5, 4]]","[[7, 2]]"
arm_core,7,9,-7.1978210105698075,True,0.9,9797930.0,20.2184,0.06206,12293990.91861872,202.53,False,33,37,[],"[[15, 11], [7, 26], [19, 12], [7, 19], [1, 9], [29, 30], [18, 19], [13, 14], [6, 6], [14, 19], [14, 28], [25, 12], [11, 17], [10, 19], [7, 11], [20, 7], [28, 24], [18, 28], [23, 16], [4, 5], [17, 1], [21, 6], [12, 5], [17, 17]]"
arm_core,7,0,-39.91017259711117,True,0.9,12023600.0,18.7142,0.07131,16045609.650607202,431.25,False,37,41,[],"[[17, 15], [7, 10], [14, 21], [29, 2], [15, 7], [10, 5], [24, 6], [15, 25], [30, 12], [20, 1], [19, 12], [14, 10], [21, 27], [25, 29], [9, 18], [3, 1], [22, 17], [13, 17], [35, 1], [31, 9], [23, 21], [11, 20], [22, 5], [34, 21]]"
arm_core,7,6,0.026942372190420994,True,0.9,9652490.0,18.3674,0.06467,11465418.335897421,291.5,False,33,37,[],"[[16, 3], [21, 24], [6, 7], [7, 10], [30, 1], [21, 1], [1, 9], [11, 13], [17, 20], [4, 6], [1, 22], [31, 20], [14, 2], [17, 1], [2, 18], [22, 5], [26, 29], [10, 9], [5, 15], [20, 14], [16, 19], [12, 2], [31, 5], [17, 29]]"
mkDelayWorker32B,42,0,-30.869224657821736,True,0.9,8008020.0,8.95354,0.1547,11092009.70735676,58.94,False,50,56,[],"[[21, 10], [33, 35], [5, 28], [11, 17], [28, 39], [28, 3], [11, 3], [2, 9], [24, 15], [8, 14], [7, 4], [13, 7], [9, 1], [16, 37], [14, 9], [30, 42], [6, 25], [42, 27], [20, 30], [4, 10], [39, 6], [48, 35], [8, 31], [3, 34], [4, 27], [28, 25], [8, 3], [43, 22], [13, 25], [37, 35], [12, 7], [45, 4], [10, 16], [19, 28], [16, 18], [10, 5], [25, 43], [7, 41], [27, 25], [19, 3], [34, 5], [43, 1], [47, 26]]"
mkDelayWorker32B,42,1,-34.18886355448889,True,0.9,8378820.0,8.03668,0.1689,11373370.485362642,58.25,False,50,56,[],"[[29, 4], [2, 27], [11, 4], [21, 1], [25, 35], [7, 20], [21, 16], [10, 7], [41, 28], [18, 34], [16, 23], [1, 3], [23, 5], [28, 7], [22, 8], [37, 35], [11, 18], [21, 10], [31, 18], [40, 4], [48, 15], [31, 35], [12, 5], [47, 11], [35, 10], [19, 25], [15, 30], [17, 22], [7, 14], [29, 14], [10, 33], [13, 17], [45, 23], [14, 1], [23, 42], [40, 40], [1, 39], [9, 26], [44, 40], [2, 18], [29, 25], [19, 43], [6, 5]]"
mkDelayWorker32B,42,2,-26.910566889842013,True,0.9,7892370.0,8.98416,0.1517,10756487.96414064,59.33,False,49,54,[],"[[6, 2], [40, 7], [14, 3], [28, 15], [11, 4], [42, 23], [16, 43], [13, 9], [12, 17], [7, 24], [2, 9], [14, 10], [39, 33], [1, 6], [31, 42], [42, 13], [21, 34], [36, 6], [40, 14], [10, 7], [14, 20], [31, 10], [43, 33], [3, 8], [25, 36], [20, 18], [15, 19], [4, 40], [47, 15], [35, 16], [30, 19], [21, 17], [34, 4], [34, 27], [17, 28], [40, 36], [12, 4], [17, 20], [40, 25], [44, 22], [45, 30], [29, 20], [19, 24]]"
mkDelayWorker32B,42,3,-17.177631565816455,True,0.9,7542990.0,7.76333,0.1696,9931559.006416319,54.57,False,49,54,[],"[[9, 16], [11, 2], [5, 26], [2, 9], [3, 8], [30, 42], [4, 22], [44, 5], [25, 39], [28, 16], [8, 14], [10, 16], [36, 20], [47, 18], [39, 13], [42, 13], [14, 8], [12, 39], [39, 35], [2, 17], [29, 22], [1, 3], [27, 1], [21, 41], [22, 17], [13, 7], [34, 36], [15, 14], [8, 27], [3, 14], [40, 6], [4, 10], [14, 16], [6, 2], [19, 41], [7, 14], [11, 39], [40, 43], [40, 21], [12, 6], [16, 25], [30, 24], [21, 16]]"
mkDelayWorker32B,42,5,-22.087572012634425,True,0.9,7542830.0,9.75025,0.1407,10347708.08379525,51.11,False,49,54,[],"[[10, 18], [4, 7], [10, 5], [34, 7], [44, 24], [47, 21], [46, 12], [30, 19], [20, 18], [11, 2], [13, 7], [14, 10], [44, 16], [34, 22], [31, 36], [40, 7], [18, 36], [42, 11], [38, 32], [33, 10], [7, 36], [19, 10], [37, 7], [31, 3], [8, 14], [14, 19], [32, 5], [1, 4], [3, 8], [2, 2], [43, 43], [14, 3], [37, 24], [5, 1], [43, 22], [2, 18], [27, 13], [39, 7], [27, 21], [21, 1], [17, 10], [17, 41], [28, 29]]"
mkDelayWorker32B,42,4,-22.186951805608228,True,0.9,7654610.0,8.17973,0.1654,10356131.16134662,63.54,False,50,56,[],"[[21, 37], [48, 32], [23, 24], [31, 12], [14, 8], [32, 40], [28, 42], [11, 4], [48, 38], [37, 43], [9, 25], [24, 32], [12, 2], [39, 4], [8, 37], [21, 17], [17, 19], [3, 8], [18, 14], [20, 3], [47, 32], [13, 26], [20, 13], [12, 15], [43, 8], [20, 37], [48, 19], [46, 32], [19, 12], [31, 29], [5, 1], [13, 7], [36, 8], [43, 33], [45, 23], [40, 13], [35, 28], [12, 30], [10, 5], [7, 14], [35, 15], [16, 22], [4, 2]]"
lightweight_cipher,42,0,37.60659336926329,True,0.9,309584.0,3.49515,0.02051,22192.692035976004,3.85,False,10,11,[],"[[7, 4], [2, 2], [8, 4]]"
mkDelayWorker32B,42,7,-13.789968642324096,True,0.9,7210400.0,8.91715,0.15,9644432.753999999,56.37,False,49,54,[],"[[25, 42], [28, 14], [13, 36], [12, 27], [12, 4], [1, 32], [12, 17], [4, 3], [8, 14], [17, 24], [2, 2], [21, 13], [36, 18], [3, 8], [10, 10], [1, 3], [16, 37], [7, 4], [30, 4], [14, 8], [20, 16], [14, 1], [47, 2], [40, 13], [10, 2], [18, 17], [39, 6], [30, 24], [27, 6], [2, 9], [38, 40], [29, 23], [42, 26], [35, 6], [42, 7], [24, 43], [31, 18], [14, 32], [8, 34], [30, 15], [33, 38], [23, 1], [43, 5]]"
lightweight_cipher,42,1,-20.608511408993905,True,0.8,514512.0,3.74398,0.02227,42899.205142915205,4.51,False,13,16,[],"[[3, 5], [6, 2], [11, 4]]"
lightweight_cipher,42,2,30.59681613596244,True,0.8,336241.0,3.54503,0.02071,24685.9975914833,3.86,False,10,13,[],"[[6, 2], [7, 1], [3, 2]]"
lightweight_cipher,42,3,38.278112892059696,True,0.9,310277.0,3.30943,0.02138,21953.8394589118,3.83,False,10,11,[],"[[6, 2], [2, 2], [4, 2]]"
lightweight_cipher,42,4,20.781749416656666,True,0.9,370026.0,3.56837,0.02134,28177.115720410802,3.67,False,12,13,[],"[[7, 6], [6, 2], [3, 1]]"
lightweight_cipher,42,5,1.8947975607299585,True,0.8,436067.0,3.62255,0.02209,34895.009944676494,4.25,False,12,15,[],"[[2, 2], [6, 2], [10, 5]]"
lightweight_cipher,42,6,26.66493558773184,True,0.8,352598.0,3.47152,0.02131,26084.5270009376,5.03,False,10,13,[],"[[6, 2], [7, 1], [8, 4]]"
lightweight_cipher,42,7,30.841702989533577,True,0.8,336181.0,3.41604,0.02142,24598.893860200802,5.16,False,10,13,[],"[[7, 2], [6, 2], [5, 1]]"
lightweight_cipher,42,8,1.3449542617015113,True,0.9,442580.0,3.47595,0.02281,35090.58354231,4.56,False,13,14,[],"[[6, 7], [2, 2], [7, 4]]"
arm_core,7,8,-33.4981349868005,True,0.9,11515300.0,19.1496,0.06943,15310244.5899384,348.61,False,36,40,[],"[[17, 22], [10, 29], [26, 24], [17, 15], [34, 28], [23, 25], [14, 27], [11, 17], [19, 12], [17, 1], [6, 2], [19, 27], [1, 9], [29, 11], [7, 16], [28, 6], [13, 17], [12, 5], [25, 23], [14, 14], [30, 22], [20, 16], [15, 11], [28, 26]]"
lightweight_cipher,42,9,2.7543295112163744,True,0.8,436067.0,3.61701,0.02193,34589.2832837631,6.64,False,12,15,[],"[[10, 5], [6, 2], [2, 2]]"
softmax,7,2,-49.61613806489916,True,0.9,9604570.0,6.52826,0.08539,5354049.503354798,305.29,False,42,47,"[[13, 37], [27, 8], [3, 29], [21, 9], [40, 33], [35, 12], [36, 24], [13, 5]]",[]
mkDelayWorker32B,42,6,-56.73406879645082,True,0.8,9062320.0,9.56837,0.1532,13284221.841378879,79.66,False,50,63,[],"[[12, 4], [13, 38], [6, 38], [27, 1], [2, 32], [19, 35], [27, 17], [9, 6], [1, 11], [15, 14], [35, 23], [22, 32], [11, 4], [6, 7], [11, 29], [13, 9], [46, 26], [19, 6], [34, 33], [48, 4], [5, 2], [35, 15], [43, 27], [17, 7], [20, 14], [2, 9], [8, 14], [32, 31], [14, 10], [4, 10], [48, 15], [43, 4], [48, 41], [22, 41], [44, 22], [21, 16], [10, 5], [29, 21], [20, 41], [48, 21], [41, 18], [30, 37], [5, 17]]"
softmax,7,0,1.6710617572318998,True,0.9,7655040.0,6.31316,0.07281,3518724.7162851836,330.38,False,37,41,"[[17, 15], [26, 33], [23, 36], [29, 2], [16, 36], [10, 5], [24, 6], [15, 25]]",[]
mkDelayWorker32B,42,8,-12.141714784857191,True,0.9,7064400.0,8.29495,0.1622,9504732.623316001,53.77,False,50,56,[],"[[6, 7], [12, 16], [28, 26], [28, 11], [2, 9], [19, 29], [3, 14], [34, 2], [17, 16], [24, 16], [48, 4], [10, 27], [1, 42], [35, 4], [13, 2], [10, 18], [13, 9], [5, 17], [25, 40], [27, 20], [36, 9], [46, 41], [13, 25], [12, 4], [25, 10], [43, 10], [26, 2], [21, 12], [7, 14], [4, 33], [24, 27], [2, 25], [45, 33], [9, 41], [32, 9], [6, 38], [3, 8], [47, 19], [30, 5], [20, 18], [29, 36], [27, 8], [11, 3]]"
mkDelayWorker32B,42,9,-108.60647206617257,True,0.6,11090700.0,8.23448,0.1936,17680742.1242496,54.2,False,50,83,[],"[[42, 1], [22, 7], [12, 5], [29, 34], [7, 4], [45, 21], [25, 22], [2, 9], [2, 20], [35, 40], [6, 3], [30, 39], [5, 14], [19, 6], [13, 7], [25, 34], [43, 6], [18, 40], [20, 28], [8, 19], [2, 27], [48, 16], [18, 15], [45, 8], [3, 8], [31, 42], [15, 19], [32, 11], [12, 18], [21, 13], [38, 25], [36, 5], [19, 25], [37, 25], [38, 35], [14, 11], [40, 17], [16, 39], [44, 43], [14, 20], [10, 8], [15, 8], [48, 40]]"
softmax,7,3,-3.54905684786989,True,0.9,7842960.0,6.39937,0.07383,3705527.916705816,301.79,False,37,41,"[[19, 12], [9, 18], [10, 14], [7, 16], [33, 8], [28, 20], [9, 36], [21, 9]]",[]
softmax,7,1,-66.3709530472728,True,0.9,10531400.0,6.26881,0.09018,5953624.5892741205,390.74,False,43,48,"[[14, 1], [41, 37], [18, 5], [14, 10], [19, 12], [8, 18], [3, 34], [36, 9]]",[]
softmax,7,4,-37.40138009025313,True,1.0,9400090.0,6.24715,0.08373,4916941.449948255,321.08,False,43,43,"[[19, 12], [24, 6], [16, 20], [3, 16], [41, 21], [5, 8], [41, 16], [7, 8]]",[]
softmax,7,9,-2.8196279291236195,True,0.9,7969540.0,6.11991,0.07544,3679425.127323216,305.14,False,37,41,"[[15, 11], [7, 26], [35, 34], [7, 19], [1, 9], [21, 9], [18, 19], [5, 26]]",[]
softmax,7,5,-6.370978452654498,True,0.9,8069600.0,6.16695,0.07649,3806511.0603828,364.29,False,38,42,"[[8, 28], [17, 16], [11, 34], [13, 14], [7, 5], [17, 22], [2, 37], [21, 6]]",[]
softmax,7,7,-62.25405972021497,True,0.9,10304500.0,6.51112,0.08654,5806300.570901601,336.32,False,42,47,"[[9, 5], [25, 23], [5, 33], [13, 14], [32, 16], [1, 9], [4, 28], [40, 9]]",[]
softmax,7,6,10.57569735664102,True,0.9,7251250.0,6.19039,0.07129,3200070.188603875,350.29,False,36,40,"[[16, 3], [21, 24], [6, 7], [7, 10], [30, 1], [25, 31], [1, 9], [11, 13]]",[]
reduction_layer,42,5,-50.77116850385027,True,0.9,14045700.0,7.83781,0.1592,17525934.4443864,165.79,False,44,49,[],"[[10, 18], [4, 7], [10, 5], [34, 7], [33, 29], [8, 14], [27, 15], [30, 19], [20, 18], [11, 2], [13, 7], [14, 10], [19, 1], [34, 22], [31, 36], [40, 7], [18, 36], [42, 11], [38, 32], [33, 10], [7, 36], [19, 10], [37, 7], [31, 3], [12, 6], [14, 19], [32, 5], [1, 4], [3, 8], [2, 2], [36, 25], [6, 2]]"
softmax,7,8,-58.31422847818701,True,0.9,10057500.0,6.40979,0.08788,5665312.761849,363.34,False,43,48,"[[17, 22], [10, 29], [26, 24], [41, 32], [34, 28], [23, 25], [14, 27], [11, 17]]",[]
reduction_layer,42,2,-49.87470389947988,True,0.9,14044400.0,7.68096,0.1615,17421727.651776,220.68,False,44,49,[],"[[6, 2], [40, 7], [14, 3], [28, 15], [11, 4], [42, 23], [36, 22], [13, 9], [12, 17], [7, 24], [2, 9], [14, 10], [39, 33], [1, 6], [37, 23], [42, 13], [21, 34], [36, 6], [40, 14], [10, 7], [14, 20], [31, 10], [3, 13], [1, 12], [25, 36], [20, 18], [15, 19], [21, 17], [4, 29], [35, 16], [30, 19], [6, 9]]"
reduction_layer,42,1,-44.97795847505699,True,0.9,13608300.0,7.81325,0.1585,16852520.4210375,260.34,False,43,48,[],"[[29, 4], [2, 27], [11, 4], [21, 1], [25, 35], [7, 20], [21, 16], [10, 7], [41, 28], [18, 34], [16, 23], [1, 3], [23, 5], [28, 7], [22, 8], [37, 35], [11, 18], [21, 10], [31, 18], [40, 4], [27, 3], [31, 35], [12, 5], [2, 9], [35, 10], [19, 25], [15, 30], [17, 22], [7, 14], [29, 14], [10, 33], [13, 17]]"
reduction_layer,42,7,-36.33393401140765,True,0.9,13182300.0,7.75611,0.155,15847722.172215,248.38,False,42,47,[],"[[7, 9], [28, 14], [13, 36], [12, 27], [12, 4], [1, 32], [12, 17], [4, 3], [8, 14], [17, 24], [2, 2], [21, 13], [36, 18], [3, 8], [10, 10], [1, 3], [16, 37], [22, 27], [30, 4], [14, 8], [20, 16], [14, 1], [11, 3], [40, 13], [10, 2], [18, 17], [39, 6], [30, 24], [27, 6], [2, 9], [8, 26], [29, 23]]"
reduction_layer,42,8,-2.137961140954527,True,0.9,10919200.0,6.83852,0.159,11872715.645856,221.08,False,39,43,[],"[[6, 7], [12, 16], [28, 26], [28, 11], [2, 9], [19, 29], [3, 14], [34, 2], [17, 16], [24, 16], [30, 30], [10, 27], [19, 9], [35, 4], [13, 2], [10, 18], [13, 9], [5, 17], [10, 2], [27, 20], [36, 9], [2, 36], [13, 25], [12, 4], [25, 10], [25, 28], [26, 2], [21, 12], [7, 14], [4, 33], [24, 27], [2, 25]]"
reduction_layer,42,3,-57.96638448553144,True,0.9,14469600.0,7.92152,0.1602,18362320.3718784,281.41,False,44,49,[],"[[9, 16], [20, 15], [5, 26], [2, 9], [3, 8], [35, 27], [4, 22], [26, 24], [29, 8], [28, 16], [8, 14], [10, 16], [36, 20], [1, 28], [39, 13], [42, 13], [14, 8], [11, 3], [39, 35], [2, 17], [29, 22], [1, 3], [27, 1], [36, 28], [22, 17], [13, 7], [34, 36], [15, 14], [8, 27], [3, 14], [40, 6], [4, 10]]"
arm_core,42,0,0.7608486462266997,True,0.9,9532340.0,18.8709,0.06327,11381250.234502621,214.66,False,34,38,[],"[[21, 10], [3, 8], [12, 17], [11, 17], [2, 9], [28, 3], [11, 3], [11, 10], [24, 15], [8, 14], [7, 4], [13, 7], [9, 1], [32, 4], [14, 9], [30, 5], [6, 25], [5, 17], [20, 30], [4, 10], [24, 24], [15, 27], [20, 15], [21, 16]]"
reduction_layer,42,0,-59.36463795919703,True,0.9,14724100.0,7.6066,0.1654,18524856.080524,310.71,False,44,49,[],"[[21, 10], [33, 35], [5, 28], [11, 17], [2, 9], [28, 3], [11, 3], [11, 10], [24, 15], [8, 14], [7, 4], [13, 7], [9, 1], [16, 37], [14, 9], [30, 5], [6, 25], [42, 27], [20, 30], [4, 10], [39, 6], [15, 27], [8, 31], [3, 34], [4, 27], [28, 25], [8, 3], [4, 2], [13, 25], [37, 35], [12, 7], [3, 18]]"
reduction_layer,42,4,-26.967072457713154,True,0.9,12561600.0,7.61453,0.1543,14758899.931406401,318.85,False,41,46,[],"[[21, 37], [5, 12], [23, 24], [31, 12], [14, 8], [16, 29], [11, 1], [5, 30], [1, 2], [21, 13], [9, 25], [24, 32], [12, 2], [39, 4], [8, 37], [9, 5], [17, 19], [3, 8], [18, 14], [20, 3], [31, 28], [13, 26], [20, 13], [12, 15], [3, 25], [20, 37], [2, 9], [15, 14], [19, 12], [20, 30], [5, 1], [13, 7]]"
reduction_layer,42,6,-12.65556475015616,True,0.8,11454700.0,7.83031,0.146,13095302.385722,331.0,False,37,46,[],"[[12, 4], [14, 3], [1, 5], [27, 1], [2, 32], [19, 35], [27, 17], [9, 6], [1, 11], [15, 14], [35, 23], [22, 32], [11, 4], [6, 7], [11, 29], [13, 9], [21, 16], [19, 6], [34, 33], [23, 33], [5, 2], [35, 15], [8, 34], [17, 7], [20, 14], [2, 9], [8, 14], [32, 31], [14, 10], [4, 10], [25, 27], [5, 17]]"
arm_core,42,1,-4.866831970481567,True,0.9,9655160.0,19.8284,0.06282,12026661.24885408,236.21,False,33,37,[],"[[29, 4], [2, 27], [11, 4], [21, 1], [9, 8], [7, 20], [21, 16], [10, 7], [12, 5], [15, 20], [16, 23], [1, 3], [23, 5], [28, 7], [22, 8], [31, 14], [11, 18], [21, 10], [28, 25], [19, 3], [27, 3], [14, 18], [2, 2], [2, 9]]"
reduction_layer,42,9,-92.5190250220317,True,0.8,16622500.0,8.01366,0.168,22378786.6428,317.53,False,44,55,[],"[[42, 1], [22, 7], [12, 5], [29, 34], [7, 4], [32, 16], [25, 22], [2, 9], [2, 20], [12, 15], [6, 3], [21, 16], [5, 14], [19, 6], [13, 7], [25, 34], [8, 19], [39, 2], [20, 28], [3, 8], [2, 27], [40, 7], [18, 15], [4, 34], [39, 30], [4, 24], [15, 19], [26, 5], [21, 10], [7, 14], [38, 25], [36, 5]]"
arm_core,42,2,-35.14627402419623,True,0.9,11681400.0,18.5909,0.07137,15499261.550986202,292.28,False,37,41,[],"[[6, 2], [15, 17], [14, 3], [28, 15], [11, 4], [2, 12], [13, 9], [35, 17], [12, 17], [7, 24], [8, 14], [14, 10], [31, 26], [1, 6], [5, 17], [12, 4], [8, 30], [34, 5], [14, 30], [10, 7], [14, 20], [31, 10], [3, 13], [1, 12]]"
arm_core,42,5,-27.991428757466714,True,0.9,11252800.0,18.7961,0.0694,14678707.533152,318.73,False,36,40,[],"[[10, 18], [4, 7], [10, 5], [34, 7], [33, 29], [8, 14], [27, 15], [30, 19], [20, 18], [11, 2], [13, 7], [14, 10], [19, 1], [34, 22], [7, 22], [6, 16], [14, 24], [3, 9], [6, 5], [33, 10], [12, 4], [19, 10], [27, 26], [31, 3]]"
arm_core,42,3,-38.13418346354833,True,0.9,11681200.0,18.8753,0.07185,15841930.190765997,354.13,False,37,41,[],"[[9, 16], [20, 15], [5, 26], [2, 9], [3, 8], [35, 27], [4, 22], [26, 24], [29, 8], [28, 16], [8, 14], [10, 16], [14, 19], [1, 28], [27, 5], [7, 14], [14, 8], [11, 3], [5, 10], [2, 17], [29, 22], [1, 3], [12, 17], [3, 14]]"
arm_core,42,9,-17.75618469713987,True,0.8,10717000.0,18.5042,0.0681,13504877.72634,235.73,False,34,43,[],"[[10, 5], [22, 7], [12, 5], [19, 7], [7, 4], [32, 16], [25, 22], [2, 9], [2, 20], [12, 15], [6, 3], [21, 16], [5, 14], [27, 2], [13, 7], [11, 4], [8, 19], [20, 16], [20, 28], [14, 10], [2, 27], [31, 30], [18, 15], [29, 5]]"
custom_macbuf,123,0,43.44341547023253,True,0.8,324304.0,13.8789,0.005592,25169.495737075198,3.65,False,10,13,"[[6, 3], [3, 4], [5, 4]]","[[8, 1]]"
custom_macbuf,123,1,67.51308374984205,True,0.8,217922.0,13.3033,0.004987,14457.7206503462,3.04,False,8,10,"[[5, 4], [4, 3], [3, 4]]","[[2, 3]]"
custom_macbuf,123,2,45.2182890558333,True,0.8,313276.0,13.8374,0.005624,24379.6200131776,4.35,False,10,13,"[[3, 4], [5, 4], [8, 4]]","[[2, 3]]"
custom_macbuf,123,3,68.85535488606429,True,0.8,210993.0,13.5028,0.004865,13860.366904146002,1.89,False,8,10,"[[5, 4], [6, 3], [3, 1]]","[[2, 3]]"
custom_macbuf,123,4,59.43509291100128,True,0.8,256780.0,13.1779,0.005335,18052.68589927,2.79,False,9,11,"[[2, 3], [3, 4], [6, 3]]","[[5, 4]]"
custom_macbuf,123,5,56.27810704787489,True,0.8,275064.0,13.5359,0.005226,19457.6459562576,3.0,False,9,11,"[[3, 1], [2, 3], [6, 3]]","[[5, 4]]"
custom_macbuf,123,6,59.28229988640968,True,0.8,256770.0,13.6344,0.005176,18120.683700288,3.35,False,9,11,"[[4, 3], [3, 4], [6, 3]]","[[2, 4]]"
custom_macbuf,123,7,44.91157352555583,True,0.8,313240.0,14.4536,0.005415,24516.118270559997,4.0,False,10,13,"[[5, 4], [3, 4], [1, 8]]","[[2, 3]]"
custom_macbuf,123,9,68.9922059165698,True,0.8,210585.0,13.6633,0.004796,13799.463802278,2.84,False,8,10,"[[5, 4], [2, 4], [4, 3]]","[[6, 3]]"
custom_macbuf,123,8,36.62102211608704,True,0.8,355463.0,14.205,0.005586,28205.679797189998,5.2,False,10,13,"[[2, 3], [1, 8], [4, 3]]","[[5, 4]]"
arm_core,42,7,-38.86949281045215,True,0.9,11893800.0,18.686,0.07166,15926259.203688001,318.45,False,37,41,[],"[[5, 17], [28, 14], [34, 9], [12, 27], [12, 4], [6, 14], [12, 17], [4, 3], [8, 14], [17, 24], [2, 2], [21, 13], [10, 7], [3, 8], [13, 30], [35, 25], [14, 3], [7, 4], [30, 4], [1, 3], [20, 16], [7, 15], [11, 3], [5, 1]]"
softmax,42,0,11.961000718508608,True,0.9,7087340.0,6.39052,0.06956,3150496.774448608,273.22,False,36,40,"[[21, 10], [33, 35], [5, 28], [11, 17], [9, 8], [28, 3], [11, 3], [2, 9]]",[]
mkDelayWorker32B,123,0,5.123867794818164,True,1.0,6264930.0,8.06758,0.1591,8041363.293531539,46.51,False,50,50,[],"[[28, 41], [38, 8], [28, 12], [41, 40], [30, 3], [17, 21], [19, 13], [42, 43], [28, 23], [12, 19], [9, 40], [5, 12], [12, 28], [29, 19], [4, 42], [46, 20], [45, 22], [8, 42], [17, 30], [32, 34], [18, 2], [20, 30], [10, 42], [31, 18], [19, 32], [18, 13], [37, 23], [7, 28], [8, 3], [22, 28], [9, 17], [2, 10], [43, 4], [47, 14], [12, 41], [25, 4], [6, 12], [7, 4], [30, 41], [11, 13], [9, 4], [27, 27], [1, 24]]"
arm_core,42,6,-47.973200714231076,True,0.8,12348400.0,18.564,0.07403,16970318.693328,390.18,False,37,46,[],"[[12, 4], [14, 3], [1, 5], [27, 1], [2, 9], [7, 20], [27, 17], [9, 6], [1, 11], [15, 14], [35, 23], [17, 16], [11, 4], [6, 7], [11, 29], [13, 9], [21, 16], [19, 6], [31, 7], [8, 10], [5, 2], [35, 15], [8, 24], [17, 7]]"
arm_core,42,4,-42.83905103162264,True,0.9,11892700.0,19.4307,0.07089,16381508.3147421,421.04,False,37,41,[],"[[20, 17], [5, 12], [21, 16], [31, 12], [14, 8], [16, 29], [11, 1], [5, 30], [1, 2], [35, 9], [9, 25], [8, 18], [12, 2], [14, 27], [1, 28], [9, 5], [17, 19], [3, 8], [18, 14], [20, 3], [31, 28], [13, 26], [33, 21], [12, 15]]"
mkDelayWorker32B,123,1,-29.644640412653363,True,0.9,8007520.0,8.90485,0.1541,10988218.3051352,50.22,False,50,56,[],"[[13, 8], [38, 36], [20, 1], [9, 3], [8, 16], [45, 22], [6, 15], [7, 34], [18, 13], [14, 13], [44, 17], [39, 10], [26, 28], [3, 10], [18, 6], [43, 34], [10, 33], [24, 17], [8, 42], [13, 2], [46, 15], [1, 17], [11, 39], [9, 13], [28, 6], [7, 9], [34, 11], [44, 43], [37, 8], [29, 23], [4, 42], [7, 23], [40, 38], [4, 29], [39, 23], [25, 16], [32, 5], [48, 26], [47, 20], [29, 30], [32, 35], [32, 16], [15, 40]]"
softmax,42,1,8.010666138315067,True,0.9,7251290.0,6.52817,0.06954,3291860.447984922,296.53,False,36,40,"[[29, 4], [2, 27], [11, 4], [21, 1], [25, 35], [7, 20], [21, 16], [10, 7]]",[]
mkDelayWorker32B,123,3,-12.226208452909475,True,0.9,7064600.0,8.1601,0.165,9511894.005900001,52.57,False,50,56,[],"[[8, 34], [7, 18], [16, 12], [21, 5], [31, 39], [40, 29], [43, 25], [14, 6], [39, 17], [23, 33], [33, 14], [48, 24], [18, 2], [37, 38], [9, 6], [17, 8], [35, 22], [17, 25], [9, 18], [34, 37], [12, 5], [43, 32], [44, 8], [41, 38], [6, 17], [15, 2], [31, 11], [3, 33], [38, 43], [17, 31], [20, 25], [3, 18], [8, 13], [11, 8], [43, 40], [13, 2], [3, 25], [16, 41], [20, 13], [32, 6], [18, 25], [30, 6], [31, 31]]"
mkDelayWorker32B,123,4,-4.567241308806521,True,0.9,6642170.0,9.31134,0.1433,8862747.20967774,46.52,False,48,53,[],"[[7, 42], [15, 18], [23, 15], [14, 8], [44, 7], [10, 6], [16, 20], [38, 24], [18, 7], [5, 6], [21, 7], [10, 38], [33, 40], [1, 19], [11, 4], [7, 18], [10, 12], [46, 35], [36, 19], [39, 24], [19, 15], [28, 28], [41, 41], [25, 11], [12, 5], [44, 30], [11, 16], [1, 43], [5, 36], [19, 9], [29, 12], [45, 24], [15, 30], [24, 27], [9, 15], [29, 19], [22, 33], [36, 4], [35, 38], [17, 14], [22, 10], [37, 20], [18, 13]]"
lightweight_cipher,123,0,27.099809001989822,True,0.8,352537.0,3.60373,0.02041,25929.847007034103,3.81,False,10,13,[],"[[8, 1], [6, 3], [3, 4]]"
mkDelayWorker32B,123,5,-14.380640904951097,True,0.9,7064570.0,8.87626,0.1546,9694496.032727718,52.88,False,50,56,[],"[[5, 37], [6, 20], [34, 18], [4, 12], [20, 23], [45, 26], [15, 16], [8, 35], [11, 19], [48, 4], [6, 36], [29, 29], [16, 43], [12, 11], [45, 41], [30, 38], [30, 29], [18, 2], [19, 9], [19, 34], [43, 40], [24, 3], [24, 22], [46, 3], [7, 16], [14, 10], [5, 26], [26, 38], [31, 22], [6, 13], [40, 5], [15, 3], [41, 17], [10, 5], [44, 14], [16, 36], [21, 25], [15, 32], [32, 41], [37, 28], [39, 30], [35, 36], [33, 22]]"
lightweight_cipher,123,1,30.641384761144348,True,0.8,335854.0,3.59193,0.02045,24670.144990599,5.21,False,10,13,[],"[[2, 3], [5, 4], [8, 3]]"
lightweight_cipher,123,3,30.252366895072335,True,0.8,336223.0,3.6582,0.02017,24808.514638362,3.44,False,10,13,[],"[[2, 3], [5, 4], [6, 6]]"
arm_core,42,8,-48.45875903478522,True,0.9,12170900.0,19.2714,0.07259,17026004.989253398,364.84,False,37,41,[],"[[6, 7], [12, 16], [28, 26], [28, 11], [2, 9], [19, 29], [3, 14], [34, 2], [17, 16], [24, 16], [30, 30], [10, 27], [19, 9], [35, 4], [13, 2], [10, 18], [13, 9], [5, 17], [10, 2], [27, 20], [21, 4], [1, 3], [13, 25], [12, 4]]"
lightweight_cipher,123,2,31.041619503069317,True,0.8,336333.0,3.45626,0.0211,24527.785615638,5.21,False,10,13,[],"[[2, 3], [3, 4], [5, 2]]"
mkDelayWorker32B,123,6,-12.111105775011433,True,0.9,7064530.0,8.45411,0.1591,9502138.31258153,59.0,False,50,56,[],"[[17, 8], [15, 1], [20, 40], [15, 33], [31, 18], [35, 17], [48, 22], [14, 39], [21, 1], [29, 1], [47, 8], [9, 15], [38, 27], [34, 43], [21, 38], [28, 9], [8, 38], [40, 14], [21, 10], [45, 26], [31, 31], [32, 20], [13, 3], [2, 9], [46, 14], [36, 3], [16, 18], [6, 29], [17, 29], [46, 22], [34, 2], [32, 29], [11, 6], [28, 35], [8, 4], [13, 11], [15, 11], [42, 13], [41, 34], [14, 14], [15, 39], [23, 16], [18, 13]]"
lightweight_cipher,123,4,30.29251976412109,True,0.8,336317.0,3.52572,0.02091,24794.232676448402,4.03,False,10,13,[],"[[6, 3], [5, 4], [2, 4]]"
lightweight_cipher,123,8,30.29251976412109,True,0.8,336317.0,3.52572,0.02091,24794.232676448402,0.0,True,10,13,[],"[[6, 3], [5, 4], [2, 4]]"
lightweight_cipher,123,5,30.767083958767216,True,0.8,335834.0,3.56645,0.02056,24625.435080807998,4.91,False,10,13,[],"[[8, 2], [6, 3], [2, 3]]"
softmax,42,2,-57.437938248738426,True,0.9,10057100.0,6.36009,0.08808,5633954.50512312,336.95,False,42,47,"[[6, 2], [40, 7], [14, 3], [28, 15], [11, 4], [2, 12], [36, 22], [13, 9]]",[]
lightweight_cipher,123,7,30.133348587163756,True,0.8,336339.0,3.79683,0.01946,24850.8482245002,6.02,False,10,13,[],"[[2, 4], [7, 3], [3, 4]]"
lightweight_cipher,123,6,30.377302546102154,True,0.8,336315.0,3.55546,0.02071,24764.076314228998,6.96,False,10,13,[],"[[2, 4], [4, 3], [3, 4]]"
lightweight_cipher,123,9,30.5675132051449,True,0.8,336256.0,3.46931,0.02117,24696.4203421312,7.33,False,10,13,[],"[[7, 1], [3, 4], [2, 4]]"
mkDelayWorker32B,123,7,-37.305600335296745,True,0.9,8379280.0,8.64248,0.1607,11637534.002174081,72.4,False,50,56,[],"[[39, 30], [7, 26], [7, 16], [37, 6], [27, 8], [24, 35], [40, 34], [14, 9], [14, 36], [39, 24], [40, 10], [47, 10], [45, 1], [17, 10], [9, 42], [10, 14], [35, 20], [40, 42], [47, 19], [4, 4], [26, 35], [16, 3], [34, 28], [3, 17], [8, 8], [11, 19], [33, 12], [9, 17], [48, 35], [19, 20], [42, 1], [46, 36], [5, 41], [18, 6], [19, 40], [46, 8], [12, 17], [39, 18], [35, 6], [20, 33], [43, 24], [12, 2], [10, 43]]"
mkDelayWorker32B,123,8,-17.969441904764707,True,0.9,7543100.0,8.35248,0.1587,9998670.0326256,52.48,False,49,54,[],"[[20, 38], [32, 16], [11, 12], [10, 25], [31, 24], [9, 9], [12, 18], [23, 25], [6, 35], [24, 42], [41, 10], [8, 14], [36, 34], [39, 34], [15, 31], [37, 19], [25, 43], [9, 15], [1, 9], [21, 5], [7, 25], [15, 2], [30, 11], [11, 18], [18, 7], [10, 14], [12, 10], [8, 4], [46, 6], [44, 27], [3, 29], [16, 3], [13, 10], [31, 5], [47, 24], [28, 24], [7, 6], [27, 2], [14, 35], [27, 29], [25, 13], [32, 28], [18, 17]]"
mkDelayWorker32B,123,9,-13.603808292836753,True,0.9,7064260.0,9.02058,0.1511,9628654.465337882,46.95,False,50,56,[],"[[45, 25], [1, 40], [2, 15], [29, 19], [3, 10], [48, 18], [10, 37], [20, 39], [12, 19], [32, 23], [27, 26], [12, 28], [32, 30], [10, 31], [45, 18], [34, 1], [30, 24], [29, 2], [19, 12], [36, 32], [7, 32], [2, 22], [9, 19], [16, 31], [5, 16], [16, 6], [35, 13], [17, 34], [42, 29], [42, 10], [44, 29], [19, 40], [28, 3], [40, 3], [46, 3], [14, 15], [18, 2], [5, 37], [1, 20], [9, 35], [35, 7], [17, 26], [11, 7]]"
softmax,42,6,2.9015810402418563,True,0.8,7544330.0,6.5089,0.07076,3474690.2876381204,288.61,False,34,43,"[[12, 4], [13, 38], [6, 38], [27, 1], [2, 32], [19, 35], [27, 17], [9, 6]]",[]
softmax,42,4,-15.715347078121184,True,0.9,8495050.0,6.14767,0.07929,4140901.540216215,330.39,False,39,43,"[[21, 37], [27, 38], [23, 24], [31, 12], [14, 8], [16, 29], [11, 1], [5, 30]]",[]
softmax,42,3,0.5596741563763411,True,0.9,7655100.0,6.35566,0.07314,3558495.9890192403,358.75,False,37,41,"[[9, 16], [11, 2], [5, 26], [2, 9], [3, 8], [35, 27], [4, 22], [26, 24]]",[]
softmax,42,7,1.9568959534701593,True,0.9,7655030.0,6.17856,0.07418,3508496.070791424,300.07,False,37,41,"[[7, 9], [28, 14], [13, 36], [12, 27], [12, 4], [1, 32], [12, 17], [4, 3]]",[]
softmax,42,5,-23.81484678878359,True,0.9,8844100.0,6.37383,0.0786,4430744.0863758,357.33,False,39,43,"[[10, 18], [4, 7], [10, 5], [34, 7], [33, 29], [6, 38], [18, 38], [30, 19]]",[]
softmax,42,8,11.984066719510938,True,0.9,7087310.0,6.37604,0.0697,3149671.3520522797,296.13,False,36,40,"[[6, 7], [12, 16], [28, 26], [28, 11], [2, 9], [19, 29], [3, 14], [34, 2]]",[]
mkDelayWorker32B,123,2,-7489.474360974883,True,0.1,71589200.0,21.4295,0.4193,643256835.25502,252.2,False,50,500,[],"[[15, 3], [23, 3], [23, 43], [8, 4], [24, 14], [2, 41], [22, 33], [23, 13], [17, 1], [26, 32], [31, 11], [35, 38], [20, 7], [24, 23], [1, 9], [21, 18], [15, 19], [42, 3], [1, 42], [28, 39], [10, 1], [10, 14], [10, 25], [6, 30], [4, 36], [48, 1], [8, 13], [7, 16], [4, 25], [39, 15], [35, 9], [19, 43], [20, 13], [42, 10], [36, 38], [29, 12], [7, 43], [43, 11], [14, 15], [19, 16], [33, 36], [20, 1], [27, 37]]"
softmax,42,9,7.467658786961517,True,0.8,7363680.0,6.2857,0.07154,3311292.0967190405,306.64,False,34,43,"[[10, 5], [22, 7], [12, 5], [29, 34], [7, 4], [32, 16], [25, 22], [2, 9]]",[]
reduction_layer,123,8,-41.99661387424645,True,0.9,13819700.0,7.17776,0.1664,16505963.1147008,189.67,False,43,48,[],"[[14, 22], [32, 16], [11, 12], [10, 25], [31, 24], [19, 13], [12, 18], [23, 25], [6, 35], [14, 33], [41, 10], [8, 14], [36, 34], [39, 34], [15, 31], [37, 19], [18, 14], [9, 15], [1, 9], [21, 5], [7, 25], [15, 2], [30, 11], [11, 18], [18, 7], [10, 14], [12, 10], [8, 4], [34, 14], [7, 13], [3, 29], [16, 3]]"
reduction_layer,123,1,-24.183525698410612,True,0.9,12561500.0,7.31026,0.1572,14435335.031628001,213.6,False,41,46,[],"[[13, 8], [38, 36], [20, 1], [9, 3], [8, 16], [7, 13], [6, 15], [7, 34], [18, 13], [14, 13], [18, 7], [39, 10], [26, 28], [3, 10], [10, 17], [15, 9], [10, 33], [24, 17], [23, 28], [13, 2], [17, 30], [17, 13], [32, 8], [9, 13], [1, 9], [10, 5], [34, 11], [12, 5], [37, 8], [29, 23], [12, 18], [7, 23]]"
arm_core,123,0,-53.83492345365597,True,0.9,12531000.0,19.6061,0.07181,17642570.847771,196.7,False,37,41,[],"[[8, 1], [23, 5], [28, 12], [22, 4], [12, 18], [17, 21], [16, 18], [5, 12], [28, 23], [13, 14], [5, 5], [35, 29], [12, 28], [29, 19], [21, 8], [20, 16], [8, 18], [33, 28], [17, 30], [11, 17], [18, 2], [20, 30], [12, 5], [31, 18]]"
reduction_layer,123,5,-30.55816844196363,True,0.9,12982700.0,7.21584,0.162,15176335.926816,223.55,False,42,47,[],"[[5, 37], [6, 20], [34, 18], [4, 12], [20, 23], [16, 14], [15, 16], [8, 35], [11, 19], [9, 10], [6, 36], [29, 29], [9, 16], [12, 11], [22, 3], [38, 12], [30, 29], [18, 2], [19, 9], [19, 34], [25, 25], [24, 3], [24, 22], [23, 15], [7, 16], [14, 10], [5, 26], [10, 14], [31, 22], [6, 13], [40, 5], [15, 3]]"
reduction_layer,123,6,-34.148307441241116,True,0.9,12981300.0,7.93946,0.1513,15593660.6804274,226.63,False,42,47,[],"[[17, 8], [15, 1], [17, 28], [15, 33], [31, 18], [35, 17], [12, 17], [6, 12], [21, 1], [29, 1], [12, 1], [9, 15], [38, 27], [3, 20], [18, 18], [28, 9], [1, 25], [40, 14], [21, 10], [20, 33], [31, 31], [32, 20], [13, 3], [2, 9], [11, 2], [36, 3], [16, 18], [6, 29], [23, 8], [14, 3], [34, 2], [32, 29]]"
reduction_layer,123,3,-59.00014324386545,True,0.9,14250100.0,8.61799,0.1505,18482486.504499502,245.93,False,44,49,[],"[[8, 34], [7, 18], [16, 12], [21, 5], [29, 13], [40, 29], [4, 26], [36, 23], [39, 17], [23, 33], [33, 14], [10, 20], [18, 2], [31, 19], [9, 6], [17, 8], [35, 22], [17, 25], [9, 18], [34, 37], [12, 5], [16, 6], [13, 25], [40, 6], [6, 17], [15, 2], [31, 11], [3, 33], [42, 21], [17, 31], [14, 2], [3, 18]]"
reduction_layer,123,4,-44.382497768633904,True,0.9,13820600.0,7.51001,0.1617,16783302.9081102,246.97,False,43,48,[],"[[40, 11], [15, 18], [23, 15], [14, 8], [39, 34], [10, 6], [16, 20], [38, 24], [18, 7], [5, 6], [21, 7], [36, 36], [11, 11], [5, 17], [11, 4], [7, 18], [10, 12], [41, 15], [36, 19], [33, 35], [19, 15], [28, 28], [9, 9], [25, 11], [12, 5], [10, 33], [35, 20], [34, 31], [5, 36], [19, 9], [29, 12], [15, 33]]"
arm_core,123,1,-2.466034281212102,True,0.9,9845460.0,18.5367,0.06439,11751325.568416981,221.71,False,34,38,[],"[[13, 8], [7, 16], [20, 1], [9, 3], [8, 16], [10, 26], [6, 15], [6, 27], [18, 13], [14, 13], [18, 7], [9, 15], [26, 28], [3, 10], [10, 17], [15, 9], [20, 16], [24, 17], [23, 28], [13, 2], [1, 9], [17, 13], [32, 8], [7, 8]]"
reduction_layer,123,7,-69.08321090239544,True,0.9,14997400.0,8.32612,0.1574,19654561.9386512,247.33,False,44,49,[],"[[39, 30], [7, 26], [7, 16], [37, 6], [27, 8], [24, 35], [40, 34], [14, 9], [14, 36], [39, 24], [40, 10], [19, 9], [6, 12], [17, 10], [10, 24], [10, 14], [35, 20], [12, 35], [3, 16], [4, 4], [26, 35], [16, 3], [34, 28], [1, 20], [8, 8], [11, 19], [33, 12], [9, 17], [5, 17], [19, 20], [42, 1], [12, 5]]"
reduction_layer,123,0,-14.37560055486801,True,0.9,11494600.0,7.95496,0.1454,13295242.699606398,282.57,False,40,44,[],"[[8, 1], [38, 8], [28, 12], [22, 4], [12, 18], [17, 21], [19, 13], [5, 12], [28, 23], [13, 14], [5, 5], [35, 29], [12, 28], [29, 19], [21, 8], [17, 33], [33, 18], [33, 28], [3, 10], [32, 34], [18, 2], [20, 30], [19, 37], [31, 18], [9, 10], [18, 13], [37, 23], [7, 28], [23, 9], [22, 28], [9, 17], [2, 10]]"
arm_core,123,2,-31.55677228924271,True,0.9,11485000.0,19.1331,0.06866,15087599.24931,250.47,False,37,41,[],"[[15, 3], [23, 3], [5, 2], [8, 4], [24, 14], [20, 6], [9, 11], [23, 13], [17, 1], [16, 11], [31, 11], [18, 13], [14, 9], [24, 23], [1, 9], [21, 18], [15, 19], [35, 14], [33, 11], [5, 14], [10, 1], [10, 14], [10, 25], [19, 16]]"
reduction_layer,123,9,-46.9074889365983,True,0.9,14045500.0,7.34635,0.1655,17076812.8020875,293.45,False,44,49,[],"[[33, 15], [27, 32], [2, 15], [29, 19], [3, 10], [12, 19], [10, 37], [26, 22], [10, 9], [32, 23], [27, 26], [12, 28], [32, 30], [10, 31], [10, 3], [34, 1], [30, 24], [29, 2], [19, 12], [36, 32], [7, 32], [2, 22], [9, 19], [16, 31], [5, 16], [16, 6], [35, 13], [17, 34], [42, 29], [42, 10], [21, 14], [13, 9]]"
arm_core,123,4,-21.314791872632142,True,0.9,10866800.0,19.1751,0.06677,13912996.8829236,274.76,False,36,40,[],"[[2, 26], [15, 18], [23, 15], [14, 8], [4, 10], [10, 6], [16, 20], [1, 9], [18, 7], [5, 6], [21, 7], [12, 5], [22, 16], [5, 17], [11, 4], [7, 18], [12, 19], [10, 14], [21, 13], [34, 12], [19, 15], [28, 28], [9, 9], [25, 11]]"
arm_core,123,3,-46.880408504219936,True,0.9,12024300.0,19.6951,0.07113,16844991.7288509,443.53,False,37,41,[],"[[15, 11], [7, 18], [16, 12], [21, 5], [29, 13], [21, 26], [4, 26], [11, 13], [27, 9], [9, 15], [33, 14], [10, 20], [18, 2], [31, 19], [9, 6], [17, 8], [35, 22], [17, 25], [27, 22], [18, 17], [12, 5], [14, 15], [13, 25], [5, 14]]"
arm_core,123,6,-38.08788181166952,True,0.9,11893200.0,18.2933,0.07279,15836620.082012396,331.78,False,37,41,[],"[[17, 8], [15, 1], [17, 28], [8, 1], [31, 18], [35, 17], [9, 16], [6, 12], [21, 1], [29, 1], [19, 16], [8, 19], [10, 30], [3, 20], [18, 18], [28, 9], [1, 25], [15, 16], [21, 10], [9, 5], [4, 13], [32, 20], [13, 3], [5, 17]]"
softmax,123,1,-28.310864818474577,True,0.9,8931130.0,6.38336,0.08054,4591635.173462272,312.92,False,40,44,"[[13, 8], [38, 36], [20, 1], [16, 7], [8, 16], [1, 14], [6, 15], [7, 34]]",[]
arm_core,123,7,-44.09596547232896,True,0.9,12023100.0,19.283,0.07128,16525657.650744,368.74,False,37,41,[],"[[5, 10], [7, 26], [7, 16], [1, 4], [27, 8], [30, 24], [27, 18], [14, 9], [10, 22], [8, 22], [10, 9], [19, 9], [6, 12], [17, 10], [18, 17], [23, 17], [35, 20], [9, 7], [3, 16], [4, 4], [19, 16], [16, 3], [34, 28], [11, 17]]"
arm_core,123,9,-31.60202357882203,True,0.9,11376300.0,19.0097,0.06979,15092788.8971769,338.58,False,36,40,[],"[[33, 15], [10, 18], [2, 15], [29, 19], [3, 10], [12, 19], [16, 12], [26, 22], [10, 9], [32, 23], [27, 26], [12, 28], [32, 30], [21, 8], [10, 3], [34, 1], [9, 17], [29, 2], [19, 12], [32, 3], [20, 19], [2, 22], [18, 14], [28, 21]]"
arm_core,123,8,-8.744878683072821,True,0.9,10132700.0,18.8543,0.06528,12471415.3550208,366.73,False,34,38,[],"[[14, 22], [32, 16], [11, 12], [10, 25], [31, 24], [19, 13], [12, 18], [23, 25], [29, 21], [8, 4], [7, 10], [8, 14], [24, 14], [1, 9], [7, 26], [13, 8], [18, 14], [9, 15], [17, 13], [21, 5], [18, 2], [15, 2], [30, 11], [11, 18]]"
arm_core,123,5,-34.84838509593521,True,0.9,11515600.0,19.5341,0.06875,15465098.13475,430.04,False,36,40,[],"[[28, 13], [6, 20], [34, 18], [4, 12], [20, 23], [16, 14], [15, 16], [18, 15], [11, 19], [9, 10], [10, 13], [29, 29], [9, 16], [12, 11], [19, 16], [1, 4], [30, 29], [18, 2], [19, 9], [8, 3], [22, 8], [24, 3], [24, 22], [23, 15]]"
softmax,123,6,-2.219165376539582,True,1.1,7706290.0,6.48455,0.0732,3657937.4303874,289.44,False,42,38,"[[17, 8], [15, 1], [17, 28], [15, 33], [31, 18], [35, 17], [18, 4], [24, 32]]",[]
softmax,123,3,-260.1033170733523,True,1.8,16333600.0,6.25158,0.1262,12886383.8545056,323.59,False,77,43,"[[8, 34], [7, 18], [16, 12], [34, 33], [29, 13], [40, 29], [8, 38], [14, 6]]",[]
softmax,123,4,-96.81390001903837,True,1.5,11563600.0,6.49466,0.09378,7043032.772261281,339.88,False,58,39,"[[40, 11], [15, 18], [23, 15], [1, 2], [39, 34], [10, 6], [16, 20], [38, 24]]",[]
softmax,123,7,-38.493610720426666,True,1.2,9331450.0,6.25056,0.08497,4956027.1858766405,327.47,False,48,40,"[[39, 30], [7, 26], [41, 19], [37, 6], [27, 8], [24, 35], [40, 34], [14, 9]]",[]
softmax,123,5,-549.6146367279703,True,0.3,22324000.0,6.3612,0.1637,23246616.094560005,378.27,False,36,120,"[[5, 37], [6, 20], [34, 18], [4, 12], [20, 23], [16, 14], [18, 13], [8, 35]]",[]
reduction_layer,123,2,-5874.044251544518,True,0.1,134179000.0,8.13236,0.6364,694434545.804816,672.41,False,44,440,[],"[[15, 3], [23, 3], [5, 2], [8, 4], [24, 14], [20, 6], [22, 33], [23, 13], [17, 1], [26, 32], [31, 11], [9, 10], [10, 36], [24, 23], [1, 9], [21, 18], [15, 19], [42, 3], [16, 20], [18, 9], [10, 1], [10, 14], [10, 25], [19, 16], [4, 36], [6, 37], [8, 13], [7, 16], [4, 25], [39, 15], [35, 9], [6, 16]]"
softmax,123,2,-1817.0920816943528,True,0.1,37499500.0,8.76595,0.2087,68603601.4606175,406.26,False,26,260,"[[15, 3], [23, 3], [1, 4], [7, 30], [24, 14], [20, 6], [9, 11], [23, 13]]",[]
softmax,123,8,-200.79305356754514,True,0.4,14487200.0,6.36673,0.1167,10763951.8028952,250.92,False,34,85,"[[20, 38], [32, 16], [11, 12], [10, 25], [31, 24], [9, 9], [12, 18], [23, 25]]",[]
softmax,123,9,-129.22131105245194,True,0.5,12528100.0,6.35677,0.103,8202739.774411,190.53,False,35,70,"[[33, 15], [27, 32], [11, 10], [29, 19], [3, 10], [12, 19], [10, 37], [26, 22]]",[]
softmax,123,0,-8852.030664124182,True,0.1,69574400.0,12.6774,0.3632,320350571.4769921,520.1,False,40,400,"[[8, 1], [38, 8], [28, 12], [22, 4], [30, 3], [17, 21], [19, 13], [5, 12]]",[]
