circuit,floorplan,vpr_seed,area_mwta,delay_ns,power_w,adp,vtr_seconds,vtr_success,aspect_ratio,grid_w,grid_h
custom_macbuf,policy_seed42,3,243685.0,13.0405,0.005332,16943.89226101,1.47,True,0.8,9,11
custom_macbuf,policy_seed42,1,256464.0,13.5217,0.005193,18008.437392878397,1.57,True,0.8,9,11
custom_macbuf,policy_seed42,2,243685.0,13.9507,0.005054,17181.458769293,1.62,True,0.8,9,11
custom_macbuf,policy_seed42,4,243685.0,13.3419,0.005271,17137.1853718065,1.67,True,0.8,9,11
custom_macbuf,baseline,1,488146.0,14.3481,0.006354,44503.210274000405,1.78,True,,14,14
custom_macbuf,baseline,4,447080.0,13.8931,0.006366,39541.308624168,1.93,True,,14,14
custom_macbuf,baseline,2,488146.0,14.0298,0.006451,44180.2589334108,1.93,True,,14,14
custom_macbuf,baseline,5,447080.0,13.8492,0.006397,39608.307049392,2.45,True,,14,14
custom_macbuf,policy_seed42,5,243685.0,13.7896,0.005108,17164.507797008,2.36,True,0.8,9,11
custom_macbuf,baseline,3,467360.0,14.0636,0.006444,42354.891834624,2.45,True,,14,14
mkDelayWorker32B,policy_seed42,4,3771980.0,6.51553,0.1554,3819180.15119676,24.23,True,0.9,34,38
mkDelayWorker32B,policy_seed42,3,3771980.0,6.90773,0.1473,3838022.1984154196,24.91,True,0.9,34,38
mkDelayWorker32B,policy_seed42,5,3771980.0,7.04348,0.1447,3844370.16540088,25.01,True,0.9,34,38
mkDelayWorker32B,policy_seed42,2,3771980.0,6.63358,0.1527,3820818.3371986803,26.88,True,0.9,34,38
lightweight_cipher,baseline,1,447080.0,3.55966,0.02235,35568.969919079995,2.82,True,,14,14
lightweight_cipher,baseline,2,447080.0,3.45182,0.02295,35417.35078452,3.12,True,,14,14
mkDelayWorker32B,policy_seed42,1,3771980.0,6.62671,0.153,3824360.0906273997,28.19,True,0.9,34,38
lightweight_cipher,baseline,3,467360.0,3.43697,0.02314,37169.835203488,3.92,True,,14,14
mkDelayWorker32B,baseline,2,6865840.0,7.81912,0.1574,8449991.747889921,32.05,True,,50,50
mkDelayWorker32B,baseline,1,6865840.0,7.95916,0.1551,8475644.09154144,32.25,True,,50,50
mkDelayWorker32B,baseline,4,6865840.0,6.67121,0.1788,8189658.73139232,32.21,True,,50,50
lightweight_cipher,baseline,4,467360.0,3.87397,0.02072,37514.360189824,3.16,True,,14,14
lightweight_cipher,policy_seed42,1,300614.0,3.55856,0.02004,21437.8492350336,2.35,True,0.9,10,11
lightweight_cipher,baseline,5,447080.0,3.8784,0.02076,35996.90729472,3.55,True,,14,14
lightweight_cipher,policy_seed42,2,300614.0,3.61452,0.0198,21514.191242544002,2.58,True,0.9,10,11
lightweight_cipher,policy_seed42,3,310224.0,3.33046,0.0213,22006.917670752,2.53,True,0.9,10,11
lightweight_cipher,policy_seed42,5,310224.0,3.42369,0.02081,22102.525884513598,2.14,True,0.9,10,11
lightweight_cipher,policy_seed42,4,300614.0,3.48978,0.02035,21348.711352121998,2.68,True,0.9,10,11
mkDelayWorker32B,baseline,3,6865840.0,8.34913,0.1492,8552709.57530464,34.75,True,,50,50
mkDelayWorker32B,baseline,5,6865840.0,7.7958,0.1573,8419437.743745599,35.38,True,,50,50
reduction_layer,policy_seed42,5,8757140.0,7.64106,0.1331,8906231.06161404,127.83,True,0.9,32,36
reduction_layer,policy_seed42,4,8757140.0,7.76146,0.1315,8937817.2249086,132.39,True,0.9,32,36
reduction_layer,policy_seed42,1,8855260.0,7.84714,0.1313,9123835.44877532,142.16,True,0.9,32,36
reduction_layer,policy_seed42,2,8603890.0,7.63477,0.1334,8762875.41545702,185.45,True,0.9,32,36
reduction_layer,policy_seed42,3,8855260.0,7.99531,0.1292,9147430.90891352,189.75,True,0.9,32,36
reduction_layer,baseline,2,10459100.0,7.25964,0.148,11237536.507152,198.64,True,,44,44
reduction_layer,baseline,3,10687300.0,7.49501,0.1452,11630726.238159599,215.34,True,,44,44
reduction_layer,baseline,5,10687300.0,7.06136,0.1505,11357764.345564,221.86,True,,44,44
reduction_layer,baseline,1,10687300.0,7.50631,0.1449,11624194.8764487,226.05,True,,44,44
reduction_layer,baseline,4,10687300.0,7.09797,0.1501,11386306.030628102,239.41,True,,44,44
arm_core,baseline,2,9941150.0,19.3311,0.06231,11974322.358507149,133.13,True,,37,37
arm_core,baseline,1,9465940.0,19.8096,0.06116,11468508.224067839,161.34,True,,37,37
arm_core,baseline,3,9465940.0,20.1703,0.06055,11560862.942190101,147.86,True,,37,37
arm_core,baseline,5,9005890.0,20.6704,0.05883,10951519.16143248,115.6,True,,37,37
arm_core,baseline,4,9140950.0,19.6586,0.06017,10812445.4877439,143.11,True,,37,37
arm_core,policy_seed42,3,9071620.0,19.8074,0.05897,10596036.597112361,142.66,True,0.9,32,36
arm_core,policy_seed42,4,8960520.0,19.1275,0.05927,10158424.365201002,145.75,True,0.9,32,36
arm_core,policy_seed42,2,9071620.0,19.4721,0.05946,10503222.02254692,160.94,True,0.9,32,36
arm_core,policy_seed42,1,8862920.0,19.4987,0.05851,10111430.11911604,181.11,True,0.9,32,36
arm_core,policy_seed42,5,8960520.0,19.9429,0.05825,10409202.438441003,152.32,True,0.9,32,36
softmax,baseline,1,7896790.0,6.53536,0.06934,3578524.063381696,197.18,True,,43,43
softmax,baseline,3,7108210.0,6.38655,0.06827,3099248.9965493847,194.84,True,,43,43
softmax,baseline,2,7616670.0,6.29748,0.07,3357607.8894120003,196.99,True,,43,43
softmax,baseline,4,7364870.0,6.64046,0.06774,3312900.8831271473,196.84,True,,43,43
softmax,baseline,5,7108210.0,6.48889,0.06782,3128156.318807558,198.04,True,,43,43
softmax,policy_seed42,1,7429290.0,6.44575,0.0707,3385635.3634372503,188.43,True,0.9,36,40
softmax,policy_seed42,2,7251390.0,6.37611,0.07083,3274871.818546107,186.89,True,0.9,36,40
softmax,policy_seed42,3,7429290.0,6.31252,0.07109,3333946.240220772,183.22,True,0.9,36,40
softmax,policy_seed42,4,7429290.0,6.22914,0.07168,3317213.312759808,188.75,True,0.9,36,40
softmax,policy_seed42,5,7549240.0,6.25048,0.07195,3395059.5830526394,180.65,True,0.9,36,40
